file,url,ATC,egfr_range,egfr_min,egfr_max,age,age_min,age_max,recommendation,recommendation_reason,warning,nyre_sec_exists,nested_table
page_00001.html,https://pro.medicin.dk/Medicin/Praeparater/1#a102,A01AA01,NA,NA,NA,NA,NA,NA,NA,NA,NA,False,False
page_00006.html,https://pro.medicin.dk/Medicin/Praeparater/6#a102,D08AC02,NA,NA,NA,NA,NA,NA,NA,NA,NA,False,False
page_00012.html,https://pro.medicin.dk/Medicin/Praeparater/12#a102,R02AA03,NA,NA,NA,NA,NA,NA,NA,NA,NA,False,False
page_00015.html,https://pro.medicin.dk/Medicin/Praeparater/15#a102,D07CA01,NA,NA,NA,NA,NA,NA,NA,NA,NA,False,False
page_00018.html,https://pro.medicin.dk/Medicin/Praeparater/18#a102,C01CA24,NA,NA,NA,NA,NA,NA,NA,NA,NA,False,False
page_00022.html,https://pro.medicin.dk/Medicin/Praeparater/22#a102,N01BB03,<30 ml/min.,[0],[29],NA,NA,NA,forsigtighed,øget bivirkningsrisiko,Forsigtighed tilrådes ved langvarig eller gentagen administration.,True,False
page_00023.html,https://pro.medicin.dk/Medicin/Praeparater/23#a102,N01BB53,<30 ml/min.,[0],[29],NA,NA,NA,forsigtighed,øget bivirkningsrisiko,Forsigtighed tilrådes ved langvarig eller gentagen administration.,True,False
page_00024.html,https://pro.medicin.dk/Medicin/Praeparater/24#a102,N01BB54,<30 ml/min.,[0],[29],NA,NA,NA,forsigtighed,øget bivirkningsrisiko,Forsigtighed tilrådes ved langvarig eller gentagen administration.,True,False
page_00025.html,https://pro.medicin.dk/Medicin/Praeparater/25#a102,"D04AB01, N01BB02",NA,NA,NA,NA,NA,NA,NA,NA,NA,False,False
page_00026.html,https://pro.medicin.dk/Medicin/Praeparater/26#a102,N01BB52,<30 ml/min.,[0],[29],NA,NA,NA,forsigtighed,øget bivirkningsrisiko,Forsigtighed tilrådes ved langvarig eller gentagen administration.,True,False
page_00029.html,https://pro.medicin.dk/Medicin/Praeparater/29#a102,A02AD01,<30 ml/min.,[0],[29],NA,NA,NA,forsigtighed,øget bivirkningsrisiko,Risiko for magnesiumforgiftning.,True,False
page_00031.html,https://pro.medicin.dk/Medicin/Praeparater/31#a102,A02AD01,<30 ml/min.,[0],[29],NA,NA,NA,forsigtighed,monitorering,Tæt monitorering af P-magnesium pga. risiko for magnesiumforgiftning.,True,False
page_00034.html,https://pro.medicin.dk/Medicin/Praeparater/34#a102,A02AA04,<60 ml/min.,[0],[59],NA,NA,NA,forsigtighed,monitorering,Tæt monitorering af P-magnesium pga. risiko for magnesiumforgiftning.,True,False
page_00043.html,https://pro.medicin.dk/Medicin/Praeparater/43#a102,A02BX13,<60 ml/min.,[0],[59],NA,NA,NA,forsigtighed,monitorering,Risiko for forhøjet S-aluminium.,True,False
page_00047.html,https://pro.medicin.dk/Medicin/Praeparater/47#a102,A03BB01,NA,NA,NA,NA,NA,NA,NA,NA,NA,False,False
page_00050.html,https://pro.medicin.dk/Medicin/Praeparater/50#a102,A03AB02,NA,NA,NA,NA,NA,NA,NA,NA,NA,False,False
page_00052.html,https://pro.medicin.dk/Medicin/Praeparater/52#a102,A02BX02,<60 ml/min.,[0],[59],NA,NA,NA,forsigtighed,monitorering,Risiko for forhøjet S-aluminium. Bør ikke anvendes ved dialysekrævende nyreinsufficiens.,True,False
page_00053.html,https://pro.medicin.dk/Medicin/Praeparater/53#a102,A07EC01,<30 ml/min.,[0],[29],NA,NA,NA,kontraindiceret,øget bivirkningsrisiko,Risiko for sulfasalazininduceret nyreskade.,True,False
page_00056.html,https://pro.medicin.dk/Medicin/Praeparater/56#a102,H02AB06,<60 ml/min.,[0],[59],NA,NA,NA,forsigtighed,øget bivirkningsrisiko,"Glukokortikoider kan medføre hypernatriæmi, hypokaliæmi, væskeretention og forhøjelse af blodtrykket.",True,False
page_00058.html,https://pro.medicin.dk/Medicin/Praeparater/58#a102,A03AA04,NA,NA,NA,NA,NA,NA,NA,NA,NA,False,False
page_00068.html,https://pro.medicin.dk/Medicin/Praeparater/68#a102,N05AD01,30-60 ml/min.; <30 ml/min.,"[30, 0]","[60, 29]",NA; NA,"['NA', 'NA']","['NA', 'NA']",forsigtighed; forsigtighed,erfaring savnes; dosisjustering,"Haloperidols farmakokinetik er ikke undersøgt ved nedsat nyrefunktion. Dosisjustering anbefales ikke, men der bør udvises forsigtighed.; Haloperidols farmakokinetik er ikke undersøgt ved nedsat nyrefunktion. Evt. lavere startdosis ved stærkt nedsat nyrefunktion. Efterfølgende dosistitrering efter patientens respons.",True,False
page_00072.html,https://pro.medicin.dk/Medicin/Praeparater/72#a102,R06AE03,NA,NA,NA,NA,NA,NA,NA,NA,NA,False,False
page_00073.html,https://pro.medicin.dk/Medicin/Praeparater/73#a102,R06AD02,<30 ml/min.,[0],[29],NA,NA,NA,forsigtighed,erfaring savnes,Promethazin og dets metabolitter udskilles bl.a. via urinen. Manglende erfaring ved nedsat nyrefunktion. Forsigtighed anbefales ved stærkt nedsat nyrefunktion.,True,False
page_00074.html,https://pro.medicin.dk/Medicin/Praeparater/74#a102,R06AE05,NA,NA,NA,NA,NA,NA,NA,NA,NA,False,False
page_00075.html,https://pro.medicin.dk/Medicin/Praeparater/75#a102,R06AD02,<30 ml/min.,[0],[29],NA,NA,NA,forsigtighed,erfaring savnes,Promethazin og dets metabolitter udskilles bl.a. via urinen. Manglende erfaring ved nedsat nyrefunktion. Forsigtighed anbefales ved stærkt nedsat nyrefunktion.,True,False
page_00079.html,https://pro.medicin.dk/Medicin/Praeparater/79#a102,A03FA01,NA,NA,NA,NA,NA,NA,NA,NA,"Ved nedsat nyrefunktion (GFR 15-60 ml/min) bør dosis halveres til 5 mg x 3 dgl., Ved svært nedsat nyrefunktion (GFR < 15 ml/min) bør dosis reduceres med 75 % til 5 mg x 1-2 dgl., Dosis kan øges til max 10 mg x 3 dgl. under hensyntagen til eventuelle bivirkninger.",True,False
page_00081.html,https://pro.medicin.dk/Medicin/Praeparater/81#a102,L04AX01,NA,NA,NA,NA,NA,NA,NA,NA,NA,False,False
page_00087.html,https://pro.medicin.dk/Medicin/Praeparater/87#a102,A06AB02,NA,NA,NA,NA,NA,NA,NA,NA,NA,False,False
page_00089.html,https://pro.medicin.dk/Medicin/Praeparater/89#a102,A06AB08,NA,NA,NA,NA,NA,NA,NA,NA,NA,False,False
page_00095.html,https://pro.medicin.dk/Medicin/Praeparater/95#a102,"A06AB02, A06AG02",NA,NA,NA,NA,NA,NA,NA,NA,NA,False,False
page_00101.html,https://pro.medicin.dk/Medicin/Praeparater/101#a102,A06AX01,NA,NA,NA,NA,NA,NA,NA,NA,NA,False,False
page_00102.html,https://pro.medicin.dk/Medicin/Praeparater/102#a102,A06AG10,NA,NA,NA,NA,NA,NA,NA,NA,NA,False,False
page_00103.html,https://pro.medicin.dk/Medicin/Praeparater/103#a102,A06AG10,NA,NA,NA,NA,NA,NA,NA,NA,NA,False,False
page_00104.html,https://pro.medicin.dk/Medicin/Praeparater/104#a102,A06AG11,NA,NA,NA,NA,NA,NA,NA,NA,NA,False,False
page_00109.html,https://pro.medicin.dk/Medicin/Praeparater/109#a102,A07DA03,<60 ml/min.,[0],[59],NA,NA,NA,forsigtighed,hjælpestoffer,Imodium Smeltindholder benzylalkohol der skal bruges med forsigtighed ved nedsat nyre- og leverfunktion. Læs mereher.,True,False
page_00112.html,https://pro.medicin.dk/Medicin/Praeparater/112#a102,A07FA01,NA,NA,NA,NA,NA,NA,NA,NA,NA,False,False
page_00120.html,https://pro.medicin.dk/Medicin/Praeparater/120#a102,A09AA02,NA,NA,NA,NA,NA,NA,NA,NA,NA,False,False
page_00125.html,https://pro.medicin.dk/Medicin/Praeparater/125#a102,A10BB09,30-60 ml/min.; <30 ml/min.,"[30, 0]","[60, 29]",NA; NA,"['NA', 'NA']","['NA', 'NA']",forsigtighed; kontraindiceret,øget bivirkningsrisiko; øget bivirkningsrisiko,"Halvering af dosis. Startdosis er 30 mg dgl. Optitrér langsomt for at undgå hypoglykæmi.; Kontraindiceret pga. stor risiko for hypoglykæmi. Alternativer, seβ-cellestimulerende midler.",True,False
page_00137.html,https://pro.medicin.dk/Medicin/Praeparater/137#a102,B05XC,NA,NA,NA,NA,NA,NA,NA,NA,NA,False,False
page_00138.html,https://pro.medicin.dk/Medicin/Praeparater/138#a102,B05XC,<60 ml/min.,[0],[59],NA,NA,NA,forsigtighed,monitorering,Forsigtighed pga. risiko for vitamin A-toksicitet.,True,False
page_00142.html,https://pro.medicin.dk/Medicin/Praeparater/142#a102,A11CC03,<30 ml/min.,[0],[29],NA,NA,NA,forsigtighed,monitorering,Hyppig kontrol af P-calcium og P-fosfat.,True,False
page_00153.html,https://pro.medicin.dk/Medicin/Praeparater/153#a102,B02BA01,NA,NA,NA,NA,NA,NA,NA,NA,NA,False,False
page_00154.html,https://pro.medicin.dk/Medicin/Praeparater/154#a102,A12AA06,<60 ml/min.; 30-60 ml/min.; <30 ml/min.,"[0, 30, 0]","[59, 60, 29]",NA; NA; NA,"['NA', 'NA', 'NA']","['NA', 'NA', 'NA']",forsigtighed; forsigtighed; kontraindiceret,hjælpestoffer; betinget; NA,"Brusetabletter indeholder benzylalkohol: Forsigtighed ved brug af høje doser pga. risiko for akkumulering og udvikling af metabolisk acidose.; Ved nyreinsufficiens, nyresten og hypercalciuri bør behandlingen kun ske under samtidig kontrol af P-calcium og U-calcium.Forsigtighed ved anamnese med nyresten.; Dosisjustering er utilstrækkelig ved stærkt nedsat nyrefunktion.",True,False
page_00155.html,https://pro.medicin.dk/Medicin/Praeparater/155#a102,A12BA01,<30 ml/min.; 30-60 ml/min.,"[0, 30]","[29, 60]",NA; NA,"['NA', 'NA']","['NA', 'NA']",forsigtighed; forsigtighed,øget bivirkningsrisiko; monitorering,Forsigtighed pga. risiko for hyperkaliæmi. Hyppig kontrol af P-kalium.; Hyppig kontrol af P-kalium.,True,False
page_00158.html,https://pro.medicin.dk/Medicin/Praeparater/158#a102,A12BA01,<30 ml/min.; 30-60 ml/min.,"[0, 30]","[29, 60]",NA; NA,"['NA', 'NA']","['NA', 'NA']",forsigtighed; forsigtighed,øget bivirkningsrisiko; monitorering,Forsigtighed pga. risiko for hyperkaliæmi. Hyppig kontrol af P-kalium.; Hyppig kontrol af P-kalium.,True,False
page_00161.html,https://pro.medicin.dk/Medicin/Praeparater/161#a102,B05BB01,<30 ml/min.,[0],[29],NA,NA,NA,forsigtighed,monitorering,"Monitorering af væske-, elektrolyt- og syre-base-status.",True,False
page_00167.html,https://pro.medicin.dk/Medicin/Praeparater/167#a102,B01AA04,<60 ml/min.,[0],[59],NA,NA,NA,forsigtighed,monitorering,Tæt monitorering ved nedsat nyrefunktion pga. øget blødningsrisiko.,True,False
page_00168.html,https://pro.medicin.dk/Medicin/Praeparater/168#a102,B01AA03,<30 ml/min.,[0],[29],NA,NA,NA,forsigtighed,monitorering,Tæt monitorering ved nedsat nyrefunktion pga. øget blødningsrisiko.,True,False
page_00169.html,https://pro.medicin.dk/Medicin/Praeparater/169#a102,B01AB01,<60 ml/min.,[0],[59],NA,NA,NA,forsigtighed,hjælpestoffer,"Heparin ""Leo"" og Heparin ""Panpharma"" indeholder benzylalkohol der skal bruges med forsigtighed ved nedsat nyre- og leverfunktion. Læs mereher.",True,False
page_00170.html,https://pro.medicin.dk/Medicin/Praeparater/170#a102,C05BA01,NA,NA,NA,NA,NA,NA,NA,NA,NA,False,False
page_00176.html,https://pro.medicin.dk/Medicin/Praeparater/176#a102,B01AC07,NA,NA,NA,NA,NA,NA,NA,NA,NA,False,False
page_00177.html,https://pro.medicin.dk/Medicin/Praeparater/177#a102,B02AA02,<10 ml/min.; 10-50 ml/min.,"[0, 10]","[9, 50]",≥2 år; ≥2 år,"[2, 2]","[150, 150]",forsigtighed; forsigtighed,dosisjustering; dosisjustering,"Højst 12,5 mg pr. kg legemsvægt dgl.; Højst 25 mg pr. kg legemsvægt 2 gange dgl.",True,False
page_00182.html,https://pro.medicin.dk/Medicin/Praeparater/182#a102,B03AA07,NA,NA,NA,NA,NA,NA,NA,NA,NA,False,False
page_00189.html,https://pro.medicin.dk/Medicin/Praeparater/189#a102,B03BA01,NA,NA,NA,NA,NA,NA,NA,NA,NA,False,False
page_00190.html,https://pro.medicin.dk/Medicin/Praeparater/190#a102,B03BA03,NA,NA,NA,NA,NA,NA,NA,NA,NA,False,False
page_00191.html,https://pro.medicin.dk/Medicin/Praeparater/191#a102,B03BB01,NA,NA,NA,NA,NA,NA,NA,NA,NA,False,False
page_00202.html,https://pro.medicin.dk/Medicin/Praeparater/202#a102,B05BA03,<30 ml/min.,[0],[29],NA,NA,NA,forsigtighed,monitorering,"Forsigtighed tilrådes, især ved infusion af store volumina.Glucosetolerancen kan være nedsat. Tæt monitorering af blod-glucose og elektrolytter er påkrævet, og insulin og/eller kaliumbehov kan ændres.",True,False
page_00204.html,https://pro.medicin.dk/Medicin/Praeparater/204#a102,B05BA02,<30 ml/min.,[0],[29],NA,NA,NA,forsigtighed,betinget,"Ved mistanke om nedsat fedtelimination, bør plasma-triglycerid indledningsvis kontrolleres 1-2 gange om ugen.",True,False
page_00209.html,https://pro.medicin.dk/Medicin/Praeparater/209#a102,B05BB01,<60 ml/min.,[0],[59],NA,NA,NA,forsigtighed,monitorering,"Monitorering af væske-, elektrolyt- og syre-base-status.",True,False
page_00210.html,https://pro.medicin.dk/Medicin/Praeparater/210#a102,B05BC01,<30 ml/min.,[0],[29],NA,NA,NA,kontraindiceret,NA,"Mannitol bør ikke anvendes til patienter med svært nedsat nyrefunktion, da der er sikre alternativer.",True,False
page_00211.html,https://pro.medicin.dk/Medicin/Praeparater/211#a102,C01CA04,NA,NA,NA,NA,NA,NA,NA,NA,NA,False,False
page_00214.html,https://pro.medicin.dk/Medicin/Praeparater/214#a102,H02AB04,<60 ml/min.; <60 ml/min.,"[0, 0]","[59, 59]",NA; NA,"['NA', 'NA']","['NA', 'NA']",forsigtighed; forsigtighed,hjælpestoffer; NA,"Solu-medrol® Pulver og solvens til injektionsvæske, opløsning 500 mg og 1 g indeholder benzylalkohol der skal bruges med forsigtighed ved nedsat nyre- og leverfunktion. Læs mereher.; Glukokortikoider kan medføre hypernatriæmi, hypokaliæmi, væskeretention og forhøjelse af blodtrykket.",True,False
page_00223.html,https://pro.medicin.dk/Medicin/Praeparater/223#a102,C01AA05,<90 ml/min.,[0],[89],NA,NA,NA,forsigtighed,dosisjustering,"Vedligeholdelsesdosis skal nedsættes. Vedligeholdelsesdosis udregnes altid efter alder, vægt og P-kreatinin uanset patientens nyrestatus.",True,False
page_00233.html,https://pro.medicin.dk/Medicin/Praeparater/233#a102,C08DA01,NA,NA,NA,NA,NA,NA,NA,NA,NA,False,False
page_00234.html,https://pro.medicin.dk/Medicin/Praeparater/234#a102,C08DA01,NA,NA,NA,NA,NA,NA,NA,NA,NA,False,False
page_00243.html,https://pro.medicin.dk/Medicin/Praeparater/243#a102,R01AA07,NA,NA,NA,NA,NA,NA,NA,NA,NA,False,False
page_00245.html,https://pro.medicin.dk/Medicin/Praeparater/245#a102,C01DA02,NA,NA,NA,NA,NA,NA,NA,NA,NA,False,False
page_00246.html,https://pro.medicin.dk/Medicin/Praeparater/246#a102,C01DA02,NA,NA,NA,NA,NA,NA,NA,NA,NA,False,False
page_00248.html,https://pro.medicin.dk/Medicin/Praeparater/248#a102,C01DA08,NA,NA,NA,NA,NA,NA,NA,NA,NA,False,False
page_00262.html,https://pro.medicin.dk/Medicin/Praeparater/262#a102,C08CA05,NA,NA,NA,NA,NA,NA,NA,NA,NA,False,False
page_00263.html,https://pro.medicin.dk/Medicin/Praeparater/263#a102,C07AG01,NA,NA,NA,NA,NA,NA,NA,NA,NA,False,False
page_00279.html,https://pro.medicin.dk/Medicin/Praeparater/279#a102,C03AB01,<60 ml/min.,[0],[59],NA,NA,NA,forsigtighed,monitorering,"Tæt monitorering af P-kalium pga. risiko for hyperkaliæmi. Bendroflumethiazid har formentlig ingen diuretisk effekt, men kan stadig have en antihypertensiv effekt via nedsættelse af den totale perifere modstand.",True,False
page_00285.html,https://pro.medicin.dk/Medicin/Praeparater/285#a102,C03CA02,NA,NA,NA,NA,NA,NA,NA,NA,NA,False,False
page_00287.html,https://pro.medicin.dk/Medicin/Praeparater/287#a102,C03CA01,NA,NA,NA,NA,NA,NA,NA,NA,NA,False,False
page_00288.html,https://pro.medicin.dk/Medicin/Praeparater/288#a102,C03CA01,NA,NA,NA,NA,NA,NA,NA,NA,NA,False,False
page_00291.html,https://pro.medicin.dk/Medicin/Praeparater/291#a102,C03CA01,NA,NA,NA,NA,NA,NA,NA,NA,NA,False,False
page_00295.html,https://pro.medicin.dk/Medicin/Praeparater/295#a102,C03DA01,<50 ml/min.,[0],[49],≥17 år,[17],[150],forsigtighed,dosisjustering,"Primær hyperaldosteronisme, ødemer: Initialdosis 12,5 mg dgl. stigende til højst 300 mg dgl.; Hjerteinsufficiens: Initialdosis 12,5 mg dgl. stigende til højst 25 mg dgl.: Initialdosis 12,5 mg dgl. stigende til højst 25 mg dgl.",True,True
page_00298.html,https://pro.medicin.dk/Medicin/Praeparater/298#a102,S01EC01,<30 ml/min.,[0],[29],NA,NA,NA,kontraindiceret,øget bivirkningsrisiko,Øget risiko for konkrementdannelse i nyrerne.,True,False
page_00306.html,https://pro.medicin.dk/Medicin/Praeparater/306#a102,C05AA01,NA,NA,NA,NA,NA,NA,NA,NA,NA,False,False
page_00309.html,https://pro.medicin.dk/Medicin/Praeparater/309#a102,C05CA02,NA,NA,NA,NA,NA,NA,NA,NA,NA,False,False
page_00327.html,https://pro.medicin.dk/Medicin/Praeparater/327#a102,D05AA,NA,NA,NA,NA,NA,NA,NA,NA,NA,False,False
page_00335.html,https://pro.medicin.dk/Medicin/Praeparater/335#a102,J01EB02,<30 ml/min.; 30-60 ml/min.,"[0, 30]","[29, 60]",NA; NA,"['NA', 'NA']","['NA', 'NA']",kontraindiceret; forsigtighed,øget bivirkningsrisiko; øget bivirkningsrisiko,"Anbefales ikke pga. risiko for akkumulation og nyreskade.; Forsigtighed ved nedsat nyrefunktion, dels på grund af risiko for ophobning og nyreskade, dels på grund af risikoen for ikke at opnå terapeutisk niveau i urinvejene.",True,False
page_00342.html,https://pro.medicin.dk/Medicin/Praeparater/342#a102,D07AB02,NA,NA,NA,NA,NA,NA,NA,NA,NA,False,False
page_00345.html,https://pro.medicin.dk/Medicin/Praeparater/345#a102,D07AC01,NA,NA,NA,NA,NA,NA,NA,NA,NA,False,False
page_00347.html,https://pro.medicin.dk/Medicin/Praeparater/347#a102,D07AD01,NA,NA,NA,NA,NA,NA,NA,NA,NA,False,False
page_00348.html,https://pro.medicin.dk/Medicin/Praeparater/348#a102,D07AC01,NA,NA,NA,NA,NA,NA,NA,NA,NA,False,False
page_00354.html,https://pro.medicin.dk/Medicin/Praeparater/354#a102,D07AC04,NA,NA,NA,NA,NA,NA,NA,NA,NA,False,False
page_00355.html,https://pro.medicin.dk/Medicin/Praeparater/355#a102,D01AC20,NA,NA,NA,NA,NA,NA,NA,NA,NA,False,False
page_00361.html,https://pro.medicin.dk/Medicin/Praeparater/361#a102,S02CA02,NA,NA,NA,NA,NA,NA,NA,NA,NA,False,False
page_00362.html,https://pro.medicin.dk/Medicin/Praeparater/362#a102,D01AC20,NA,NA,NA,NA,NA,NA,NA,NA,NA,False,False
page_00366.html,https://pro.medicin.dk/Medicin/Praeparater/366#a102,D07BC02,NA,NA,NA,NA,NA,NA,NA,NA,NA,False,False
page_00370.html,https://pro.medicin.dk/Medicin/Praeparater/370#a102,D07XC01,NA,NA,NA,NA,NA,NA,NA,NA,NA,False,False
page_00373.html,https://pro.medicin.dk/Medicin/Praeparater/373#a102,A01AD02,NA,NA,NA,NA,NA,NA,NA,NA,NA,False,False
page_00380.html,https://pro.medicin.dk/Medicin/Praeparater/380#a102,D10AE01,NA,NA,NA,NA,NA,NA,NA,NA,NA,False,False
page_00393.html,https://pro.medicin.dk/Medicin/Praeparater/393#a102,P01AB01,<15 ml/min.,[0],[14],NA,NA,NA,forsigtighed,monitorering,Der bør monitoreres for tegn på toksicitet som følge af potentiel akkumulering af toksiske metronidazolmetabolitter.,True,False
page_00399.html,https://pro.medicin.dk/Medicin/Praeparater/399#a102,G02AB01,NA,NA,NA,NA,NA,NA,NA,NA,NA,False,False
page_00404.html,https://pro.medicin.dk/Medicin/Praeparater/404#a102,"R03AC02, R03CC02",<60 ml/min.,[0],[59],NA,NA,NA,forsigtighed,hjælpestoffer,Ventoline oral opløsningindeholder benzylalkohol der skal bruges med forsigtighed ved nedsat nyre- og leverfunktion. Læs mereher.,True,False
page_00408.html,https://pro.medicin.dk/Medicin/Praeparater/408#a102,M01AE01,<30 ml/min.; 30-60 ml/min.,"[0, 30]","[29, 60]",NA; NA,"['NA', 'NA']","['NA', 'NA']",kontraindiceret; forsigtighed,øget bivirkningsrisiko; monitorering,Prostaglandiner har betydning for opretholdelse af normal nyregennemblødning. NSAID's hæmning af prostaglandinsyntesen kan derfor forårsage nedsat nyregennemblødning og dermed forværret nyrefunktion.; Prostaglandiner har betydning for opretholdelse af normal nyregennemblødning. NSAID's hæmning af prostaglandinsyntesen kan derfor forårsage nedsat nyregennemblødning og dermed forværret nyrefunktion. Tæt monitorering af nyrefunktionen tilrådes.,True,False
page_00412.html,https://pro.medicin.dk/Medicin/Praeparater/412#a102,N04BC01,NA,NA,NA,NA,NA,NA,NA,NA,NA,False,False
page_00421.html,https://pro.medicin.dk/Medicin/Praeparater/421#a102,G03AA07,NA,NA,NA,NA,NA,NA,NA,NA,NA,False,False
page_00424.html,https://pro.medicin.dk/Medicin/Praeparater/424#a102,G03AB03,NA,NA,NA,NA,NA,NA,NA,NA,NA,False,False
page_00430.html,https://pro.medicin.dk/Medicin/Praeparater/430#a102,G03AC01,NA,NA,NA,NA,NA,NA,NA,NA,NA,False,False
page_00431.html,https://pro.medicin.dk/Medicin/Praeparater/431#a102,G03AC06,NA,NA,NA,NA,NA,NA,NA,NA,NA,False,False
page_00438.html,https://pro.medicin.dk/Medicin/Praeparater/438#a102,G03CA03,NA,NA,NA,NA,NA,NA,NA,NA,NA,False,False
page_00439.html,https://pro.medicin.dk/Medicin/Praeparater/439#a102,G03CA04,NA,NA,NA,NA,NA,NA,NA,NA,NA,False,False
page_00442.html,https://pro.medicin.dk/Medicin/Praeparater/442#a102,G03CA03,NA,NA,NA,NA,NA,NA,NA,NA,NA,False,False
page_00447.html,https://pro.medicin.dk/Medicin/Praeparater/447#a102,G03DA02,<60 ml/min.,[0],[59],NA,NA,NA,forsigtighed,øget bivirkningsrisiko,Risiko for væskeretention.,True,False
page_00455.html,https://pro.medicin.dk/Medicin/Praeparater/455#a102,G03FB05,NA,NA,NA,NA,NA,NA,NA,NA,NA,False,False
page_00460.html,https://pro.medicin.dk/Medicin/Praeparater/460#a102,G03HA01,NA,NA,NA,NA,NA,NA,NA,NA,NA,False,False
page_00463.html,https://pro.medicin.dk/Medicin/Praeparater/463#a102,J01XX05,<10 ml/min.,[0],[9],NA,NA,NA,kontraindiceret,øget bivirkningsrisiko,"Elimination af methenamin er nedsat, da det primært udskilles gennem nyrerne.",True,False
page_00465.html,https://pro.medicin.dk/Medicin/Praeparater/465#a102,J01XE01,<45 ml/min.,[0],[44],NA,NA,NA,kontraindiceret,NA,Ved GFR < 45 ml/min. kan ikke opnås effektive koncentrationer i urinen.,True,False
page_00467.html,https://pro.medicin.dk/Medicin/Praeparater/467#a102,J01EA01,<15 ml/min.; <15 ml/min.; <15 ml/min.,"[0, 0, 0]","[14, 14, 14]",2-6 år; 6-12 år; ≥12 år,"[2, 6, 12]","[6, 12, 150]",forsigtighed; forsigtighed; forsigtighed,dosisjustering; dosisjustering; dosisjustering,"Dosis nedsættes til 50 % af normal dosis, højst 4 mg pr. kg legemsvægt dgl. Kan doseres umiddelbart efter dialyse.; Dosis nedsættes til 50 % af normal dosis, højst 100 mg dgl. Kan doseres umiddelbart efter dialyse.; Dosis nedsættes til 50 % af normal dosis, højst 200 mg dgl. Kan doseres umiddelbart efter dialyse.",True,False
page_00472.html,https://pro.medicin.dk/Medicin/Praeparater/472#a102,N06AA09,NA,NA,NA,NA,NA,NA,NA,NA,NA,False,False
page_00473.html,https://pro.medicin.dk/Medicin/Praeparater/473#a102,N06AA04,<60 ml/min.,[0],[59],NA,NA,NA,forsigtighed,monitorering,Løbende monitorering anbefales.,True,False
page_00476.html,https://pro.medicin.dk/Medicin/Praeparater/476#a102,N06AA10,NA,NA,NA,NA,NA,NA,NA,NA,NA,False,False
page_00478.html,https://pro.medicin.dk/Medicin/Praeparater/478#a102,N06AA09,NA,NA,NA,NA,NA,NA,NA,NA,NA,False,False
page_00480.html,https://pro.medicin.dk/Medicin/Praeparater/480#a102,H01BA02,<50 ml/min.,[0],[49],NA,NA,NA,kontraindiceret,NA,AUC og halveringstiden øges med øget sværhedsgrad af nedsat nyrefunktion.,True,False
page_00483.html,https://pro.medicin.dk/Medicin/Praeparater/483#a102,M04AA01,<10 ml/min.; 10-20 ml/min.,"[0, 10]","[9, 20]",≥2 år; ≥2 år,"[2, 2]","[150, 150]",forsigtighed; forsigtighed,dosisjustering; dosisjustering,"Voksne: Højst 50 mg dgl. eller 100 mg hver 2. dag.Børn 2-15 år: Højst 5 mg/kg legemsvægt (højst 50 mg dgl.)Allopurinol er ikke i sig selv nefrotoksisk, men der er øget risiko for bivirkninger.; Voksne: Højst 200 mg dgl. Initialt 50 mg dgl., gradvis øgning med 50 mg hver 2.-6. uge indtil nået behandlingsmål, eller der evt. kommer bivirkninger.Børn 2-15 år: Højst 10 mg/kg legemsvægt (højst 200 mg dgl.)Allopurinol er ikke i sig selv nefrotoksisk, men der er øget risiko for bivirkninger.",True,False
page_00489.html,https://pro.medicin.dk/Medicin/Praeparater/489#a102,H01AA02,NA,NA,NA,NA,NA,NA,NA,NA,NA,False,False
page_00490.html,https://pro.medicin.dk/Medicin/Praeparater/490#a102,H02AA02,NA,NA,NA,NA,NA,NA,NA,NA,NA,False,False
page_00493.html,https://pro.medicin.dk/Medicin/Praeparater/493#a102,H02AB04,<60 ml/min.,[0],[59],NA,NA,NA,forsigtighed,NA,"Glukokortikoider kan medføre hypernatriæmi, hypokaliæmi, væskeretention og forhøjelse af blodtrykket.",True,False
page_00494.html,https://pro.medicin.dk/Medicin/Praeparater/494#a102,H02AB01,<60 ml/min.,[0],[59],NA,NA,NA,forsigtighed,NA,"Systemisk anvendelse:Glukokortikoider kan medføre hypernatriæmi, hypokaliæmi, væskeretention og forhøjelse af blodtrykket.BenzylalkoholIndeholder benzylalkohol der skal bruges med forsigtighed ved nedsat nyre- og leverfunktion. Læs mereher.",True,False
page_00496.html,https://pro.medicin.dk/Medicin/Praeparater/496#a102,H02AB08,<60 ml/min.,[0],[59],NA,NA,NA,forsigtighed,hjælpestoffer,"Systemisk anvendelse:Glukokortikoider kan medføre hypernatriæmi, hypokaliæmi, væskeretention og forhøjelse af blodtrykket.BenzylalkoholInjektionsvæsken indeholder benzylalkohol der skal bruges med forsigtighed ved nedsat nyre- og leverfunktion. Læs mereher.",True,False
page_00497.html,https://pro.medicin.dk/Medicin/Praeparater/497#a102,H02AB07,<60 ml/min.,[0],[59],NA,NA,NA,forsigtighed,øget bivirkningsrisiko,"Glukokortikoider kan medføre hypernatriæmi, hypokaliæmi, væskeretention og forhøjelse af blodtrykket.",True,False
page_00498.html,https://pro.medicin.dk/Medicin/Praeparater/498#a102,H02AB09,<60 ml/min.,[0],[59],NA,NA,NA,forsigtighed,øget bivirkningsrisiko,"Glukokortikoider kan medføre hypernatriæmi, hypokaliæmi, væskeretention og forhøjelse af blodtrykket.",True,False
page_00499.html,https://pro.medicin.dk/Medicin/Praeparater/499#a102,H03AA01,NA,NA,NA,NA,NA,NA,NA,NA,NA,False,False
page_00501.html,https://pro.medicin.dk/Medicin/Praeparater/501#a102,H03BB01,NA,NA,NA,NA,NA,NA,NA,NA,NA,False,False
page_00502.html,https://pro.medicin.dk/Medicin/Praeparater/502#a102,H03BA02,NA,NA,NA,NA,NA,NA,NA,NA,NA,False,False
page_00505.html,https://pro.medicin.dk/Medicin/Praeparater/505#a102,H05BA01,NA,NA,NA,NA,NA,NA,NA,NA,NA,False,False
page_00510.html,https://pro.medicin.dk/Medicin/Praeparater/510#a102,J01CE02,NA,NA,NA,NA,NA,NA,NA,NA,NA,False,False
page_00517.html,https://pro.medicin.dk/Medicin/Praeparater/517#a102,J01CA01,<15 ml/min.; 15-60 ml/min.,"[0, 15]","[14, 60]",NA; NA,"['NA', 'NA']","['NA', 'NA']",forsigtighed; forsigtighed,dosisjustering; dosisjustering,Dosisintervallet forlænges til 1 dosis hver 12.-24. time.; Dosisintervallet forlænges til 1 dosis hver 6.-12. time.,True,False
page_00521.html,https://pro.medicin.dk/Medicin/Praeparater/521#a102,J01CA04,<10 ml/min.,[0],[9],NA,NA,NA,forsigtighed,dosisjustering,Dosis 250 mg -1.000 mg 3 gange dgl. Højst 6 g dgl. ved endocarditis.Ved behandling i kortere tid er dosisreduktion ikke nødvendigt.,True,False
page_00525.html,https://pro.medicin.dk/Medicin/Praeparater/525#a102,J01CA08,NA,NA,NA,NA,NA,NA,NA,NA,NA,False,False
page_00529.html,https://pro.medicin.dk/Medicin/Praeparater/529#a102,J01DB01,<10 ml/min.,[0],[9],NA,NA,NA,forsigtighed,dosisjustering,Dosis nedsættes til 50% af normaldosis.,True,False
page_00536.html,https://pro.medicin.dk/Medicin/Praeparater/536#a102,J01FA01,<10 ml/min.; <10 ml/min.,"[0, 0]","[9, 9]",2-17 år; ≥17 år,"[2, 17]","[17, 150]",forsigtighed; forsigtighed,dosisjustering; dosisjustering,"Højst 50 mg/kg legemsvægt i døgnet fordelt på 3 doser. Erythromycin fjernes ikke ved hæmodialyse eller peritonealdialyse.; Dosis nedsættes til 75% af normaldosis. Højst 3 g i døgnet.Obs. risiko for ototoksicitet ved svær nyreinsufficiens, da erythromycin ikke fjernes ved hæmodialyse eller peritonealdialyse.",True,False
page_00547.html,https://pro.medicin.dk/Medicin/Praeparater/547#a102,J01AA07,<10 ml/min.,[0],[9],≥12 år,[12],[150],forsigtighed,dosisjustering,Højst 1.000 mg dgl.,True,False
page_00548.html,https://pro.medicin.dk/Medicin/Praeparater/548#a102,J01AA07,<10 ml/min.,[0],[9],≥12 år,[12],[150],forsigtighed,dosisjustering,Højst 1.000 mg dgl.,True,False
page_00549.html,https://pro.medicin.dk/Medicin/Praeparater/549#a102,J01AA04,<10 ml/min.,[0],[9],NA,NA,NA,kontraindiceret,NA,"Kontraindiceret, da lymecyclin udskilles gennem nyrerne.",True,False
page_00552.html,https://pro.medicin.dk/Medicin/Praeparater/552#a102,S01AA01,NA,NA,NA,NA,NA,NA,NA,NA,NA,False,False
page_00556.html,https://pro.medicin.dk/Medicin/Praeparater/556#a102,J01GB01,<45 ml/min.; 45-60 ml/min.,"[0, 45]","[44, 60]",NA; NA,"['NA', 'NA']","['NA', 'NA']",forsigtighed; forsigtighed,dosisjustering; dosisjustering,"Behandling foregår oftest i højst 3 dage og det er ikke nødvendigt at monitorere plasma-tobramycin de første 3 dage.Behandlingen består af en enkeltdosis på 5 mg/kg legemsvægteGFR benyttes her som estimat for kreatininclearance. Der er dog en række fejlkilder knyttet til brugen af eGFR - bl.a. hastige/akutte ændringer i patientens nyrefunktion, meget afvigende kropsstørrelse og afvigende muskelmasse (fx bodybuildere, patienter med lammelser og amputerede patienter).; Behandling foregår oftest i højst 3 dage og det er ikke nødvendigt at monitorere plasma-tobramycin de første 3 dage.1. dosis:5 mg/kg legemsvægt.2. dosisgives tidligst 36-48 timer efter 1. dosis.eGFR benyttes her som estimat for kreatininclearance. Der er dog en række fejlkilder knyttet til brugen af eGFR - bl.a. hastige/akutte ændringer i patientens nyrefunktion, meget afvigende kropsstørrelse og afvigende muskelmasse (fx bodybuildere, patienter med lammelser og amputerede patienter).",True,False
page_00560.html,https://pro.medicin.dk/Medicin/Praeparater/560#a102,A07AA09,<60 ml/min.,[0],[59],NA,NA,NA,forsigtighed,betinget,Ved svær colitis risiko for absorption af vancomycin. Tæt monitorering af plasmakoncentrationen anbefales ved samtidig nedsat nyrefunktion og svær colitis.,True,False
page_00561.html,https://pro.medicin.dk/Medicin/Praeparater/561#a102,J04AB02,NA,NA,NA,NA,NA,NA,NA,NA,NA,False,False
page_00570.html,https://pro.medicin.dk/Medicin/Praeparater/570#a102,J04AK02,<60 ml/min.,[0],[59],NA,NA,NA,forsigtighed,dosisjustering,Eventuel nedsættelse af dosis efter bestemmelse af koncentrationen af ethambutol i serum eller plasma.,True,False
page_00584.html,https://pro.medicin.dk/Medicin/Praeparater/584#a102,J07AN01,NA,NA,NA,NA,NA,NA,NA,NA,NA,False,False
page_00586.html,https://pro.medicin.dk/Medicin/Praeparater/586#a102,J07AM51,NA,NA,NA,NA,NA,NA,NA,NA,NA,False,False
page_00593.html,https://pro.medicin.dk/Medicin/Praeparater/593#a102,J07AL01,NA,NA,NA,NA,NA,NA,NA,NA,NA,False,False
page_00604.html,https://pro.medicin.dk/Medicin/Praeparater/604#a102,N02BA01,<60 ml/min.,[0],[59],NA,NA,NA,forsigtighed,øget bivirkningsrisiko,Forsigtighed pga. øget risiko for bivirkninger. Behandlingen bør vurderes regelmæssigt.,True,False
page_00622.html,https://pro.medicin.dk/Medicin/Praeparater/622#a102,P01BA02,<60 ml/min.,[0],[59],NA,NA,NA,forsigtighed,NA,"Dosisreduktion kan være nødvendig, der kan dog ikke angives faste retningslinjer.",True,False
page_00624.html,https://pro.medicin.dk/Medicin/Praeparater/624#a102,M04AB01,<30 ml/min.,[0],[29],NA,NA,NA,kontraindiceret,NA,Ved GFR under ca. 30 ml/min. er probenecid ofte uden virkning.,True,False
page_00630.html,https://pro.medicin.dk/Medicin/Praeparater/630#a102,N05BA01,NA,NA,NA,NA,NA,NA,NA,NA,NA,False,False
page_00632.html,https://pro.medicin.dk/Medicin/Praeparater/632#a102,N05BA01,NA,NA,NA,NA,NA,NA,NA,NA,NA,False,False
page_00633.html,https://pro.medicin.dk/Medicin/Praeparater/633#a102,M03BX01,<60 ml/min.; <10 ml/min.; 10-30 ml/min.; 10-30 ml/min.; 10-30 ml/min.; 30-60 ml/min.; 30-60 ml/min.; 30-60 ml/min.,"[0, 0, 10, 10, 10, 30, 30, 30]","[59, 9, 30, 30, 30, 60, 60, 60]",NA; ≥2 år; 2-8 år; 8-17 år; ≥17 år; 2-8 år; 8-17 år; ≥17 år,"['NA', 2, 2, 8, 17, 2, 8, 17]","['NA', 150, 8, 17, 150, 8, 17, 150]",forsigtighed; forsigtighed; forsigtighed; forsigtighed; forsigtighed; forsigtighed; forsigtighed; forsigtighed,hjælpestoffer; dosisjustering; dosisjustering; dosisjustering; dosisjustering; dosisjustering; dosisjustering; dosisjustering,Evt. indhold af benzylalkoholVisse formuleringer af baclofen (Lioresal oral opløsning 1 mg/ml) indeholder benzylalkohol: Forsigtighed ved brug af høje doser pga. risiko for akkumulering af benzylalkohol og udvikling af metabolisk acidose.; Højst 5 mg dgl. Alvorligt neurologisk udfald efter oral dosering er blevet rapporteret hos patienter med nedsat nyrefunktion.; Højst 5 mg 2 gange dgl.; Højst 5 mg 3 gange dgl.; Højst 20 mg i døgnet.; Højst 20 mg i døgnet.; Højst 30 mg i døgnet.; Højst 40 mg i døgnet.,True,False
page_00634.html,https://pro.medicin.dk/Medicin/Praeparater/634#a102,N05BA01,<60 ml/min.,[0],[59],NA,NA,NA,forsigtighed,hjælpestoffer,Stesolid rektalvæske indeholder benzylalkohol og skal bruges med forsigtighed ved nedsat nyre- og leverfunktion Læs mereher.,True,False
page_00636.html,https://pro.medicin.dk/Medicin/Praeparater/636#a102,N04BA02,NA,NA,NA,NA,NA,NA,NA,NA,NA,False,False
page_00637.html,https://pro.medicin.dk/Medicin/Praeparater/637#a102,N04BA02,NA,NA,NA,NA,NA,NA,NA,NA,NA,False,False
page_00638.html,https://pro.medicin.dk/Medicin/Praeparater/638#a102,M03BB03,NA,NA,NA,NA,NA,NA,NA,NA,NA,False,False
page_00642.html,https://pro.medicin.dk/Medicin/Praeparater/642#a102,N03AA02,<10 ml/min.; <10 ml/min.,"[0, 0]","[9, 9]",2-17 år; ≥17 år,"[2, 17]","[17, 150]",forsigtighed; forsigtighed,dosisjustering; dosisjustering,"Dosis skal nedsættes med ca. 50 %. Højst 4 mg/kg legemsvægt.Ved hæmo- og peritonealdialyse skal dosis suppleres for at sikre terapeutisk niveau, idet barbiturater fjernes ved dialyse.; Dosis skal nedsættes med ca. 50 %. Højst 125 mg ved epilepsi.Ved hæmo- og peritonealdialyse skal dosis suppleres for at sikre terapeutisk niveau, idet barbiturater fjernes ved dialyse.",True,False
page_00653.html,https://pro.medicin.dk/Medicin/Praeparater/653#a102,N01AH01,<60 ml/min.,[0],[59],NA,NA,NA,forsigtighed,dosisjustering,Forsigtig dosistitrering og længere postoperativ observation.,True,False
page_00655.html,https://pro.medicin.dk/Medicin/Praeparater/655#a102,N01BB52,<30 ml/min.,[0],[29],NA,NA,NA,forsigtighed,øget bivirkningsrisiko,Forsigtighed tilrådes ved langvarig eller gentagen administration.,True,False
page_00656.html,https://pro.medicin.dk/Medicin/Praeparater/656#a102,N01BB01,<30 ml/min.,[0],[29],NA,NA,NA,forsigtighed,øget bivirkningsrisiko,Forsigtighed tilrådes ved langvarig eller gentagen administration.,True,False
page_00657.html,https://pro.medicin.dk/Medicin/Praeparater/657#a102,N01BB51,<30 ml/min.,[0],[29],NA,NA,NA,forsigtighed,øget bivirkningsrisiko,Forsigtighed tilrådes ved langvarig eller gentagen administration.,True,False
page_00658.html,https://pro.medicin.dk/Medicin/Praeparater/658#a102,N07BC02,<90 ml/min.,[0],[89],NA,NA,NA,forsigtighed,dosisjustering,Dosisintervallet bør øges:GFR 50-90 ml/min: 6 timers dosisinterval.GFR 10-50 ml/min:8 timers dosisinterval.GFR < 10 ml/min:8-12 timers dosisinterval.,True,False
page_00662.html,https://pro.medicin.dk/Medicin/Praeparater/662#a102,N02AG02,NA,NA,NA,NA,NA,NA,NA,NA,Patienter med nedsat nyrefunktion kan få reduceret dosis efter behov.,True,False
page_00664.html,https://pro.medicin.dk/Medicin/Praeparater/664#a102,N02AE01,<30 ml/min.,[0],[29],NA,NA,NA,forsigtighed,øget bivirkningsrisiko,Risiko for akkumulering af aktive metabolitter.,True,False
page_00668.html,https://pro.medicin.dk/Medicin/Praeparater/668#a102,R05DA04,<10 ml/min.; 10-30 ml/min.,"[0, 10]","[9, 30]",≥12 år; ≥12 år,"[12, 12]","[150, 150]",forsigtighed; forsigtighed,dosisjustering; dosisjustering,Dosisjustering til 50% af normaldosis. Højst 125 mg dgl.; Dosisreduktion til 75% af normaldosis. Højst 200 mg dgl.,True,False
page_00670.html,https://pro.medicin.dk/Medicin/Praeparater/670#a102,N02BE01,NA,NA,NA,NA,NA,NA,NA,NA,"Oral administration, Det anbefales at:, ved GFR 10-50 ml/min: dosis hver 6. time, ved GFR < 10 ml/min: dosis hver 8. time",True,False
page_00671.html,https://pro.medicin.dk/Medicin/Praeparater/671#a102,N02BE01,<60 ml/min.,[0],[59],NA,NA,NA,forsigtighed,hjælpestoffer,PinexJuniororal opløsningindeholder benzylalkohol der skal bruges med forsigtighed ved nedsat nyre- og leverfunktion. Læs mereher.,True,False
page_00679.html,https://pro.medicin.dk/Medicin/Praeparater/679#a102,N02BA51,<10 ml/min.; 10-60 ml/min.,"[0, 10]","[9, 60]",NA; NA,"['NA', 'NA']","['NA', 'NA']",kontraindiceret; forsigtighed,øget bivirkningsrisiko; øget bivirkningsrisiko,Kontraindiceret pga. acetylsalicylsyre.; Forsigtighed pga. øget risiko for bivirkninger af acetylsalicylsyre.,True,False
page_00681.html,https://pro.medicin.dk/Medicin/Praeparater/681#a102,N02BA75,<10 ml/min.; 10-50 ml/min.,"[0, 10]","[9, 50]",NA; ≥15 år,"['NA', 15]","['NA', 150]",kontraindiceret; forsigtighed,NA; dosisjustering,"Kontraindiceret pga. propyphenazon.; Dosis bør nedsættes til 75% af normaldosis, svarende til højst 4 tabletter.",True,False
page_00682.html,https://pro.medicin.dk/Medicin/Praeparater/682#a102,N02AJ07,<15 ml/min.; 15-60 ml/min.,"[0, 15]","[14, 60]",NA; NA,"['NA', 'NA']","['NA', 'NA']",kontraindiceret; forsigtighed,øget bivirkningsrisiko; øget bivirkningsrisiko,Kontraindiceret pga. acetylsalicylsyre.; Forsigtighed pga. øget risiko for bivirkninger af acetylsalicylsyre.,True,False
page_00692.html,https://pro.medicin.dk/Medicin/Praeparater/692#a102,N02CX01,<10 ml/min.,[0],[9],NA,NA,NA,forsigtighed,monitorering,"Anvendes med forsigtighed, dosisreduktion kan være nødvendigt. Monitorer for døsished.",True,False
page_00696.html,https://pro.medicin.dk/Medicin/Praeparater/696#a102,N05CD02,NA,NA,NA,NA,NA,NA,NA,NA,NA,False,False
page_00698.html,https://pro.medicin.dk/Medicin/Praeparater/698#a102,N03AE01,<60 ml/min.,[0],[59],NA,NA,NA,forsigtighed,hjælpestoffer,"Rivotril® orale dråber 2,5 mg/ml indeholder:Propylenglycol: Monitorering er påkrævet hos patienter med nedsat nyrefunktion, fordi der er rapporteret adskillige bivirkninger, der skyldes propylenglycol, såsom renal dysfunktion (akut tubulær nekrose), akut nyresvigt og nedsat nyrefunktion.Benzylbenzoat der omdannes til benzylalkohol, der skal bruges med forsigtighed ved nedsat nyre- og leverfunktion. Læs mereher.",True,False
page_00703.html,https://pro.medicin.dk/Medicin/Praeparater/703#a102,N03AF01,NA,NA,NA,NA,NA,NA,NA,NA,NA,False,False
page_00705.html,https://pro.medicin.dk/Medicin/Praeparater/705#a102,N03AA03,<10 ml/min.; <10 ml/min.,"[0, 0]","[9, 9]",1-17 år; ≥17 år,"[1, 17]","[17, 150]",forsigtighed; forsigtighed,dosisjustering; dosisjustering,"Lav initialdosis anbefales og høje doser bør undgås. Højst 12,5 mg/kg legemsvægt 1 gang dgl.; Lav initialdosis anbefales og høje doser bør undgås. Højst 750 mg 1 gang dgl.",True,False
page_00706.html,https://pro.medicin.dk/Medicin/Praeparater/706#a102,N03AD01,<45 ml/min.,[0],[44],NA,NA,NA,forsigtighed,monitorering,"Forsigtighed tilrådes. Det anbefales at udføre løbende urinanalyse, da undersøgelser har vist unormal nyrefunktion.",True,False
page_00707.html,https://pro.medicin.dk/Medicin/Praeparater/707#a102,N03AG01,<15 ml/min.,[0],[14],NA,NA,NA,forsigtighed,monitorering,"Ved nedsat nyrefunktion kan det være nødvendigt at reducere dosis eller at øge dosis ved hæmodialyse, da valproat er dialyserbart. Dosering bør justeres i henhold til klinisk monitorering af patienten.",True,False
page_00709.html,https://pro.medicin.dk/Medicin/Praeparater/709#a102,N03AG01,<15 ml/min.,[0],[14],NA,NA,NA,forsigtighed,monitorering,"Ved nedsat nyrefunktion kan det være nødvendigt at reducere dosis eller at øge dosis ved hæmodialyse, da valproat er dialyserbart. Dosering bør justeres i henhold til klinisk monitorering af patienten.",True,False
page_00711.html,https://pro.medicin.dk/Medicin/Praeparater/711#a102,N04AA02,NA,NA,NA,NA,NA,NA,NA,NA,NA,False,False
page_00715.html,https://pro.medicin.dk/Medicin/Praeparater/715#a102,N04AA04,NA,NA,NA,NA,NA,NA,NA,NA,NA,False,False
page_00716.html,https://pro.medicin.dk/Medicin/Praeparater/716#a102,N04AB02,<60 ml/min.,[0],[59],NA,NA,NA,forsigtighed,NA,Forsigtighed tilrådes.,True,False
page_00721.html,https://pro.medicin.dk/Medicin/Praeparater/721#a102,N05AD03,<30 ml/min.,[0],[29],NA,NA,NA,forsigtighed,monitorering,Patienten bør følges nøje.,True,False
page_00722.html,https://pro.medicin.dk/Medicin/Praeparater/722#a102,N05AD05,NA,NA,NA,NA,NA,NA,NA,NA,NA,False,False
page_00725.html,https://pro.medicin.dk/Medicin/Praeparater/725#a102,N05AF03,<30 ml/min.,[0],[29],NA,NA,NA,forsigtighed,ingen eller begrænset erfaring,Manglende erfaring ved nedsat nyrefunktion. Forsigtighed ved fremskreden nyresygdom.,True,False
page_00726.html,https://pro.medicin.dk/Medicin/Praeparater/726#a102,N05AF05,NA,NA,NA,NA,NA,NA,NA,NA,NA,False,False
page_00730.html,https://pro.medicin.dk/Medicin/Praeparater/730#a102,N05AF01,NA,NA,NA,NA,NA,NA,NA,NA,NA,False,False
page_00731.html,https://pro.medicin.dk/Medicin/Praeparater/731#a102,N05AG02,<60 ml/min.,[0],[59],NA,NA,NA,forsigtighed,monitorering,Patienten bør følges nøje.,True,False
page_00733.html,https://pro.medicin.dk/Medicin/Praeparater/733#a102,N05AF01,NA,NA,NA,NA,NA,NA,NA,NA,NA,False,False
page_00737.html,https://pro.medicin.dk/Medicin/Praeparater/737#a102,N05AD01,<30 ml/min.; 30-60 ml/min.,"[0, 30]","[29, 60]",NA; NA,"['NA', 'NA']","['NA', 'NA']",forsigtighed; forsigtighed,hjælpestoffer; hjælpestoffer,"Haloperidols farmakokinetik er ikke undersøgt ved nedsat nyrefunktion. Evt. lavere startdosis ved stærkt nedsat nyrefunktion. Efterfølgende dosistitrering efter patientens respons.BenzylalkoholSerenase® Dekanoat injektionsvæske indeholder benzylalkohol der skal bruges med forsigtighed ved nedsat nyre- og leverfunktion. Læs mereher.; Haloperidols farmakokinetik er ikke undersøgt ved nedsat nyrefunktion. Dosisjustering anbefales ikke, men der udvises forsigtighed.BenzylalkoholSerenase® Dekanoat injektionsvæske indeholder benzylalkohol der skal bruges med forsigtighed ved nedsat nyre- og leverfunktion. Læs mereher.",True,False
page_00738.html,https://pro.medicin.dk/Medicin/Praeparater/738#a102,N05AF05,NA,NA,NA,NA,NA,NA,NA,NA,NA,False,False
page_00741.html,https://pro.medicin.dk/Medicin/Praeparater/741#a102,N07XX06,NA,NA,NA,NA,NA,NA,NA,NA,NA,False,False
page_00744.html,https://pro.medicin.dk/Medicin/Praeparater/744#a102,N05BA02,<10 ml/min.; <10 ml/min.,"[0, 0]","[9, 9]",6-17 år; ≥17 år,"[6, 17]","[17, 150]",forsigtighed; forsigtighed,dosisjustering; dosisjustering,Dosis nedsættes med 50 %. Højst 15 mg dgl.; Angst og uro: 20 mg dgl. fordelt på flere doser; Alkoholabstinenser: 150 mg dgl. fordelt på flere doser: 150 mg dgl. fordelt på flere doser,True,True
page_00745.html,https://pro.medicin.dk/Medicin/Praeparater/745#a102,N05BA08,NA,NA,NA,NA,NA,NA,NA,NA,NA,False,False
page_00747.html,https://pro.medicin.dk/Medicin/Praeparater/747#a102,N05BA02,<10 ml/min.; <10 ml/min.,"[0, 0]","[9, 9]",6-17 år; ≥17 år,"[6, 17]","[17, 150]",forsigtighed; forsigtighed,dosisjustering; dosisjustering,Dosis nedsættes med 50 %. Højst 15 mg dgl.; Angst og uro: 20 mg dgl. fordelt på flere doser; Alkoholabstinenser: 150 mg dgl. fordelt på flere doser: 150 mg dgl. fordelt på flere doser,True,True
page_00750.html,https://pro.medicin.dk/Medicin/Praeparater/750#a102,N05BA06,NA,NA,NA,NA,NA,NA,NA,NA,NA,False,False
page_00752.html,https://pro.medicin.dk/Medicin/Praeparater/752#a102,N05CD05,NA,NA,NA,NA,NA,NA,NA,NA,NA,False,False
page_00753.html,https://pro.medicin.dk/Medicin/Praeparater/753#a102,N05BB01,<15 ml/min.; <15 ml/min.; <15 ml/min.; <15 ml/min.; 15-50 ml/min.; 15-50 ml/min.; 15-50 ml/min.; 15-50 ml/min.,"[0, 0, 0, 0, 15, 15, 15, 15]","[14, 14, 14, 14, 50, 50, 50, 50]",5-17 år; ≥40 KG; 17-65 år; ≥65 år; 5-17 år; ≥40 KG; 17-65 år; ≥65 år,"[5, 40, 17, 65, 5, 40, 17, 65]","[17, 150, 65, 150, 17, 150, 65, 150]",forsigtighed; forsigtighed; forsigtighed; forsigtighed; forsigtighed; forsigtighed; forsigtighed; forsigtighed,dosisjustering; dosisjustering; dosisjustering; dosisjustering; dosisjustering; dosisjustering; dosisjustering; dosisjustering,"Højst 0,5 mg/kg legemsvægt dgl.; Højst 25 mg dgl.; Højst 25 mg dgl.; Højst 12,5 mg dgl.; Højst 1 mg/kg legemsvægt dgl.; Højst 50 mg dgl.; Højst 50 mg dgl.; Højst 25 mg dgl.",True,False
page_00759.html,https://pro.medicin.dk/Medicin/Praeparater/759#a102,N06AF01,<60 ml/min.,[0],[59],NA,NA,NA,forsigtighed,øget bivirkningsrisiko,Ved nedsat nyrefunktion er der risiko for akkumulation.,True,False
page_00763.html,https://pro.medicin.dk/Medicin/Praeparater/763#a102,N06AA16,<60 ml/min.,[0],[59],NA,NA,NA,forsigtighed,monitorering,Dosulepins aktive metabolitter udskilles primært renalt. Tæt monitorering anbefales.,True,False
page_00768.html,https://pro.medicin.dk/Medicin/Praeparater/768#a102,N05AN01,<30 ml/min.; 30-60 ml/min.,"[0, 30]","[29, 60]",NA; NA,"['NA', 'NA']","['NA', 'NA']",kontraindiceret; forsigtighed,øget bivirkningsrisiko; monitorering,"Bør ikke anvendes ved GFR < 30 ml/min.; Nedsat nyrefunktion er en relativ kontraindikation, hvor sværhedsgraden af nyrefunktion skal opvejes mod indikationen for lithium. Er der tidligere vist god vedligeholdelseseffekt af lithium og ikke af andre vedligeholdelsespræparater, øges indikationen for lithium, idet behandlingen skal ske under hyppig kontrol af nyrefunktion. Patienten bør vurderes i specialklinik for affektive lidelser.",True,False
page_00769.html,https://pro.medicin.dk/Medicin/Praeparater/769#a102,N05AN01,<30 ml/min.; 30-60 ml/min.,"[0, 30]","[29, 60]",NA; NA,"['NA', 'NA']","['NA', 'NA']",kontraindiceret; forsigtighed,øget bivirkningsrisiko; monitorering,"Bør ikke anvendes ved GFR < 30 ml/min.; Nedsat nyrefunktion er en relativ kontraindikation, hvor sværhedsgraden af nyrefunktion skal opvejes mod indikationen for lithium. Er der tidligere vist god vedligeholdelseseffekt af lithium og ikke af andre vedligeholdelsespræparater øges indikationen for lithium, idet behandlingen skal ske under hyppig kontrol af nyrefunktion. Patienten bør vurderes i specialklinik for affektive lidelser.",True,False
page_00772.html,https://pro.medicin.dk/Medicin/Praeparater/772#a102,N06BA04,<60 ml/min.,[0],[59],NA,NA,NA,forsigtighed,erfaring savnes,Der er ingen erfaring med brug af methylphenidat til patienter med nedsat nyrefunktion.,True,False
page_00773.html,https://pro.medicin.dk/Medicin/Praeparater/773#a102,N07AA02,<10 ml/min.,[0],[9],≥17 år,[17],[150],forsigtighed,dosisjustering,"Blære- og tarmatoni: Dosis nedsættes til 20 % af daglig dosis, højst 60 mg dgl.; Myastenia gravis: Dosis nedsættes til 20 % af daglig dosis, højst 200 mg dgl.: Dosis nedsættes til 20 % af daglig dosis, højst 200 mg dgl.",True,True
page_00779.html,https://pro.medicin.dk/Medicin/Praeparater/779#a102,R03AC03,NA,NA,NA,NA,NA,NA,NA,NA,NA,False,False
page_00783.html,https://pro.medicin.dk/Medicin/Praeparater/783#a102,P02CA01,NA,NA,NA,NA,NA,NA,NA,NA,NA,False,False
page_00798.html,https://pro.medicin.dk/Medicin/Praeparater/798#a102,R03DA04,NA,NA,NA,NA,NA,NA,NA,NA,NA,False,False
page_00799.html,https://pro.medicin.dk/Medicin/Praeparater/799#a102,R03BA02,NA,NA,NA,NA,NA,NA,NA,NA,NA,False,False
page_00806.html,https://pro.medicin.dk/Medicin/Praeparater/806#a102,R05CB02,NA,NA,NA,NA,NA,NA,NA,NA,NA,False,False
page_00809.html,https://pro.medicin.dk/Medicin/Praeparater/809#a102,R05CB01,NA,NA,NA,NA,NA,NA,NA,NA,NA,False,False
page_00818.html,https://pro.medicin.dk/Medicin/Praeparater/818#a102,R06AA02,<60 ml/min.,[0],[59],NA,NA,NA,forsigtighed,hjælpestoffer,"Evt. indhold af benzylalkoholBenylan oral opløsning2,8 mg/mlindeholder benzylalkohol der skal bruges med forsigtighed ved nedsat nyre- og leverfunktion. Læs mereher.",True,False
page_00831.html,https://pro.medicin.dk/Medicin/Praeparater/831#a102,S01BA01,NA,NA,NA,NA,NA,NA,NA,NA,NA,False,False
page_00832.html,https://pro.medicin.dk/Medicin/Praeparater/832#a102,S01BA04,NA,NA,NA,NA,NA,NA,NA,NA,NA,False,False
page_00834.html,https://pro.medicin.dk/Medicin/Praeparater/834#a102,S03CA04,NA,NA,NA,NA,NA,NA,NA,NA,NA,False,False
page_00836.html,https://pro.medicin.dk/Medicin/Praeparater/836#a102,S01GA51,NA,NA,NA,NA,NA,NA,NA,NA,NA,False,False
page_00839.html,https://pro.medicin.dk/Medicin/Praeparater/839#a102,S01FA04,NA,NA,NA,NA,NA,NA,NA,NA,NA,False,False
page_00841.html,https://pro.medicin.dk/Medicin/Praeparater/841#a102,S01FA06,NA,NA,NA,NA,NA,NA,NA,NA,NA,False,False
page_00848.html,https://pro.medicin.dk/Medicin/Praeparater/848#a102,S01XA20,NA,NA,NA,NA,NA,NA,NA,NA,NA,False,False
page_00849.html,https://pro.medicin.dk/Medicin/Praeparater/849#a102,S01XA20,NA,NA,NA,NA,NA,NA,NA,NA,NA,False,False
page_00853.html,https://pro.medicin.dk/Medicin/Praeparater/853#a102,N07CA01,NA,NA,NA,NA,NA,NA,NA,NA,NA,False,False
page_00854.html,https://pro.medicin.dk/Medicin/Praeparater/854#a102,L01AA03,<60 ml/min.,[0],[59],NA,NA,NA,forsigtighed,dosisjustering,Initialdosis bør nedsættes til højst 50% af normaldosis. Se i øvrigt speciallitteratur.,True,False
page_00856.html,https://pro.medicin.dk/Medicin/Praeparater/856#a102,L01AA01,<50 ml/min.,[0],[49],NA,NA,NA,forsigtighed,dosisjustering,Dosis bør nedsættes pga. risiko for øget toksicitet.,True,False
page_00857.html,https://pro.medicin.dk/Medicin/Praeparater/857#a102,L01AA02,<60 ml/min.,[0],[59],NA,NA,NA,forsigtighed,monitorering,Tæt monitorering for yderligere myelosuppression forbundet med azotæmi.,True,False
page_00858.html,https://pro.medicin.dk/Medicin/Praeparater/858#a102,L01AD02,<30 ml/min.,[0],[29],NA,NA,NA,kontraindiceret,øget bivirkningsrisiko,"Elimination af lomustin er nedsat, da det primært udskilles gennem nyrerne",True,False
page_00868.html,https://pro.medicin.dk/Medicin/Praeparater/868#a102,L01CA02,NA,NA,NA,NA,NA,NA,NA,NA,NA,False,False
page_00869.html,https://pro.medicin.dk/Medicin/Praeparater/869#a102,L01CA01,NA,NA,NA,NA,NA,NA,NA,NA,NA,False,False
page_00871.html,https://pro.medicin.dk/Medicin/Praeparater/871#a102,L01DB01,<10 ml/min.,[0],[9],NA,NA,NA,forsigtighed,dosisjustering,Dosis bør nedsættes til 75 % af normaldosis.,True,False
page_00872.html,https://pro.medicin.dk/Medicin/Praeparater/872#a102,L01DC01,<60 ml/min.,[0],[59],NA,NA,NA,forsigtighed,dosisjustering,Ved GFR < 50 ml/min bør der gives 40-70 % af den normale dosis. Et alternativt cytostatikum bør overvejes ved alvorlig nedsat nyrefunktion.,True,False
page_00873.html,https://pro.medicin.dk/Medicin/Praeparater/873#a102,L01DB02,NA,NA,NA,NA,NA,NA,NA,NA,NA,False,False
page_00876.html,https://pro.medicin.dk/Medicin/Praeparater/876#a102,N07BB01,<30 ml/min.,[0],[29],NA,NA,NA,forsigtighed,betinget,"Forsigtighed ved nyreinsufficiens, da metabolitterne hovedsageligt udskilles gennem urinen.",True,False
page_00886.html,https://pro.medicin.dk/Medicin/Praeparater/886#a102,V03AC01,NA,NA,NA,NA,NA,NA,NA,NA,NA,False,False
page_00887.html,https://pro.medicin.dk/Medicin/Praeparater/887#a102,V03AE01,NA,NA,NA,NA,NA,NA,NA,NA,NA,False,False
page_00897.html,https://pro.medicin.dk/Medicin/Praeparater/897#a102,V08AD01,NA,NA,NA,NA,NA,NA,NA,NA,NA,False,False
page_00902.html,https://pro.medicin.dk/Medicin/Praeparater/902#a102,V08AA01,NA,NA,NA,NA,NA,NA,NA,NA,NA,False,False
page_00904.html,https://pro.medicin.dk/Medicin/Praeparater/904#a102,V04CF01,NA,NA,NA,NA,NA,NA,NA,NA,NA,False,False
page_00915.html,https://pro.medicin.dk/Medicin/Praeparater/915#a102,N05AH02,<10 ml/min.; 10-50 ml/min.,"[0, 10]","[9, 50]",NA; NA,"['NA', 'NA']","['NA', 'NA']",forsigtighed; forsigtighed,dosisjustering; dosisjustering,Dosisreduktion kan være nødvendig ved signifikant nedsat nyrefunktion(5918). Ved GFR < 10 ml/min. bør behandlingen initieres med lavest anbefalede dosis og langsom op-titrering anbefales(5273). Angivet som kontraindiceret ved svære nyreforstyrrelser i produktresume.; Dosisreduktion kan være nødvendig ved signifikant nedsat nyrefunktion(5918). Angivet som kontraindiceret ved svære nyreforstyrrelser i produktresume.,True,False
page_00918.html,https://pro.medicin.dk/Medicin/Praeparater/918#a102,C07AA05,NA,NA,NA,NA,NA,NA,NA,NA,"GFR 0-20 ml/min., Start med lav initialdosis og titrer efter effekt., Ved alvorligt nedsat nyrefunktion er der i sjældne tilfælde set yderligere forværring af nyrefunktionen.",True,False
page_00921.html,https://pro.medicin.dk/Medicin/Praeparater/921#a102,N02AA01,<30 ml/min.; 30-50 ml/min.,"[0, 30]","[29, 50]",NA; NA,"['NA', 'NA']","['NA', 'NA']",forsigtighed; forsigtighed,dosisjustering; dosisjustering,Dosis nedsættes til 25% af normaldosis med uændret dosisinterval.Velbehandlede patienter med stabil nyrefunktion < 30 ml/min. kan fortsætte behandling indtil GFR 10 ml/min.; Dosis nedsættes til 75 % af normaldosis.,True,False
page_00926.html,https://pro.medicin.dk/Medicin/Praeparater/926#a102,N05BA09,<60 ml/min.,[0],[59],NA,NA,NA,forsigtighed,monitorering,Lavere initialdosis og langsommere dosisjustering.Nyrefunktionen bør monitoreres regelmæssigt ved langtidsbehandling.,True,False
page_00929.html,https://pro.medicin.dk/Medicin/Praeparater/929#a102,V08AB02,NA,NA,NA,NA,NA,NA,NA,NA,NA,False,False
page_00937.html,https://pro.medicin.dk/Medicin/Praeparater/937#a102,B01AB02,<15 ml/min.,[0],[14],NA,NA,NA,forsigtighed,erfaring savnes,Der er ingen data vedr. anvendelse af antitrombin ved nyreinsufficiens.,True,False
page_00938.html,https://pro.medicin.dk/Medicin/Praeparater/938#a102,R01AD01,NA,NA,NA,NA,NA,NA,NA,NA,NA,False,False
page_00941.html,https://pro.medicin.dk/Medicin/Praeparater/941#a102,C01CA07,<60 ml/min.,[0],[59],NA,NA,NA,forsigtighed,øget bivirkningsrisiko,Uomdannet dobutamin og metabolitter udskilles renalt.,True,False
page_00954.html,https://pro.medicin.dk/Medicin/Praeparater/954#a102,L04AD01,<30 ml/min.,[0],[29],NA,NA,NA,forsigtighed,betinget,"Andre indikationer end transplantation. Bør kun anvendes  ved nefrotisk syndrom med samtidig  nyreinsufficiens.  Initialdosis bør ikke overstige 2,5 mg/kg/dag.",True,False
page_00955.html,https://pro.medicin.dk/Medicin/Praeparater/955#a102,A04AD01,NA,NA,NA,NA,NA,NA,NA,NA,NA,False,False
page_00957.html,https://pro.medicin.dk/Medicin/Praeparater/957#a102,N05BA12,<60 ml/min.,[0],[59],NA,NA,NA,forsigtighed,dosisjustering,"1)Tabletter.Voksne.Fx initialt 0,5-0,75 mg dgl. fordelt på flere doser. Dosis kan øges gradvist efter behov og tolerans.2)Depottabletter.Voksne.Fx initialt 0,5-1 mg dgl. fordelt på 1-2 doser. Dosis kan øges gradvist efter behov og tolerans.",True,False
page_00965.html,https://pro.medicin.dk/Medicin/Praeparater/965#a102,C08DB01,NA,NA,NA,NA,NA,NA,NA,NA,"GFR 0-60 ml/min., Startdosis: 120 mg fordelt på 3 doser daglig. Langsom optitrering.",True,False
page_00974.html,https://pro.medicin.dk/Medicin/Praeparater/974#a102,N07BA01,<45 ml/min.,[0],[44],NA,NA,NA,forsigtighed,øget bivirkningsrisiko,Mulig øget risiko for bivirkninger.,True,False
page_00987.html,https://pro.medicin.dk/Medicin/Praeparater/987#a102,J01DD02,<50 ml/min.,[0],[49],"GFR(ml/min)Intermitterende infusionKontinuerlig infusionVoksne ogbørn > 40 kgBørn < 40 kgog > 2 mdr.Voksne ogbørn > 40 kgBørn < 40 kgog > 2 mdr.31-501 g hver 12. time25 mg/kghver 12. time2 g efterfulgt af1-3 g hver 24. time-*16-301 g hver 24. time25 mg/kghver 24. time2 g efterfulgt af1 g hver 24. time-*6-150,5 g hver 24. time12,5 mg/kghver 24. time-*-*< 50,5 g hver 48. time12,5 mg/kghver 48. time-*-*Hæmodialyse.1 g i.v. dgl. ved slutningen af hver dialyse.Peritonealdialyse.125-250 mg pr. 2 l dialysevæske.* Ikke undersøgt",,,forsigtighed,dosisjustering,"Voksne ogbørn > 40 kg: Børn < 40 kgog > 2 mdr.: Voksne ogbørn > 40 kg: Børn < 40 kgog > 2 mdr.; 31-50: 1 g hver 12. time: 25 mg/kghver 12. time: 2 g efterfulgt af1-3 g hver 24. time: -*; 16-30: 1 g hver 24. time: 25 mg/kghver 24. time: 2 g efterfulgt af1 g hver 24. time: -*; 6-15: 0,5 g hver 24. time: 12,5 mg/kghver 24. time: -*: -*; < 5: 0,5 g hver 48. time: 12,5 mg/kghver 48. time: -*: -*; Hæmodialyse.1 g i.v. dgl. ved slutningen af hver dialyse.; Peritonealdialyse.125-250 mg pr. 2 l dialysevæske.; * Ikke undersøgt: * Ikke undersøgt",True,True
page_00991.html,https://pro.medicin.dk/Medicin/Praeparater/991#a102,N01BB01,<30 ml/min.,[0],[29],NA,NA,NA,forsigtighed,øget bivirkningsrisiko,Forsigtighed tilrådes ved langvarig eller gentagen administration.,True,False
page_00992.html,https://pro.medicin.dk/Medicin/Praeparater/992#a102,N01BB01,<30 ml/min.,[0],[29],NA,NA,NA,forsigtighed,øget bivirkningsrisiko,Forsigtighed tilrådes ved langvarig eller gentagen administration.,True,False
page_00993.html,https://pro.medicin.dk/Medicin/Praeparater/993#a102,N02AA01,<30 ml/min.; 30-50 ml/min.,"[0, 30]","[29, 50]",NA; NA,"['NA', 'NA']","['NA', 'NA']",forsigtighed; forsigtighed,dosisjustering; dosisjustering,Dosis nedsættes til 25% af normaldosis med uændret dosisinterval.Velbehandlede patienter med stabil nyrefunktion < 30 ml/min. kan fortsætte behandling indtil GFR 10 ml/min.; Dosis nedsættes til 75 % af normaldosis.,True,False
page_00997.html,https://pro.medicin.dk/Medicin/Praeparater/997#a102,N05AB03,NA,NA,NA,NA,NA,NA,NA,NA,NA,False,False
page_00998.html,https://pro.medicin.dk/Medicin/Praeparater/998#a102,L01CB01,<50 ml/min.,[0],[49],NA,NA,NA,forsigtighed,dosisjustering,GFR 15-50 ml/min:Initialdosis bør nedsættes til 75 % af normaldosis.GFR < 15 ml/min: Yderligere dosisreduktion vil sandsynligvis være nødvendig.Efterfølgende doser bør justeres i henhold til tolerans og klinisk effekt. Tæt monitorering af hæmatologiske parametre tilrådes.,True,False
page_01003.html,https://pro.medicin.dk/Medicin/Praeparater/1003#a102,J07BL01,NA,NA,NA,NA,NA,NA,NA,NA,NA,False,False
page_01008.html,https://pro.medicin.dk/Medicin/Praeparater/1008#a102,B05BA01,<30 ml/min.,[0],[29],NA,NA,NA,forsigtighed,monitorering,"Dosistilpasning under hensyn til patientbehov og sværhedsgrad af nyreinsufficiens. Tæt monitorering af væske-, elektrolyt- og syre-base-status. Kontraindiceret ved alvorlig nyreinsufficiens uden samtidig renal substitutionsbehandling (fx hæmodialyse, hæmofiltrering).",True,False
page_01009.html,https://pro.medicin.dk/Medicin/Praeparater/1009#a102,B05BA01,<30 ml/min.,[0],[29],NA,NA,NA,forsigtighed,monitorering,"Dosistilpasning under hensyn til patientbehov og sværhedsgrad af nyreinsufficiens. Tæt monitorering af væske-, elektrolyt- og syre-base-status. Kontraindiceret ved alvorlig nyreinsufficiens uden samtidig renal substitutionsbehandling (fx hæmodialyse, hæmofiltrering).",True,False
page_01026.html,https://pro.medicin.dk/Medicin/Praeparater/1026#a102,R01AA07,NA,NA,NA,NA,NA,NA,NA,NA,NA,False,False
page_01029.html,https://pro.medicin.dk/Medicin/Praeparater/1029#a102,N01AH02,<60 ml/min.,[0],[59],NA,NA,NA,forsigtighed,monitorering,Forsigtig dosistitrering og længere postoperativ observation.,True,False
page_01034.html,https://pro.medicin.dk/Medicin/Praeparater/1034#a102,R05DA09,NA,NA,NA,NA,NA,NA,NA,NA,NA,False,False
page_01042.html,https://pro.medicin.dk/Medicin/Praeparater/1042#a102,C01DA14,NA,NA,NA,NA,NA,NA,NA,NA,NA,False,False
page_01045.html,https://pro.medicin.dk/Medicin/Praeparater/1045#a102,L01DC03,<60 ml/min.,[0],[59],NA,NA,NA,forsigtighed,dosisjustering,Ved samtidig strålebehandling eller anden cytostatikabehandling kan dosisjustering overvejes ved i.v. behandling.,True,False
page_01047.html,https://pro.medicin.dk/Medicin/Praeparater/1047#a102,B02BD06,NA,NA,NA,NA,NA,NA,NA,NA,NA,False,False
page_01048.html,https://pro.medicin.dk/Medicin/Praeparater/1048#a102,B05BA01,<30 ml/min.,[0],[29],NA,NA,NA,forsigtighed,monitorering,"Dosistilpasning under hensyn til patientbehov og sværhedsgrad af nyreinsufficiens.Tæt monitorering af væske-, elektrolyt- og syre-base-status.Kontraindiceret ved alvorlig nyreinsufficiens uden samtidig renal substitutionsbehandling (fx hæmodialyse, hæmofiltrering).",True,False
page_01053.html,https://pro.medicin.dk/Medicin/Praeparater/1053#a102,M01AC02,<30 ml/min.; 30-60 ml/min.,"[0, 30]","[29, 60]",NA; NA,"['NA', 'NA']","['NA', 'NA']",kontraindiceret; forsigtighed,øget bivirkningsrisiko; monitorering,Prostaglandiner har betydning for opretholdelse af normal nyregennemblødning. NSAID's hæmning af prostaglandinsyntesen kan derfor forårsage nedsat nyregennemblødning og dermed forværret nyrefunktion.; Prostaglandiner har betydning for opretholdelse af normal nyregennemblødning. NSAID's hæmning af prostaglandinsyntesen kan derfor forårsage nedsat nyregennemblødning og dermed forværret nyrefunktion. Tæt monitorering af nyrefunktionen tilrådes.,True,False
page_01054.html,https://pro.medicin.dk/Medicin/Praeparater/1054#a102,V08AB05,NA,NA,NA,NA,NA,NA,NA,NA,NA,False,False
page_01060.html,https://pro.medicin.dk/Medicin/Praeparater/1060#a102,J01GB03,<90 ml/min.,[0],[89],NA,NA,NA,forsigtighed,dosisjustering,"Behandling foregår oftest i højst 3 dage, og det er ikke nødvendigt at monitorere P-gentamicin de første 3 dage.1. dosis (uafhængig af nyrefunktion):Voksne. 5 mg/kg legemsvægt.2. og 3. dosis:GFR ≥ 60 ml/min.Højst 3 doser (samme dosis som 1. dosis):2. dosis gives tidligst 16 timer efter 1. dosis (kl. 8, 14 eller 20)3. dosis gives døgnet efter 2. dosis (samme klokkeslæt som 2. dosis).GFR 45-60 ml/min.Højst 2 doser (samme dosis som 1. dosis):2. dosis gives tidligst 36-48 timer efter 1. dosis.GFR < 45 ml/min. Højst 1 dosis (kun 1. dosis).Bemærk:Forovervægtige(BMI > 25) udregnes en korrigeret legemsvægt (ABW) ud fra højde i cm og vægt i kg, se Doseringsforslag i præparatbeskrivelsen.GFR benyttes her som estimat for kreatininclearance. Der er dog en række fejlkilder knyttet til brugen af GFR - bl.a. hastige/akutte ændringer i patientens nyrefunktion, kropsstørrelse, som afviger meget fra det normale, og afvigende muskelmasse (fx bodybuildere, patienter med lammelser og amputerede patienter).",True,False
page_01063.html,https://pro.medicin.dk/Medicin/Praeparater/1063#a102,N05BA04,<60 ml/min.,[0],[59],NA,NA,NA,forsigtighed,monitorering,Nyrefunktionen bør monitoreres regelmæssigt.,True,False
page_01064.html,https://pro.medicin.dk/Medicin/Praeparater/1064#a102,L01AA06,<15 ml/min.; 15-60 ml/min.,"[0, 15]","[14, 60]",NA; NA,"['NA', 'NA']","['NA', 'NA']",forsigtighed; forsigtighed,dosisjustering; dosisjustering,Dosis nedsættes til 60% af normaldosis.; Dosis nedsættes til 80% af normaldosis.,True,False
page_01066.html,https://pro.medicin.dk/Medicin/Praeparater/1066#a102,D06BB04,NA,NA,NA,NA,NA,NA,NA,NA,NA,False,False
page_01070.html,https://pro.medicin.dk/Medicin/Praeparater/1070#a102,N01BB20,<30 ml/min.,[0],[29],NA,NA,NA,forsigtighed,øget bivirkningsrisiko,Forsigtighed ved øget risiko for systemisk optagelse.,True,False
page_01071.html,https://pro.medicin.dk/Medicin/Praeparater/1071#a102,N03AF01,NA,NA,NA,NA,NA,NA,NA,NA,NA,False,False
page_01073.html,https://pro.medicin.dk/Medicin/Praeparater/1073#a102,S01AA13,NA,NA,NA,NA,NA,NA,NA,NA,NA,False,False
page_01076.html,https://pro.medicin.dk/Medicin/Praeparater/1076#a102,A07EC02,<30 ml/min.,[0],[29],NA,NA,NA,kontraindiceret,øget bivirkningsrisiko,Risiko for mesalazininduceret nyreskade.,True,False
page_01078.html,https://pro.medicin.dk/Medicin/Praeparater/1078#a102,C10AB04,NA,NA,NA,NA,NA,NA,NA,NA,"Monitorering af bivirkninger, GFR < 30 ml/min., Initialdosis 600 mg 1 gang dgl. Forsigtig optitrering til højst 600 mg 2 gange dgl. under monitorering af bivirkninger, 1, 1) Reference: UpToDate(R).",True,False
page_01082.html,https://pro.medicin.dk/Medicin/Praeparater/1082#a102,C07AB02,NA,NA,NA,NA,NA,NA,NA,NA,NA,False,False
page_01089.html,https://pro.medicin.dk/Medicin/Praeparater/1089#a102,R05CB01,NA,NA,NA,NA,NA,NA,NA,NA,NA,False,False
page_01090.html,https://pro.medicin.dk/Medicin/Praeparater/1090#a102,C01BC03,<60 ml/min.,[0],[59],NA,NA,NA,forsigtighed,monitorering,Risiko for akkumulering ved standarddosering. Kan anvendes under EKG-kontrol.,True,False
page_01091.html,https://pro.medicin.dk/Medicin/Praeparater/1091#a102,C01BD01,<60 ml/min.,[0],[59],NA,NA,NA,forsigtighed,hjælpestoffer,"BenzylalkoholCordarone® injektionsvæske og Amiodaron ""Hameln"" koncentrat til injektions-/infusionsvæske indeholder benzylalkohol der skal bruges med forsigtighed ved nedsat nyre- og leverfunktion. Læs mereher.",True,False
page_01099.html,https://pro.medicin.dk/Medicin/Praeparater/1099#a102,G04CA03,NA,NA,NA,NA,NA,NA,NA,NA,NA,False,False
page_01100.html,https://pro.medicin.dk/Medicin/Praeparater/1100#a102,N05AF05,NA,NA,NA,NA,NA,NA,NA,NA,NA,False,False
page_01101.html,https://pro.medicin.dk/Medicin/Praeparater/1101#a102,S01ED02,NA,NA,NA,NA,NA,NA,NA,NA,NA,False,False
page_01103.html,https://pro.medicin.dk/Medicin/Praeparater/1103#a102,C08CA06,NA,NA,NA,NA,NA,NA,NA,NA,NA,False,False
page_01105.html,https://pro.medicin.dk/Medicin/Praeparater/1105#a102,D07CC01,NA,NA,NA,NA,NA,NA,NA,NA,NA,False,False
page_01108.html,https://pro.medicin.dk/Medicin/Praeparater/1108#a102,B05BB01,<60 ml/min.,[0],[59],NA,NA,NA,forsigtighed,monitorering,"Monitorering af væske-, elektrolyt- og syre-base-status.",True,False
page_01112.html,https://pro.medicin.dk/Medicin/Praeparater/1112#a102,V03AF01,NA,NA,NA,NA,NA,NA,NA,NA,NA,False,False
page_01117.html,https://pro.medicin.dk/Medicin/Praeparater/1117#a102,D11AX01,NA,NA,NA,NA,NA,NA,NA,NA,NA,False,False
page_01120.html,https://pro.medicin.dk/Medicin/Praeparater/1120#a102,N05CF01,NA,NA,NA,NA,NA,NA,NA,NA,"Dosisjustering, GFR < 10 ml/min., Initialdosis 3,75 mg 15-30 min. før sengetid, evt. stigende til 7,5 mg.",True,False
page_01127.html,https://pro.medicin.dk/Medicin/Praeparater/1127#a102,L04AX01,NA,NA,NA,NA,NA,NA,NA,NA,NA,False,False
page_01128.html,https://pro.medicin.dk/Medicin/Praeparater/1128#a102,M01AE02,30-60 ml/min.; <30 ml/min.,"[30, 0]","[60, 29]",NA; NA,"['NA', 'NA']","['NA', 'NA']",forsigtighed; kontraindiceret,monitorering; øget bivirkningsrisiko,Prostaglandiner har betydning for opretholdelse af normal nyregennemblødning. NSAID's hæmning af prostaglandinsyntesen kan derfor forårsage nedsat nyregennemblødning og dermed forværret nyrefunktion. Tæt monitorering af nyrefunktionen tilrådes.; Prostaglandiner har betydning for opretholdelse af normal nyregennemblødning. NSAID's hæmning af prostaglandinsyntesen kan derfor forårsage nedsat nyregennemblødning og dermed forværret nyrefunktion.,True,False
page_01131.html,https://pro.medicin.dk/Medicin/Praeparater/1131#a102,B01AB02,<15 ml/min.,[0],[14],NA,NA,NA,forsigtighed,erfaring savnes,Der er ingen data vedr. anvendelse af antitrombin ved nyreinsufficiens.,True,False
page_01132.html,https://pro.medicin.dk/Medicin/Praeparater/1132#a102,M03BX01,<10 ml/min.; 10-30 ml/min.; 10-30 ml/min.; 10-30 ml/min.; 30-60 ml/min.; 30-60 ml/min.; 30-60 ml/min.,"[0, 10, 10, 10, 30, 30, 30]","[9, 30, 30, 30, 60, 60, 60]",≥2 år; 2-8 år; 8-17 år; ≥17 år; 2-8 år; 8-17 år; ≥17 år,"[2, 2, 8, 17, 2, 8, 17]","[150, 8, 17, 150, 8, 17, 150]",forsigtighed; forsigtighed; forsigtighed; forsigtighed; forsigtighed; forsigtighed; forsigtighed,dosisjustering; dosisjustering; dosisjustering; dosisjustering; dosisjustering; dosisjustering; dosisjustering,Højst 5 mg dgl. Alvorligt neurologisk udfald efter oral dosering er blevet rapporteret hos patienter med nedsat nyrefunktion.; Højst 5 mg 2 gange dgl.; Højst 5 mg 3 gange dgl.; Højst 20 mg i døgnet.; Højst 20 mg i døgnet.; Højst 30 mg i døgnet.; Højst 40 mg i døgnet.,True,False
page_01134.html,https://pro.medicin.dk/Medicin/Praeparater/1134#a102,M01AE02,30-60 ml/min.; <30 ml/min.,"[30, 0]","[60, 29]",NA; NA,"['NA', 'NA']","['NA', 'NA']",forsigtighed; kontraindiceret,monitorering; øget bivirkningsrisiko,Prostaglandiner har betydning for opretholdelse af normal nyregennemblødning. NSAID's hæmning af prostaglandinsyntesen kan derfor forårsage nedsat nyregennemblødning og dermed forværret nyrefunktion. Tæt monitorering af nyrefunktionen tilrådes.; Prostaglandiner har betydning for opretholdelse af normal nyregennemblødning. NSAID's hæmning af prostaglandinsyntesen kan derfor forårsage nedsat nyregennemblødning og dermed forværret nyrefunktion.,True,False
page_01135.html,https://pro.medicin.dk/Medicin/Praeparater/1135#a102,C02CA04,NA,NA,NA,NA,NA,NA,NA,NA,NA,False,False
page_01138.html,https://pro.medicin.dk/Medicin/Praeparater/1138#a102,A07EC03,<30 ml/min.,[0],[29],NA,NA,NA,kontraindiceret,øget bivirkningsrisiko,Risiko for olsalazininduceret nyreskade.,True,False
page_01148.html,https://pro.medicin.dk/Medicin/Praeparater/1148#a102,G03FA01,NA,NA,NA,NA,NA,NA,NA,NA,NA,False,False
page_01151.html,https://pro.medicin.dk/Medicin/Praeparater/1151#a102,G03AA09,NA,NA,NA,NA,NA,NA,NA,NA,NA,False,False
page_01158.html,https://pro.medicin.dk/Medicin/Praeparater/1158#a102,L02AE03,NA,NA,NA,NA,NA,NA,NA,NA,NA,False,False
page_01164.html,https://pro.medicin.dk/Medicin/Praeparater/1164#a102,H01AC01,NA,NA,NA,NA,NA,NA,NA,NA,NA,False,False
page_01165.html,https://pro.medicin.dk/Medicin/Praeparater/1165#a102,R06AX13,NA,NA,NA,NA,NA,NA,NA,NA,NA,False,False
page_01179.html,https://pro.medicin.dk/Medicin/Praeparater/1179#a102,R06AE07,NA,NA,NA,NA,NA,NA,NA,NA,"Dosisjustering, GFR: < 10 ml/min., Højst 5-10 mg dgl., 1, 1) Reference, :, The Renal Drug Handbook, , 5th Ed.",True,False
page_01180.html,https://pro.medicin.dk/Medicin/Praeparater/1180#a102,B01AD02,NA,NA,NA,NA,NA,NA,NA,NA,NA,False,False
page_01185.html,https://pro.medicin.dk/Medicin/Praeparater/1185#a102,N06AB03,<60 ml/min.,[0],[59],NA,NA,NA,forsigtighed,hjælpestoffer,"Dispergible tabletter indeholder benzylalkohol, der skal bruges med forsigtighed ved nedsat nyre- og leverfunktion. Læs mereher.",True,False
page_01188.html,https://pro.medicin.dk/Medicin/Praeparater/1188#a102,G03AA10,NA,NA,NA,NA,NA,NA,NA,NA,NA,False,False
page_01190.html,https://pro.medicin.dk/Medicin/Praeparater/1190#a102,N02BE01,NA,NA,NA,NA,NA,NA,NA,NA,"Oral administration, Det anbefales at:, ved GFR 10-50 ml/min: dosis hver 6. time, ved GFR < 10 ml/min: dosis hver 8. time",True,False
page_01193.html,https://pro.medicin.dk/Medicin/Praeparater/1193#a102,H01CB02,NA,NA,NA,NA,NA,NA,NA,NA,NA,False,False
page_01200.html,https://pro.medicin.dk/Medicin/Praeparater/1200#a102,J07BC01,NA,NA,NA,NA,NA,NA,NA,NA,"Præ-hæmodialysepatienter og hæmodialysepatienter har en risiko for at blive udsat for hepatitis B-virus og en højere risiko for at blive kronisk inficeret. Det bør sikres, at der opnås og fastholdes et beskyttende antistofniveau som defineret i de nationale anbefalinger og retningslinjer.",True,False
page_01203.html,https://pro.medicin.dk/Medicin/Praeparater/1203#a102,G02AD02,<60 ml/min.,[0],[59],NA,NA,NA,forsigtighed,erfaring savnes,"Dinoproston udskilles hovedsageligt gennem nyrerne, men det systemiske optag er ringe.",True,False
page_01208.html,https://pro.medicin.dk/Medicin/Praeparater/1208#a102,C08DB01,NA,NA,NA,NA,NA,NA,NA,NA,"GFR 0-60 ml/min., Startdosis: 120 mg fordelt på 3 doser daglig. Langsom optitrering.",True,False
page_01209.html,https://pro.medicin.dk/Medicin/Praeparater/1209#a102,J02AC01,<30 ml/min.; <30 ml/min.,"[0, 0]","[29, 29]",2-12 år,[2],[12],forsigtighed,dosisjustering,"Trøske, oral candidiasis: 1, 5 mg pr. kg legemsvægt 1 gang dgl.; Forebyggelse og behandling af candidiasis: 3 mg pr. kg legemsvægt 1 gang dgl.; Systemisk candidiasisKryptokokmeningitis: 6 mg pr. kg legemsvægt 1 gang dgl.: 6 mg pr. kg legemsvægt 1 gang dgl.",True,True
page_01210.html,https://pro.medicin.dk/Medicin/Praeparater/1210#a102,C05AA08,NA,NA,NA,NA,NA,NA,NA,NA,NA,False,False
page_01220.html,https://pro.medicin.dk/Medicin/Praeparater/1220#a102,L02AB01,NA,NA,NA,NA,NA,NA,NA,NA,NA,False,False
page_01223.html,https://pro.medicin.dk/Medicin/Praeparater/1223#a102,C10AD06,<30 ml/min.; 30-60 ml/min.,"[0, 30]","[29, 60]",NA; ≥17 år,"['NA', 17]","['NA', 150]",kontraindiceret; forsigtighed,øget bivirkningsrisiko; dosisjustering,Udskilles hovedsageligt gennem nyrerne. Kontraindiceret pga. risiko for akkumulering af stoffet.; Højst 250 mg 1-2 gange dgl.,True,False
page_01226.html,https://pro.medicin.dk/Medicin/Praeparater/1226#a102,C01EA01,NA,NA,NA,NA,NA,NA,NA,NA,NA,False,False
page_01227.html,https://pro.medicin.dk/Medicin/Praeparater/1227#a102,N07AA51,NA,NA,NA,NA,NA,NA,NA,NA,NA,False,False
page_01231.html,https://pro.medicin.dk/Medicin/Praeparater/1231#a102,L02BA01,NA,NA,NA,NA,NA,NA,NA,NA,NA,False,False
page_01233.html,https://pro.medicin.dk/Medicin/Praeparater/1233#a102,B05XA31,<60 ml/min.,[0],[59],NA,NA,NA,forsigtighed,øget bivirkningsrisiko,Udskillelsen af visse sporstoffer kan være betydeligt nedsat.,True,False
page_01237.html,https://pro.medicin.dk/Medicin/Praeparater/1237#a102,J01DC02,<30 ml/min.,[0],[29],GFROral dosis (voksne)10-30 ml/min.Dosis hver 24. time< 10 ml/min.Dosis hver 48. timeHæmodialyse1 ekstra dosis efter hver dialyse,,,forsigtighed,dosisjustering,10-30 ml/min.: Dosis hver 24. time; < 10 ml/min.: Dosis hver 48. time; Hæmodialyse: 1 ekstra dosis efter hver dialyse: 1 ekstra dosis efter hver dialyse,True,True
page_01243.html,https://pro.medicin.dk/Medicin/Praeparater/1243#a102,N06AB04,<30 ml/min.,[0],[29],NA,NA,NA,forsigtighed,erfaring savnes,Forsigtighed ved GFR < 30 ml/min pga. manglende erfaring.,True,False
page_01245.html,https://pro.medicin.dk/Medicin/Praeparater/1245#a102,B01AB04,<60 ml/min.; <30 ml/min.,"[0, 0]","[59, 29]",NA; NA,"['NA', 'NA']","['NA', 'NA']",forsigtighed; forsigtighed,hjælpestoffer; betinget,"Injektionsvæske, opl. 25.000 anti-Xa IE/ml indeholder benzylalkohol der skal bruges med forsigtighed ved nedsat nyre- og leverfunktion. Læs mereher.; Hæmodialyse og hæmofiltration (voksne)Kronisk nyreinsufficiens uden kendt blødningsrisikoLangtidshæmodialyse og hæmofiltration > 4 timer: Bolus i.v. injektion på 30-40 IE/kg efterfulgt af infusion af 10-15 IE/kg pr. time.Korttidshæmodialyse og hæmofiltration < 4 timer: Enten som ovenfor eller en enkelt bolusinjektion af 5.000 IE i.v. eller i den arterielle side af systemet.For både langtids- og korttidshæmodialyse og hæmofiltration bør plasma anti-Faktor Xa-niveauet ligge i intervallet 0,5-1,0 IE/ml.Akut nyresvigt eller høj blødningsrisikoBolus i.v. injektion af 5-10 IE/kg efterfulgt af infusion af 4-5 IE/kg pr. time.Plasma anti-Faktor Xa-niveauet bør ligge i intervallet 0,2-0,4 IE/ml.",True,False
page_01247.html,https://pro.medicin.dk/Medicin/Praeparater/1247#a102,J05AB06,<70 ml/min.,[0],[69],"Voksne og børn > 12 årGFR (ml/min.)Initial dosisVedligeholdelsesdosis50-692,5 mg/kg hver 12. time2,5 mg/kg/døgn25-492,5 mg/kg/døgn1,25 mg/kg/døgn10-241,25 mg/kg/døgn0,625 mg/kg/døgn< 101,25 mg/kg 3 gange ugentlig*0,625 mg/kg 3 gange ugentlig** efter hæmodialyse",,,forsigtighed,dosisjustering,"50-69: 2,5 mg/kg hver 12. time: 2,5 mg/kg/døgn; 25-49: 2,5 mg/kg/døgn: 1,25 mg/kg/døgn; 10-24: 1,25 mg/kg/døgn: 0,625 mg/kg/døgn; < 10: 1,25 mg/kg 3 gange ugentlig*: 0,625 mg/kg 3 gange ugentlig*; * efter hæmodialyse: * efter hæmodialyse",True,True
page_01249.html,https://pro.medicin.dk/Medicin/Praeparater/1249#a102,J04BA02,NA,NA,NA,NA,NA,NA,NA,NA,NA,False,False
page_01254.html,https://pro.medicin.dk/Medicin/Praeparater/1254#a102,M01AE01,<30 ml/min.; 30-60 ml/min.,"[0, 30]","[29, 60]",NA; NA,"['NA', 'NA']","['NA', 'NA']",kontraindiceret; forsigtighed,øget bivirkningsrisiko; monitorering,Prostaglandiner har betydning for opretholdelse af normal nyregennemblødning. NSAID's hæmning af prostaglandinsyntesen kan derfor forårsage nedsat nyregennemblødning og dermed forværret nyrefunktion.; Prostaglandiner har betydning for opretholdelse af normal nyregennemblødning. NSAID's hæmning af prostaglandinsyntesen kan derfor forårsage nedsat nyregennemblødning og dermed forværret nyrefunktion. Tæt monitorering af nyrefunktionen tilrådes.,True,False
page_01255.html,https://pro.medicin.dk/Medicin/Praeparater/1255#a102,A02BC01,NA,NA,NA,NA,NA,NA,NA,NA,NA,False,False
page_01259.html,https://pro.medicin.dk/Medicin/Praeparater/1259#a102,S01ED01,NA,NA,NA,NA,NA,NA,NA,NA,NA,False,False
page_01265.html,https://pro.medicin.dk/Medicin/Praeparater/1265#a102,J01CR02,<10 ml/min.,[0],[9],NA,NA,NA,forsigtighed,dosisjustering,"Højst 500 mg/125 mg 3 gange dgl.Ved behandling i kortere tid, op til 1 uge, er der ikke behov for dosisreduktion.",True,False
page_01271.html,https://pro.medicin.dk/Medicin/Praeparater/1271#a102,V08CA01,30-60 ml/min.; <30 ml/min.,"[30, 0]","[60, 29]",NA; NA,"['NA', 'NA']","['NA', 'NA']",forsigtighed; kontraindiceret,monitorering; øget bivirkningsrisiko,Der skal være mindst 7 dage mellem to injektioner. Det anbefales at vurdere nyrefunktionen før indgift af kontraststof.; Kontraindiceret pga. risiko for nefrogen systemisk fibrose (NSF).,True,False
page_01274.html,https://pro.medicin.dk/Medicin/Praeparater/1274#a102,A07EC02,<30 ml/min.,[0],[29],NA,NA,NA,kontraindiceret,øget bivirkningsrisiko,Risiko for mesalazininduceret nyreskade.,True,False
page_01276.html,https://pro.medicin.dk/Medicin/Praeparater/1276#a102,R03AL01,NA,NA,NA,NA,NA,NA,NA,NA,NA,False,False
page_01280.html,https://pro.medicin.dk/Medicin/Praeparater/1280#a102,N04BD01,<30 ml/min.,[0],[29],NA,NA,NA,forsigtighed,ingen eller begrænset erfaring,Flere aktive metabolitter udskilles hovedsageligt gennem nyrerne. Forsigtighed ved stærkt nedsat nyrefunktion.,True,False
page_01292.html,https://pro.medicin.dk/Medicin/Praeparater/1292#a102,D05BB02,<30 ml/min.,[0],[29],NA,NA,NA,kontraindiceret,erfaring savnes,Kontraindiceret pga. manglende data.,True,False
page_01300.html,https://pro.medicin.dk/Medicin/Praeparater/1300#a102,N05CF02,NA,NA,NA,NA,NA,NA,NA,NA,NA,False,False
page_01302.html,https://pro.medicin.dk/Medicin/Praeparater/1302#a102,G03CA03,NA,NA,NA,NA,NA,NA,NA,NA,NA,False,False
page_01308.html,https://pro.medicin.dk/Medicin/Praeparater/1308#a102,D07AA02,NA,NA,NA,NA,NA,NA,NA,NA,NA,False,False
page_01318.html,https://pro.medicin.dk/Medicin/Praeparater/1318#a102,C03EB01,30-60 ml/min.; <30 ml/min.,"[30, 0]","[60, 29]",NA; NA,"['NA', 'NA']","['NA', 'NA']",forsigtighed; kontraindiceret,monitorering; øget bivirkningsrisiko,Monitorering af P-kalium pga. risiko for hyperkaliæmi.; Relativ kontraindiceret. Risiko for hyperkaliæmi. Dosis af amilorid bør nedsættes til 50 %.,True,False
page_01321.html,https://pro.medicin.dk/Medicin/Praeparater/1321#a102,P03AC04,NA,NA,NA,NA,NA,NA,NA,NA,NA,False,False
page_01323.html,https://pro.medicin.dk/Medicin/Praeparater/1323#a102,D10AX03,NA,NA,NA,NA,NA,NA,NA,NA,NA,False,False
page_01325.html,https://pro.medicin.dk/Medicin/Praeparater/1325#a102,A04AA01,<60 ml/min.,[0],[59],NA,NA,NA,forsigtighed,hjælpestoffer,"Evt. indhold af benzylalkoholZofran® oral opløsning samt frysetørrede tabletter og Ondansetron ""Aristo"" smeltetabletterindeholder benzylalkohol der skal bruges med forsigtighed ved nedsat nyre- og leverfunktion. Læs mereher.",True,False
page_01328.html,https://pro.medicin.dk/Medicin/Praeparater/1328#a102,"B05BB01, V07AB",<30 ml/min.,[0],[29],NA,NA,NA,forsigtighed,monitorering,"Monitorering af væske-, elektrolyt- og syre-base-status.",True,False
page_01332.html,https://pro.medicin.dk/Medicin/Praeparater/1332#a102,N03AF02,<30 ml/min.,[0],[29],NA,NA,NA,forsigtighed,monitorering,Der indledes med halv dosis.Dosisøgning med intervaller på mindst 1 uge.,True,False
page_01333.html,https://pro.medicin.dk/Medicin/Praeparater/1333#a102,H02AB04,<60 ml/min.,[0],[59],NA,NA,NA,forsigtighed,øget bivirkningsrisiko,"Glukokortikoider kan medføre hypernatriæmi, hypokaliæmi, væskeretention og forhøjelse af blodtrykket.",True,False
page_01337.html,https://pro.medicin.dk/Medicin/Praeparater/1337#a102,B05BB02,NA,NA,NA,NA,NA,NA,NA,NA,NA,False,False
page_01338.html,https://pro.medicin.dk/Medicin/Praeparater/1338#a102,B05BB02,<60 ml/min.,[0],[59],NA,NA,NA,forsigtighed,monitorering,Monitorering af P-kalium pga. risiko for hyperkaliæmi.,True,False
page_01339.html,https://pro.medicin.dk/Medicin/Praeparater/1339#a102,B05BB01,<60 ml/min.,[0],[59],NA,NA,NA,forsigtighed,monitorering,"Monitorering af væske-, elektrolyt- og syre-base-status.Risiko for hyperkaliæmi.",True,False
page_01340.html,https://pro.medicin.dk/Medicin/Praeparater/1340#a102,B05XA03,<30 ml/min.; 30-60 ml/min.,"[0, 30]","[29, 60]",NA; NA,"['NA', 'NA']","['NA', 'NA']",kontraindiceret; forsigtighed,NA; monitorering,Dosisjustering er utilstrækkelig ved stærkt nedsat nyrefunktion.; Tæt monitorering af P-elektrolytter tilrådes.,True,False
page_01341.html,https://pro.medicin.dk/Medicin/Praeparater/1341#a102,"B05BB01, V07AB",<30 ml/min.,[0],[29],NA,NA,NA,forsigtighed,monitorering,"Monitorering af væske-, elektrolyt- og syre-base-status.",True,False
page_01342.html,https://pro.medicin.dk/Medicin/Praeparater/1342#a102,B05BA03,<30 ml/min.,[0],[29],NA,NA,NA,forsigtighed,monitorering,"Forsigtighed tilrådes, især ved infusion af store volumina.Glucosetolerancen kan være nedsat. Tæt monitorering af blod-glucose og elektrolytter er påkrævet, og insulin og/eller kaliumbehov kan ændres.",True,False
page_01343.html,https://pro.medicin.dk/Medicin/Praeparater/1343#a102,B05BA03,<30 ml/min.,[0],[29],NA,NA,NA,forsigtighed,monitorering,"Forsigtighed tilrådes, især ved infusion af store volumina.Glucosetolerancen kan være nedsat. Tæt monitorering af blod-glucose og elektrolytter er påkrævet, og insulin og/eller kaliumbehov kan ændres.",True,False
page_01344.html,https://pro.medicin.dk/Medicin/Praeparater/1344#a102,B05BB02,<60 ml/min.,[0],[59],NA,NA,NA,forsigtighed,monitorering,Monitorering af P-kalium pga. risiko for hyperkaliæmi.,True,False
page_01345.html,https://pro.medicin.dk/Medicin/Praeparater/1345#a102,B05BB02,<60 ml/min.,[0],[59],NA,NA,NA,forsigtighed,monitorering,"Monitorering af væske-, elektrolyt- og syre-base-status.Risiko for hyperkaliæmi.",True,False
page_01348.html,https://pro.medicin.dk/Medicin/Praeparater/1348#a102,B05BB02,<30 ml/min.,[0],[29],NA,NA,NA,forsigtighed,monitorering,"Monitorering af væske-, elektrolyt- og syre-base-status.",True,False
page_01350.html,https://pro.medicin.dk/Medicin/Praeparater/1350#a102,B05BB01,<30 ml/min.,[0],[29],NA,NA,NA,forsigtighed,monitorering,"Monitorering af væske-, elektrolyt- og syre-base-status.",True,False
page_01352.html,https://pro.medicin.dk/Medicin/Praeparater/1352#a102,B05BB01,<60 ml/min.,[0],[59],NA,NA,NA,forsigtighed,monitorering,"Monitorering af væske-, elektrolyt- og syre-base-status.",True,False
page_01358.html,https://pro.medicin.dk/Medicin/Praeparater/1358#a102,V07AB,NA,NA,NA,NA,NA,NA,NA,NA,NA,False,False
page_01361.html,https://pro.medicin.dk/Medicin/Praeparater/1361#a102,M01AB05,30-60 ml/min.; <30 ml/min.,"[30, 0]","[60, 29]",NA; NA,"['NA', 'NA']","['NA', 'NA']",forsigtighed; kontraindiceret,monitorering; øget bivirkningsrisiko,Prostaglandiner har betydning for opretholdelse af normal nyregennemblødning. NSAID's hæmning af prostaglandinsyntesen kan derfor forårsage nedsat nyregennemblødning og dermed forværret nyrefunktion. Tæt monitorering af nyrefunktionen tilrådes.; Prostaglandiner har betydning for opretholdelse af normal nyregennemblødning. NSAID's hæmning af prostaglandinsyntesen kan derfor forårsage nedsat nyregennemblødning og dermed forværret nyrefunktion.,True,False
page_01363.html,https://pro.medicin.dk/Medicin/Praeparater/1363#a102,D07AC13,NA,NA,NA,NA,NA,NA,NA,NA,NA,False,False
page_01366.html,https://pro.medicin.dk/Medicin/Praeparater/1366#a102,N06AX03,<15 ml/min.,[0],[14],NA,NA,NA,forsigtighed,dosisjustering,Lav initialdosis og langsom optitrering.,True,False
page_01367.html,https://pro.medicin.dk/Medicin/Praeparater/1367#a102,C07AA05,NA,NA,NA,NA,NA,NA,NA,NA,"GFR 0-20 ml/min., Start med lav initialdosis og titrer efter effekt., Ved alvorligt nedsat nyrefunktion er der i sjældne tilfælde set yderligere forværring af nyrefunktionen.",True,False
page_01369.html,https://pro.medicin.dk/Medicin/Praeparater/1369#a102,H01CA02,NA,NA,NA,NA,NA,NA,NA,NA,NA,False,False
page_01370.html,https://pro.medicin.dk/Medicin/Praeparater/1370#a102,J01XA02,<80 ml/min.,[0],[79],NA,NA,NA,forsigtighed,dosisjustering,"Initialt normal dosering i 4 døgn.Dernæst nedsættes dosis eller dosisintervallet øges på baggrund af GFR:GFR 30-80 ml/min: Halv normal dosisGFR < 30 ml og hæmodialyse: En tredjedel af normal dosis.Peritonealdialysepatienter i CAPD:Initialt 6 mg/kg legemsvægt 1 gang1. uge: 20 mg/l i hver dialysepose2. uge: 20 mg/l i hver 2. dialysepose3. uge: 20 mg/l i nat-dialyseposen.Kontinuerlighørefunktionstest ved længerevarende behandling af patienter med nedsat nyrefunktion samt ved samtidig eller sekventiel anvendelse af andre neurotoksiske, nefrotoksiske eller ototoksiske lægemidler.",True,False
page_01378.html,https://pro.medicin.dk/Medicin/Praeparater/1378#a102,C05CA53,NA,NA,NA,NA,NA,NA,NA,NA,NA,False,False
page_01379.html,https://pro.medicin.dk/Medicin/Praeparater/1379#a102,D05AX02,NA,NA,NA,NA,NA,NA,NA,NA,NA,False,False
page_01380.html,https://pro.medicin.dk/Medicin/Praeparater/1380#a102,N02AA01,<30 ml/min.; 30-50 ml/min.,"[0, 30]","[29, 50]",NA; NA,"['NA', 'NA']","['NA', 'NA']",forsigtighed; forsigtighed,dosisjustering; dosisjustering,Dosis nedsættes til 25% af normaldosis med uændret dosisinterval.Velbehandlede patienter med stabil nyrefunktion < 30 ml/min. kan fortsætte behandling indtil GFR 10 ml/min.; Dosis nedsættes til 75 % af normaldosis.,True,False
page_01385.html,https://pro.medicin.dk/Medicin/Praeparater/1385#a102,B01AB10,<60 ml/min.; <30 ml/min.,"[0, 0]","[59, 29]",NA; NA,"['NA', 'NA']","['NA', 'NA']",forsigtighed; forsigtighed,hjælpestoffer; monitorering,Innohep injektionsvæske i hætteglasindeholder benzylalkohol der skal bruges med forsigtighed ved nedsat nyre- og leverfunktion. Læs mereher.; Monitorering af anti-Xa-aktivitet mhp. vurdering af akkumulation bør overvejes.Erfaring savnes ved GFR < 20 ml/min.,True,False
page_01388.html,https://pro.medicin.dk/Medicin/Praeparater/1388#a102,G03CX01,NA,NA,NA,NA,NA,NA,NA,NA,NA,False,False
page_01391.html,https://pro.medicin.dk/Medicin/Praeparater/1391#a102,C08CA01,NA,NA,NA,NA,NA,NA,NA,NA,NA,False,False
page_01392.html,https://pro.medicin.dk/Medicin/Praeparater/1392#a102,N03AG04,<30 ml/min.; <30 ml/min.; <30 ml/min.; <30 ml/min.; <30 ml/min.; 30-50 ml/min.; 30-50 ml/min.; 30-50 ml/min.; 30-50 ml/min.; 30-50 ml/min.; 50-80 ml/min.; 50-80 ml/min.; 50-80 ml/min.; 50-80 ml/min.; 50-80 ml/min.,"[0, 0, 0, 0, 0, 30, 30, 30, 30, 30, 50, 50, 50, 50, 50]","[29, 29, 29, 29, 29, 50, 50, 50, 50, 50, 80, 80, 80, 80, 80]",2-17 år; 15-30 KG; 30-50 KG; ≥50 KG; ≥17 år; 2-17 år; 15-30 KG; 30-50 KG; ≥50 KG; ≥17 år; 2-17 år; 15-30 KG; 30-50 KG; ≥50 KG; ≥17 år,"[2, 15, 30, 50, 17, 2, 15, 30, 50, 17, 2, 15, 30, 50, 17]","[17, 30, 50, 150, 150, 17, 30, 50, 150, 150, 17, 30, 50, 150, 150]",forsigtighed; forsigtighed; forsigtighed; forsigtighed; forsigtighed; forsigtighed; forsigtighed; forsigtighed; forsigtighed; forsigtighed; forsigtighed; forsigtighed; forsigtighed; forsigtighed; forsigtighed,dosisjustering; dosisjustering; dosisjustering; dosisjustering; dosisjustering; dosisjustering; dosisjustering; dosisjustering; dosisjustering; dosisjustering; dosisjustering; dosisjustering; dosisjustering; dosisjustering; dosisjustering,"Initialt 25 % af dosis, titrer til respons. Højst 10 mg pr. kg. legemsvægt dgl.; Initialt 25 % af dosis, titrer til respons. Højst 16,7 mg pr. kg. legemsvægt dgl.; Initialt 25 % af dosis, titrer til respons. Højst 12,5 mg pr. kg. legemsvægt dgl.; Initialt 25 % af dosis, titrer til respons. Højst 12,5 mg pr. kg. legemsvægt dgl.; Initialt 25 % af dosis, titrer til respons. Højst 750 mg dgl.; Initialt 50 % af dosis, titrer til respons. Højst 40 mg pr. kg legemsvægt dgl.; Initialt 50 % af dosis, titrer til respons. Højst 33,3 mg pr. kg legemsvægt dgl.; Initialt 50 % af dosis, titrer til respons. Højst 25 mg pr. kg legemsvægt dgl.; Initialt 50 % af dosis, titrer til respons. Højst 25 mg pr. kg legemsvægt dgl.; Initialt 50 % af dosis, titrer til respons. Højst 1.500 mg dgl.; Initialt 75 % af dosis, titrer til respons. Højst 60 mg pr. kg legemsvægt dgl.; Initialt 75 % af dosis, titrer til respons. Højst 50 mg pr. kg legemsvægt dgl.; Initialt 75 % af dosis, titrer til respons. Højst 37,5 mg pr. kg legemsvægt.; Initialt 75 % af dosis, titrer til respons. Højst 37,5 mg pr. kg legemsvægt.; Initialt 75 % af dosis, titrer til respons. Højst 2.250 mg dgl.",True,False
page_01397.html,https://pro.medicin.dk/Medicin/Praeparater/1397#a102,L01DB06,<30 ml/min.,[0],[29],NA,NA,NA,kontraindiceret,øget bivirkningsrisiko,"Elimination af idarubicin er nedsat, da det udskilles gennem nyrerneog med galden.",True,False
page_01400.html,https://pro.medicin.dk/Medicin/Praeparater/1400#a102,B01AC06,<60 ml/min.,[0],[59],NA,NA,NA,forsigtighed,øget bivirkningsrisiko,Forsigtighed pga. øget risiko for bivirkninger. Behandlingen bør vurderes regelmæssigt.,True,False
page_01410.html,https://pro.medicin.dk/Medicin/Praeparater/1410#a102,N06AA04,<60 ml/min.,[0],[59],NA,NA,NA,forsigtighed,monitorering,Løbende monitorering anbefales.,True,False
page_01415.html,https://pro.medicin.dk/Medicin/Praeparater/1415#a102,L03AA02,NA,NA,NA,NA,NA,NA,NA,NA,NA,False,False
page_01416.html,https://pro.medicin.dk/Medicin/Praeparater/1416#a102,N07BA01,<45 ml/min.,[0],[44],NA,NA,NA,forsigtighed,øget bivirkningsrisiko,Mulig øget risiko for bivirkninger.,True,False
page_01419.html,https://pro.medicin.dk/Medicin/Praeparater/1419#a102,G02AD04,<60 ml/min.,[0],[59],NA,NA,NA,kontraindiceret,NA,"Mulige alternativer, se Prostaglandiner.",True,False
page_01420.html,https://pro.medicin.dk/Medicin/Praeparater/1420#a102,V07AB,NA,NA,NA,NA,NA,NA,NA,NA,NA,False,False
page_01421.html,https://pro.medicin.dk/Medicin/Praeparater/1421#a102,C04AD03,<60 ml/min.,[0],[59],≥17 år,[17],[150],forsigtighed,dosisjustering,Det kan være nødvendigt at reducere dosis med 30-50% afhængigt af tolerance.Højst 1.200 mg dgl.,True,False
page_01428.html,https://pro.medicin.dk/Medicin/Praeparater/1428#a102,C09AA02,<10 ml/min.; 10-30 ml/min.,"[0, 10]","[9, 30]",≥16 år; ≥16 år,"[16, 16]","[150, 150]",forsigtighed; forsigtighed,dosisjustering; dosisjustering,"Initialdosis 2,5 mg. Højst 10 mg dgl. Rutinemæssig monitorering af P-kalium og P-kreatinin.  Ved opstart accepteres et fald i eGFR på op til 30 %.; Initialdosis 2,5 mg dgl. Højst 20 mg dgl. Rutinemæssig monitorering af P-kalium og P-kreatinin.  Ved opstart accepteres et fald i eGFR på op til 30 %.",True,False
page_01431.html,https://pro.medicin.dk/Medicin/Praeparater/1431#a102,J01GB03,<60 ml/min.,[0],[59],NA,NA,NA,forsigtighed,monitorering,Tæt monitorering af P-gentamicin og nyrefunktion anbefales.,True,False
page_01433.html,https://pro.medicin.dk/Medicin/Praeparater/1433#a102,J01CA04,<60 ml/min.; <10 ml/min.,"[0, 0]","[59, 9]",NA; NA,"['NA', 'NA']","['NA', 'NA']",forsigtighed; forsigtighed,hjælpestoffer; dosisjustering,Indeholder benzylalkohol der skal bruges med forsigtighed ved nedsat nyre- og leverfunktion. Læs mereher.; Dosis 250 mg -1.000 mg 3 gange dgl. Højst 6 g dgl. ved endocarditis.Ved behandling i kortere tid er dosisreduktion ikke nødvendigt.,True,False
page_01442.html,https://pro.medicin.dk/Medicin/Praeparater/1442#a102,R03AC12,NA,NA,NA,NA,NA,NA,NA,NA,NA,False,False
page_01443.html,https://pro.medicin.dk/Medicin/Praeparater/1443#a102,N06AB05,<30 ml/min.,[0],[29],≥18 år,[18],[150],forsigtighed,dosisjustering,Højst 40 mg dgl.Øgede plasmakoncentrationer af paroxetin ses ved svært nedsat nyrefunktion. Der anbefales dosering i den lave del af dosisområdet.,True,False
page_01444.html,https://pro.medicin.dk/Medicin/Praeparater/1444#a102,J02AC02,<60 ml/min.,[0],[59],NA,NA,NA,forsigtighed,betinget,"Forsigtighed tilrådes.Samtidig brug af clarithromycin, colchicin, fesoterodin og solifenacin er kontraindiceret.",True,False
page_01449.html,https://pro.medicin.dk/Medicin/Praeparater/1449#a102,R01AD08,NA,NA,NA,NA,NA,NA,NA,NA,NA,False,False
page_01450.html,https://pro.medicin.dk/Medicin/Praeparater/1450#a102,H04AA01,NA,NA,NA,NA,NA,NA,NA,NA,NA,False,False
page_01451.html,https://pro.medicin.dk/Medicin/Praeparater/1451#a102,N02CC01,NA,NA,NA,NA,NA,NA,NA,NA,NA,False,False
page_01452.html,https://pro.medicin.dk/Medicin/Praeparater/1452#a102,D01AE16,NA,NA,NA,NA,NA,NA,NA,NA,NA,False,False
page_01453.html,https://pro.medicin.dk/Medicin/Praeparater/1453#a102,M01AB15,<30 ml/min.; 30-60 ml/min.,"[0, 30]","[29, 60]",NA; NA,"['NA', 'NA']","['NA', 'NA']",kontraindiceret; forsigtighed,øget bivirkningsrisiko; dosisjustering,"Prostaglandiner har betydning for opretholdelse af normal nyregennemblødning. NSAID's hæmning af prostaglandinsyntesen kan derfor forårsage nedsat nyregennemblødning og dermed forværret nyrefunktion.; Dosis bør nedsættes. 10-15 mg hver 4.-6. time, maksimalt 60 mg i døgnet.Prostaglandiner har betydning for opretholdelse af normal nyregennemblødning. NSAID's hæmning af prostaglandinsyntesen kan derfor forårsage nedsat nyregennemblødning og dermed forværret nyrefunktion. Tæt monitorering af nyrefunktionen tilrådes, dette kunne være i form af kontrol af urin for protein, blodtryk og evt. kreatinin-clearance.",True,False
page_01455.html,https://pro.medicin.dk/Medicin/Praeparater/1455#a102,L02AE04,NA,NA,NA,NA,NA,NA,NA,NA,NA,False,False
page_01462.html,https://pro.medicin.dk/Medicin/Praeparater/1462#a102,N05BA12,<60 ml/min.,[0],[59],NA,NA,NA,forsigtighed,dosisjustering,"Tabletter.Voksne.Fx initialt 0,5-0,75 mg dgl. fordelt på flere doser. Dosis kan øges gradvist efter behov og tolerans.",True,False
page_01469.html,https://pro.medicin.dk/Medicin/Praeparater/1469#a102,L01BC02,<60 ml/min.,[0],[59],NA,NA,NA,forsigtighed,dosisjustering,"Forsigtighed tilrådes:Ved moderat og svært nedsat nyrefunktion kan uracilniveauer i blodet være forhøjede og skal tolkes med forsigtighed. Mulig øget risiko for fejldiagnosticering af DFD-mangel med følgende underdosering.Det angives i produktresume, at dosisreduktion kan være påkrævet ved nedsat nyrefunktion, men i andre kilder(6355)(6356)anbefales dette ikke.",True,False
page_01482.html,https://pro.medicin.dk/Medicin/Praeparater/1482#a102,J01AA02,NA,NA,NA,NA,NA,NA,NA,NA,NA,False,False
page_01488.html,https://pro.medicin.dk/Medicin/Praeparater/1488#a102,A07EA06,NA,NA,NA,NA,NA,NA,NA,NA,NA,False,False
page_01493.html,https://pro.medicin.dk/Medicin/Praeparater/1493#a102,N01AH03,<60 ml/min.,[0],[59],NA,NA,NA,forsigtighed,dosisjustering,Forsigtig dosistitrering og længere postoperativ observation.,True,False
page_01502.html,https://pro.medicin.dk/Medicin/Praeparater/1502#a102,J01FA09,<30 ml/min.; <30 ml/min.,"[0, 0]","[29, 29]",2-12 år; ≥12 år,"[2, 12]","[12, 150]",forsigtighed; forsigtighed,dosisjustering; dosisjustering,"Dosis nedsættes til 50 % af normaldosis. Højst 7,5 mg pr. kg legemsvægt i døgnet.Kontraindiceret ved samtidig alvorligt leversvigt og nedsat nyrefunktion.; Dosis nedsættes til 50 % af normaldosis. Højst 500 mg dgl.Kontraindiceret ved både alvorligt leversvigt og nedsat nyrefunktion.",True,False
page_01504.html,https://pro.medicin.dk/Medicin/Praeparater/1504#a102,M01AX01,<50 ml/min.,[0],[49],NA,NA,NA,forsigtighed,monitorering,Kontraindiceret ved akut nyreinsufficiens.Nyrefunktionen kontrolleres før og nogle uger efter behandlingsstart. Herefter ved behov.Seponering bør overvejes ved forværring af nyrefunktionen.Dosis bør nedsættes ved GFR < 50 ml/min pga. risiko for ophobning af den aktive metabolit 6-MNA.,True,False
page_01506.html,https://pro.medicin.dk/Medicin/Praeparater/1506#a102,B01AC11,<15 ml/min.,[0],[14],NA,NA,NA,forsigtighed,dosisjustering,Dialysekrævende nyreinsufficiens: Dosisreduktion til fx halv dosis.,True,False
page_01507.html,https://pro.medicin.dk/Medicin/Praeparater/1507#a102,L03AB03,<30 ml/min.,[0],[29],NA,NA,NA,forsigtighed,monitorering,Tæt monitorering tilrådes.,True,False
page_01509.html,https://pro.medicin.dk/Medicin/Praeparater/1509#a102,G03FB06,NA,NA,NA,NA,NA,NA,NA,NA,NA,False,False
page_01565.html,https://pro.medicin.dk/Medicin/Praeparater/1565#a102,J07BC02,NA,NA,NA,NA,NA,NA,NA,NA,NA,False,False
page_01575.html,https://pro.medicin.dk/Medicin/Praeparater/1575#a102,V07AB,NA,NA,NA,NA,NA,NA,NA,NA,NA,False,False
page_01584.html,https://pro.medicin.dk/Medicin/Praeparater/1584#a102,A10AB01,NA,NA,NA,NA,NA,NA,NA,NA,NA,False,False
page_01585.html,https://pro.medicin.dk/Medicin/Praeparater/1585#a102,A10AC01,NA,NA,NA,NA,NA,NA,NA,NA,NA,False,False
page_01593.html,https://pro.medicin.dk/Medicin/Praeparater/1593#a102,S01GX01,NA,NA,NA,NA,NA,NA,NA,NA,NA,False,False
page_01606.html,https://pro.medicin.dk/Medicin/Praeparater/1606#a102,G02BA03,NA,NA,NA,NA,NA,NA,NA,NA,NA,False,False
page_01609.html,https://pro.medicin.dk/Medicin/Praeparater/1609#a102,N02AX02,<10 ml/min.; 10-20 ml/min.,"[0, 10]","[9, 20]",≥12 år; ≥12 år,"[12, 12]","[150, 150]",forsigtighed; forsigtighed,dosisjustering; dosisjustering,Højst 50 mg 2 gange dgl.; Højst 100 mg 2 gange dgl.,True,False
page_01666.html,https://pro.medicin.dk/Medicin/Praeparater/1666#a102,D06AX09,NA,NA,NA,NA,NA,NA,NA,NA,NA,False,False
page_01670.html,https://pro.medicin.dk/Medicin/Praeparater/1670#a102,R03BA05,NA,NA,NA,NA,NA,NA,NA,NA,NA,False,False
page_01671.html,https://pro.medicin.dk/Medicin/Praeparater/1671#a102,S01EB51,NA,NA,NA,NA,NA,NA,NA,NA,NA,False,False
page_01672.html,https://pro.medicin.dk/Medicin/Praeparater/1672#a102,L03AA10,NA,NA,NA,NA,NA,NA,NA,NA,NA,False,False
page_01675.html,https://pro.medicin.dk/Medicin/Praeparater/1675#a102,C09AA10,<30 ml/min.,[0],[29],≥17 år,[17],[150],forsigtighed,dosisjustering,"Initialdosis 0,5 mg dgl. Højst 1 mg dgl. Rutinemæssig monitorering af P-kalium og P-kreatinin.Ved opstart accepteres et fald i eGFR på op til 30 %.",True,False
page_01681.html,https://pro.medicin.dk/Medicin/Praeparater/1681#a102,N06AB06,NA,NA,NA,NA,NA,NA,NA,NA,NA,False,False
page_01684.html,https://pro.medicin.dk/Medicin/Praeparater/1684#a102,N03AX09,NA,NA,NA,NA,NA,NA,NA,NA,"Kronisk nyresvigt påvirker ikke plasmakoncentrationen af lamotrigin, men der kan forventes akkumulering af glucuronidmetabolitten. Ved patienter med nyresvigt i slutstadiet skal initialdosis baseres på de lægemidler, som patienten tager samtidigt, og lavere vedligeholdelsesdoser kan være effektive.",True,False
page_01686.html,https://pro.medicin.dk/Medicin/Praeparater/1686#a102,R07AA02,NA,NA,NA,NA,NA,NA,NA,NA,NA,False,False
page_01688.html,https://pro.medicin.dk/Medicin/Praeparater/1688#a102,B05XA14,<30 ml/min.; 30-60 ml/min.,"[0, 30]","[29, 60]",NA; NA,"['NA', 'NA']","['NA', 'NA']",kontraindiceret; forsigtighed,øget bivirkningsrisiko; monitorering,Risiko for hyperfosfatæmi. Phosphat udskilles næsten udelukkende gennem nyrerne.; Tæt monitorering tilrådes.,True,False
page_01701.html,https://pro.medicin.dk/Medicin/Praeparater/1701#a102,J07AP03,NA,NA,NA,NA,NA,NA,NA,NA,NA,False,False
page_01716.html,https://pro.medicin.dk/Medicin/Praeparater/1716#a102,M01AG02,<30 ml/min.; 30-60 ml/min.,"[0, 30]","[29, 60]",NA; NA,"['NA', 'NA']","['NA', 'NA']",kontraindiceret; forsigtighed,øget bivirkningsrisiko; monitorering,Prostaglandiner har betydning for opretholdelse af normal nyregennemblødning. NSAID's hæmning af prostaglandinsyntesen kan derfor forårsage nedsat nyregennemblødning og dermed forværret nyrefunktion.; Prostaglandiner har betydning for opretholdelse af normal nyregennemblødning. NSAID's hæmning af prostaglandinsyntesen kan derfor forårsage nedsat nyregennemblødning og dermed forværret nyrefunktion. Tæt monitorering af nyrefunktionen tilrådes.,True,False
page_01720.html,https://pro.medicin.dk/Medicin/Praeparater/1720#a102,R05CB13,NA,NA,NA,NA,NA,NA,NA,NA,NA,False,False
page_01721.html,https://pro.medicin.dk/Medicin/Praeparater/1721#a102,N05AX08,<60 ml/min.; <60 ml/min.; <60 ml/min.; <60 ml/min.,"[0, 0, 0, 0]","[59, 59, 59, 59]",5-17 år; ≥50 KG; 17-65 år,"[5, 50, 17]","[17, 150, 65]",forsigtighed; forsigtighed; forsigtighed,dosisjustering; dosisjustering; dosisjustering,"Vedvarende aggression ifm. adfærdsforstyrrelse: Højst 0,38 mg 1 gang dgl.; Vedvarende aggression ifm. adfærdsforstyrrelse: Højst 0,75 mg 1 gang dgl.; Bipolar lidelse, maniske faser: 3 mg i døgnet; Psykoser: 8 mg i døgnet; Vedvarende aggression ved moderat til svær Alzheimers sygdom: 0,5 mg 2 gange dgl.: 0,5 mg 2 gange dgl.",True,True
page_01726.html,https://pro.medicin.dk/Medicin/Praeparater/1726#a102,A12AX,30-60 ml/min.; <30 ml/min.,"[30, 0]","[60, 29]",NA; NA,"['NA', 'NA']","['NA', 'NA']",forsigtighed; kontraindiceret,monitorering; NA,"Ved nyreinsufficiens, nyresten og hypercalciuri bør behandlingen kun ske under samtidig kontrol af P-calcium og U-calcium.Forsigtighed ved anamnese med nyresten.; Kontraindiceret pga. calcium.",True,False
page_01729.html,https://pro.medicin.dk/Medicin/Praeparater/1729#a102,G02CB03,NA,NA,NA,NA,NA,NA,NA,NA,NA,False,False
page_01731.html,https://pro.medicin.dk/Medicin/Praeparater/1731#a102,G03CA03,NA,NA,NA,NA,NA,NA,NA,NA,NA,False,False
page_01732.html,https://pro.medicin.dk/Medicin/Praeparater/1732#a102,J05AB09,<20 ml/min.,[0],[19],≥18 år,[18],[150],forsigtighed,dosisjustering,Herpes zoster: 250 mg 1 gang dgl. i 7 dageImmunkompromitterede:250 mg 1 gang dgl. i 10 dage.; Herpes genitalis - behandling: 250 mg 1 gang dgl. i 5 dageImmunkompromitterede:250 mg 1 gang dgl. i 7 dage.; Herpes genitalis - forebyggelse: 125 mg 1 gang dgl.Immunkompromitterede:250 mg 1 gang dgl.; Efter hver hæmodialyse: 250 mg: 250 mg,True,True
page_01734.html,https://pro.medicin.dk/Medicin/Praeparater/1734#a102,B01AC09,NA,NA,NA,NA,NA,NA,NA,NA,NA,False,False
page_01743.html,https://pro.medicin.dk/Medicin/Praeparater/1743#a102,V08AB07,NA,NA,NA,NA,NA,NA,NA,NA,NA,False,False
page_01744.html,https://pro.medicin.dk/Medicin/Praeparater/1744#a102,S01XA20,NA,NA,NA,NA,NA,NA,NA,NA,NA,False,False
page_01745.html,https://pro.medicin.dk/Medicin/Praeparater/1745#a102,J01FA10,<10 ml/min.,[0],[9],NA,NA,NA,forsigtighed,øget bivirkningsrisiko,En stigning i AUC på 33% for azithromycin er set ved GFR < 10 ml/min. Forsigtighed tilrådes.,True,False
page_01759.html,https://pro.medicin.dk/Medicin/Praeparater/1759#a102,J01CE02,NA,NA,NA,NA,NA,NA,NA,NA,NA,False,False
page_01766.html,https://pro.medicin.dk/Medicin/Praeparater/1766#a102,N01AB06,NA,NA,NA,NA,NA,NA,NA,NA,NA,False,False
page_01777.html,https://pro.medicin.dk/Medicin/Praeparater/1777#a102,L04AX03,<20 ml/min.; 20-50 ml/min.; 20-50 ml/min.,"[0, 20, 20]","[19, 50, 50]",NA; 3-17 år,"['NA', 3]","['NA', 17]",kontraindiceret; forsigtighed,øget bivirkningsrisiko; dosisjustering,"Elimination af methotrexat er nedsat, da det hovedsageligt udskilles gennem nyrerne.; Juvenil reumatoid artritis: 10 mg pr. m2legemsoverflade1 gang om ugen; Akut lymfatisk leukæmi: 20 mg pr. m2legemsoverflade1 gang om ugen: 20 mg pr. m2legemsoverflade1 gang om ugen",True,True
page_01780.html,https://pro.medicin.dk/Medicin/Praeparater/1780#a102,C01EB10,NA,NA,NA,NA,NA,NA,NA,NA,NA,False,False
page_01784.html,https://pro.medicin.dk/Medicin/Praeparater/1784#a102,C09CA01,<30 ml/min.,[0],[29],NA,NA,NA,forsigtighed,monitorering,Rutinemæssig monitorering af P-kalium og P-kreatinin.,True,False
page_01785.html,https://pro.medicin.dk/Medicin/Praeparater/1785#a102,A02BB01,NA,NA,NA,NA,NA,NA,NA,NA,NA,False,False
page_01789.html,https://pro.medicin.dk/Medicin/Praeparater/1789#a102,G03CA03,NA,NA,NA,NA,NA,NA,NA,NA,NA,False,False
page_01791.html,https://pro.medicin.dk/Medicin/Praeparater/1791#a102,L01BB05,<30 ml/min.; 30-70 ml/min.,"[0, 30]","[29, 70]",NA; NA,"['NA', 'NA']","['NA', 'NA']",kontraindiceret; forsigtighed,øget bivirkningsrisiko; dosisjustering,"Elimination af fludarabin er nedsat, da 40-60 % udskilles gennem nyrerne.; Dosis nedsættes med op til 50 % af normaldosis.Tæt monitorering for hæmatologiske parametre tilrådes.",True,False
page_01799.html,https://pro.medicin.dk/Medicin/Praeparater/1799#a102,N01AB07,NA,NA,NA,NA,NA,NA,NA,NA,NA,False,False
page_01801.html,https://pro.medicin.dk/Medicin/Praeparater/1801#a102,S01EC03,NA,NA,NA,NA,NA,NA,NA,NA,NA,False,False
page_01826.html,https://pro.medicin.dk/Medicin/Praeparater/1826#a102,R03AC02,NA,NA,NA,NA,NA,NA,NA,NA,NA,False,False
page_01829.html,https://pro.medicin.dk/Medicin/Praeparater/1829#a102,C07AA07,<10 ml/min.; 10-30 ml/min.; 30-60 ml/min.,"[0, 10, 30]","[9, 30, 60]",NA; ≥18 år; ≥18 år,"['NA', 18, 18]","['NA', 150, 150]",kontraindiceret; forsigtighed; forsigtighed,øget bivirkningsrisiko; dosisjustering; dosisjustering,"Høj risiko for proarytmier. Sotalol udskilles fortrinsvis renalt.; Dosis nedsættes til 25 % af normaldosis, højst 160 mg dgl.; Dosis nedsættes 50 % af normaldosis, højst 320 mg dgl.",True,False
page_01840.html,https://pro.medicin.dk/Medicin/Praeparater/1840#a102,M03AX01,NA,NA,NA,NA,NA,NA,NA,NA,NA,False,False
page_01843.html,https://pro.medicin.dk/Medicin/Praeparater/1843#a102,G04BE01,<60 ml/min.,[0],[59],NA,NA,NA,forsigtighed,hjælpestoffer,"BenzylalkoholCaverject og Alprostadil ""2care4"" indeholder benzylalkohol der skal bruges med forsigtighed ved nedsat nyre- og leverfunktion. Læs mereher.",True,False
page_01844.html,https://pro.medicin.dk/Medicin/Praeparater/1844#a102,M03AX01,NA,NA,NA,NA,NA,NA,NA,NA,NA,False,False
page_01846.html,https://pro.medicin.dk/Medicin/Praeparater/1846#a102,N06AX16,30-60 ml/min.; <30 ml/min.,"[30, 0]","[60, 29]",NA; ≥18 år,"['NA', 18]","['NA', 150]",forsigtighed; forsigtighed,monitorering; dosisjustering,"Dosisjustering er ikke nødvendig, men forsigtighed tilrådes. Anvend lavest mulige dosis og overvåg patienten omhyggeligt, hvis en dosisøgning er nødvendig.; Angst, panikangst og socialfobi: Højst 113 mg dgl.; Depression, forebyggelse af depression: Højst 188 mg dgl.: Højst 188 mg dgl.",True,True
page_01849.html,https://pro.medicin.dk/Medicin/Praeparater/1849#a102,M05BA04,<35 ml/min.,[0],[34],NA,NA,NA,kontraindiceret,erfaring savnes,"Erfaring savnes ved GFR < 35 ml/min, og anvendelse kan ikke anbefales.",True,False
page_01854.html,https://pro.medicin.dk/Medicin/Praeparater/1854#a102,G04CA02,<10 ml/min.,[0],[9],NA,NA,NA,forsigtighed,erfaring savnes,Forsigtighed ved stærkt nedsat nyrefunktion med GFR < 10 ml/min. pga. manglende erfaring.,True,False
page_01856.html,https://pro.medicin.dk/Medicin/Praeparater/1856#a102,V08AB09,NA,NA,NA,NA,NA,NA,NA,NA,NA,False,False
page_01876.html,https://pro.medicin.dk/Medicin/Praeparater/1876#a102,L03AX03,NA,NA,NA,NA,NA,NA,NA,NA,NA,False,False
page_01877.html,https://pro.medicin.dk/Medicin/Praeparater/1877#a102,L01BC01,NA,NA,NA,NA,NA,NA,NA,NA,NA,False,False
page_01879.html,https://pro.medicin.dk/Medicin/Praeparater/1879#a102,N01BB53,<30 ml/min.,[0],[29],NA,NA,NA,forsigtighed,øget bivirkningsrisiko,Forsigtighed tilrådes ved langvarig eller gentagen administration.,True,False
page_01880.html,https://pro.medicin.dk/Medicin/Praeparater/1880#a102,N01BB03,<30 ml/min.,[0],[29],NA,NA,NA,forsigtighed,øget bivirkningsrisiko,Forsigtighed tilrådes ved langvarig eller gentagen administration.,True,False
page_01881.html,https://pro.medicin.dk/Medicin/Praeparater/1881#a102,N05CF01,NA,NA,NA,NA,NA,NA,NA,NA,"Dosisjustering, GFR < 10 ml/min., Initialdosis 3,75 mg 15-30 min. før sengetid, evt. stigende til 7,5 mg.",True,False
page_01883.html,https://pro.medicin.dk/Medicin/Praeparater/1883#a102,G03CA03,NA,NA,NA,NA,NA,NA,NA,NA,NA,False,False
page_01886.html,https://pro.medicin.dk/Medicin/Praeparater/1886#a102,G03GA05,NA,NA,NA,NA,NA,NA,NA,NA,NA,False,False
page_01888.html,https://pro.medicin.dk/Medicin/Praeparater/1888#a102,J02AA01,<60 ml/min.,[0],[59],NA,NA,NA,forsigtighed,betinget,"Forsigtighed ved samtidig administration af andre potentielt nyretoksiske farmaka, fx aminoglykosider, ciclosporin og cisplatin.",True,False
page_01897.html,https://pro.medicin.dk/Medicin/Praeparater/1897#a102,B05XA31,<60 ml/min.,[0],[59],NA,NA,NA,forsigtighed,øget bivirkningsrisiko,Udskillelsen af visse sporstoffer kan være betydeligt nedsat.,True,False
page_01898.html,https://pro.medicin.dk/Medicin/Praeparater/1898#a102,L01BA01,<20 ml/min.; 20-50 ml/min.,"[0, 20]","[19, 50]",NA; NA,"['NA', 'NA']","['NA', 'NA']",kontraindiceret; forsigtighed,øget bivirkningsrisiko; dosisjustering,"Elimination af methotrexat er nedsat, da det hovedsageligt udskilles gennem nyrerne.; Dosis skal nedsættes til 50 % af normaldosis.",True,False
page_01899.html,https://pro.medicin.dk/Medicin/Praeparater/1899#a102,N03AG01,<15 ml/min.,[0],[14],NA,NA,NA,forsigtighed,monitorering,"Ved nedsat nyrefunktion kan det være nødvendigt at reducere dosis eller at øge dosis ved hæmodialyse, da valproat er dialyserbart. Dosering bør justeres i henhold til klinisk monitorering af patienten.",True,False
page_01901.html,https://pro.medicin.dk/Medicin/Praeparater/1901#a102,L03AB08,NA,NA,NA,NA,NA,NA,NA,NA,NA,False,False
page_01902.html,https://pro.medicin.dk/Medicin/Praeparater/1902#a102,L02BB03,NA,NA,NA,NA,NA,NA,NA,NA,NA,False,False
page_01903.html,https://pro.medicin.dk/Medicin/Praeparater/1903#a102,L04AA06,NA,NA,NA,NA,NA,NA,NA,NA,NA,False,False
page_01907.html,https://pro.medicin.dk/Medicin/Praeparater/1907#a102,C07AB09,<10 ml/min.,[0],[9],NA,NA,NA,forsigtighed,betinget,Forsigtighed ved i.v.-infusion pga. forsinket udskilles af syremetabolitten.,True,False
page_01908.html,https://pro.medicin.dk/Medicin/Praeparater/1908#a102,S01EA03,NA,NA,NA,NA,NA,NA,NA,NA,NA,False,False
page_01909.html,https://pro.medicin.dk/Medicin/Praeparater/1909#a102,R06AX22,NA,NA,NA,NA,NA,NA,NA,NA,NA,False,False
page_01911.html,https://pro.medicin.dk/Medicin/Praeparater/1911#a102,B05D,NA,NA,NA,NA,NA,NA,NA,NA,NA,False,False
page_01912.html,https://pro.medicin.dk/Medicin/Praeparater/1912#a102,A02BC02,NA,NA,NA,NA,NA,NA,NA,NA,NA,False,False
page_01913.html,https://pro.medicin.dk/Medicin/Praeparater/1913#a102,L04AD02,<60 ml/min.,[0],[59],NA,NA,NA,forsigtighed,monitorering,"Tacrolimus kan medføre nedsat nyrefunktion efter transplantation. Tæt monitorering pga. risiko for, at akut nyreinsufficiens uden aktiv indgriben kan udvikle sig til kronisk nyreinsufficiens. Det kan evt. være nødvendigt med nedsat dosis. Se også Interaktioner.",True,False
page_01933.html,https://pro.medicin.dk/Medicin/Praeparater/1933#a102,G03GA06,<60 ml/min.,[0],[59],NA,NA,NA,forsigtighed,hjælpestoffer,BenzylalkoholPuregon indeholder benzylalkohol der skal bruges med forsigtighed ved nedsat nyre- og leverfunktion. Læs mereher.,True,False
page_01937.html,https://pro.medicin.dk/Medicin/Praeparater/1937#a102,M03AC11,NA,NA,NA,NA,NA,NA,NA,NA,NA,False,False
page_01938.html,https://pro.medicin.dk/Medicin/Praeparater/1938#a102,B02BD08,NA,NA,NA,NA,NA,NA,NA,NA,NA,False,False
page_01940.html,https://pro.medicin.dk/Medicin/Praeparater/1940#a102,C03BA11,<10 ml/min.,[0],[9],NA,NA,NA,kontraindiceret,NA,"Relativt kontraindiceret pga. indapamid (thiazidlignende diuretikum). Thiazider og beslægtede diuretika har kun fuld diuretisk effekt, når nyrefunktionen er normal eller kun lettere nedsat.",True,False
page_01946.html,https://pro.medicin.dk/Medicin/Praeparater/1946#a102,L02BG03,<30 ml/min.,[0],[29],NA,NA,NA,forsigtighed,erfaring savnes,"Dosisjustering er ikke nødvendig ved let til moderat nedsat nyrefunktion. Erfaring savnes ved GFR < 30 ml/min. Der findes ingen data, og forsigtighed tilrådes.",True,False
page_01947.html,https://pro.medicin.dk/Medicin/Praeparater/1947#a102,M01AB55,30-60 ml/min.; <30 ml/min.,"[30, 0]","[60, 29]",NA; NA,"['NA', 'NA']","['NA', 'NA']",forsigtighed; kontraindiceret,monitorering; øget bivirkningsrisiko,Prostaglandiner har betydning for opretholdelse af normal nyregennemblødning. NSAID's hæmning af prostaglandinsyntesen kan derfor forårsage nedsat nyregennemblødning og dermed forværret nyrefunktion. Tæt monitorering af nyrefunktionen tilrådes.; Prostaglandiner har betydning for opretholdelse af normal nyregennemblødning. NSAID's hæmning af prostaglandinsyntesen kan derfor forårsage nedsat nyregennemblødning og dermed forværret nyrefunktion.,True,False
page_01949.html,https://pro.medicin.dk/Medicin/Praeparater/1949#a102,C09DA01,<30 ml/min.,[0],[29],NA,NA,NA,forsigtighed,monitorering,Rutinemæssig monitorering af P-kalium og P-kreatinin.,True,False
page_01955.html,https://pro.medicin.dk/Medicin/Praeparater/1955#a102,N02AB03,<50 ml/min.,[0],[49],NA,NA,NA,forsigtighed,dosisjustering,Lav initialdosis og forsigtig dosistitrering.,True,False
page_01957.html,https://pro.medicin.dk/Medicin/Praeparater/1957#a102,J05AF05,<5 ml/min.; <5 ml/min.; 5-15 ml/min.; 5-15 ml/min.; 15-30 ml/min.; 15-30 ml/min.; 30-50 ml/min.; 30-50 ml/min.,"[0, 0, 5, 5, 15, 15, 30, 30]","[4, 4, 15, 15, 30, 30, 50, 50]",2-17 år; ≥6 år; 2-17 år; ≥6 år; 2-17 år; ≥6 år; 2-17 år; ≥6 år,"[2, 6, 2, 6, 2, 6, 2, 6]","[17, 150, 17, 150, 17, 150, 17, 150]",forsigtighed; forsigtighed; forsigtighed; forsigtighed; forsigtighed; forsigtighed; forsigtighed; forsigtighed,dosisjustering; dosisjustering; dosisjustering; dosisjustering; dosisjustering; dosisjustering; dosisjustering; dosisjustering,"HIV: Initialdosis 1,6 mg pr. kg, derefter vedligeholdelsesdosis på højst 0,9 mg pr. kg legemsvægt dgl.; HIV: Initialdosis 50 mg, derefter vedligeholdelsesdosis på højst 25 mg 1 gang dgl.; HIV: Initialdosis 5 mg pr. kg, derefter vedligeholdelsesdosis på højst 1,6 mg pr. kg legemsvægt dgl.; HIV: Initialdosis 150 mg, derefter vedligeholdelsesdosis på højst 50 mg 1 gang dgl.; HIV: Initialdosis 5 mg pr. kg, derefter vedligeholdelsesdosis på højst 3,3 mg pr. kg legemsvægt dgl.; HIV: Initialdosis 150 mg, derefter vedligeholdelsesdosis på højst 100 mg 1 gang dgl.; HIV: Højst 5 mg pr. kg legemsvægt dgl.; HIV: Højst 150 mg 1 gang dgl.",True,False
page_01962.html,https://pro.medicin.dk/Medicin/Praeparater/1962#a102,A10AB04,NA,NA,NA,NA,NA,NA,NA,NA,NA,False,False
page_01970.html,https://pro.medicin.dk/Medicin/Praeparater/1970#a102,N07XX02,NA,NA,NA,NA,NA,NA,NA,NA,NA,False,False
page_01972.html,https://pro.medicin.dk/Medicin/Praeparater/1972#a102,N01AB08,<60 ml/min.,[0],[59],NA,NA,NA,forsigtighed,monitorering,Nyrefunktionen bør monitoreres postoperativt.,True,False
page_01974.html,https://pro.medicin.dk/Medicin/Praeparater/1974#a102,C01EB15,<30 ml/min.; 30-60 ml/min.,"[0, 30]","[29, 60]",NA; ≥18 år,"['NA', 18]","['NA', 150]",kontraindiceret; forsigtighed,NA; dosisjustering,Eksponeringen kan være øget op til 3 gange det normale.; Højst 20 mg 2 gange dgl. morgen og aften.,True,False
page_01975.html,https://pro.medicin.dk/Medicin/Praeparater/1975#a102,D06BB06,NA,NA,NA,NA,NA,NA,NA,NA,NA,False,False
page_01986.html,https://pro.medicin.dk/Medicin/Praeparater/1986#a102,N02AX02,<10 ml/min.; 10-20 ml/min.,"[0, 10]","[9, 20]",≥12 år; ≥12 år,"[12, 12]","[150, 150]",forsigtighed; forsigtighed,dosisjustering; dosisjustering,Højst 50 mg 2 gange dgl.; Højst 100 mg 2 gange dgl.,True,False
page_01988.html,https://pro.medicin.dk/Medicin/Praeparater/1988#a102,N02AJ06,<10 ml/min.; 10-50 ml/min.,"[0, 10]","[9, 50]",≥12 år; ≥12 år,"[12, 12]","[150, 150]",forsigtighed; forsigtighed,dosisjustering; dosisjustering,Højst 4 tabletter i døgnet.; Højst 6 tabletter i døgnet.,True,False
page_01989.html,https://pro.medicin.dk/Medicin/Praeparater/1989#a102,N02AX02,<10 ml/min.; 10-20 ml/min.,"[0, 10]","[9, 20]",≥12 år; ≥12 år,"[12, 12]","[150, 150]",forsigtighed; forsigtighed,dosisjustering; dosisjustering,Højst 50 mg 2 gange dgl.; Højst 100 mg 2 gange dgl.,True,False
page_01992.html,https://pro.medicin.dk/Medicin/Praeparater/1992#a102,G03AA10,NA,NA,NA,NA,NA,NA,NA,NA,NA,False,False
page_02001.html,https://pro.medicin.dk/Medicin/Praeparater/2001#a102,A06AG01,<60 ml/min.,[0],[59],NA,NA,NA,kontraindiceret,øget bivirkningsrisiko,Risiko for hyperfosfatæmi.,True,False
page_02019.html,https://pro.medicin.dk/Medicin/Praeparater/2019#a102,G03FB06,NA,NA,NA,NA,NA,NA,NA,NA,NA,False,False
page_02020.html,https://pro.medicin.dk/Medicin/Praeparater/2020#a102,C01EB10,NA,NA,NA,NA,NA,NA,NA,NA,NA,False,False
page_02021.html,https://pro.medicin.dk/Medicin/Praeparater/2021#a102,R03AC02,NA,NA,NA,NA,NA,NA,NA,NA,NA,False,False
page_02024.html,https://pro.medicin.dk/Medicin/Praeparater/2024#a102,R03AL02,NA,NA,NA,NA,NA,NA,NA,NA,NA,False,False
page_02025.html,https://pro.medicin.dk/Medicin/Praeparater/2025#a102,C09CA03,<30 ml/min.,[0],[29],NA,NA,NA,forsigtighed,monitorering,Rutinemæssig monitorering af P-kalium og P-kreatinin.GFR < 10 ml/min:Erfaring savnes vedr. voksne.GFR < 30 ml/min:Erfaring savnes vedr. børn 6-18 år.,True,False
page_02026.html,https://pro.medicin.dk/Medicin/Praeparater/2026#a102,B05XB02,<15 ml/min.; 15-60 ml/min.,"[0, 15]","[14, 60]",NA; NA,"['NA', 'NA']","['NA', 'NA']",kontraindiceret; forsigtighed,NA; monitorering,Kontraindiceret ved stærkt nedsat nyrefunktion.; Dosistilpasning under hensyn til patientbehov og sværhedsgrad af nyreinsufficiens.P-urinstof bør kontrolleres.,True,False
page_02030.html,https://pro.medicin.dk/Medicin/Praeparater/2030#a102,D08AX01,NA,NA,NA,NA,NA,NA,NA,NA,NA,False,False
page_02032.html,https://pro.medicin.dk/Medicin/Praeparater/2032#a102,J05AE03,NA,NA,NA,NA,NA,NA,NA,NA,NA,False,False
page_02034.html,https://pro.medicin.dk/Medicin/Praeparater/2034#a102,N02AA05,<10 ml/min.; 10-50 ml/min.,"[0, 10]","[9, 50]",NA; NA,"['NA', 'NA']","['NA', 'NA']",forsigtighed; forsigtighed,dosisjustering; dosisjustering,"50% reduktion af normaldosis. Lav startdosis, fx 10 mg oralt. Individuel titrering til smertekontrol.; 25 % reduktion af normaldosis.",True,False
page_02036.html,https://pro.medicin.dk/Medicin/Praeparater/2036#a102,N05AE03,NA,NA,NA,NA,NA,NA,NA,NA,NA,False,False
page_02037.html,https://pro.medicin.dk/Medicin/Praeparater/2037#a102,V04CL,NA,NA,NA,NA,NA,NA,NA,NA,NA,False,False
page_02038.html,https://pro.medicin.dk/Medicin/Praeparater/2038#a102,N01AH06,NA,NA,NA,NA,NA,NA,NA,NA,NA,False,False
page_02039.html,https://pro.medicin.dk/Medicin/Praeparater/2039#a102,N05AH03,<60 ml/min.,[0],[59],NA,NA,NA,forsigtighed,dosisjustering,Voksne.Lavere initialdosis (5 mg) kan overvejes.,True,False
page_02041.html,https://pro.medicin.dk/Medicin/Praeparater/2041#a102,L01CE01,<40 ml/min.1); <50 ml/min.2),"[0, 0]","[39, 49]",NA; NA,"['NA', 'NA']","['NA', 'NA']",forsigtighed; forsigtighed,dosisjustering; dosisjustering,"ParenteraltGFR 20-40 ml/min: Voksne.0,75 mg/m2/døgn.GFR < 20 ml/min:Erfaring savnes.; OraltGFR 30-50 ml/min: Voksne.1,9 mg/m2/døgn i 5 på hinanden følgende dage. Hvis dette er veltolereret, kan fortsættes med fuld voksendosis.GFR < 30 ml/min:Erfaring savnes.",True,False
page_02045.html,https://pro.medicin.dk/Medicin/Praeparater/2045#a102,J07BC20,NA,NA,NA,NA,NA,NA,NA,NA,NA,False,False
page_02048.html,https://pro.medicin.dk/Medicin/Praeparater/2048#a102,C05BB02,<30 ml/min.,[0],[29],NA,NA,NA,kontraindiceret,NA,Kontraindiceret ved kronisk nyresygdom.,True,False
page_02049.html,https://pro.medicin.dk/Medicin/Praeparater/2049#a102,H01BA04,<30 ml/min.,[0],[29],NA,NA,NA,forsigtighed,øget bivirkningsrisiko,"Anvendelse bør undgås pga. reduceret effekt, øget dødelighed og øget risiko for bivirkninger, medmindre fordele vurderes at opveje risici.",True,False
page_02051.html,https://pro.medicin.dk/Medicin/Praeparater/2051#a102,S01CA01,NA,NA,NA,NA,NA,NA,NA,NA,NA,False,False
page_02061.html,https://pro.medicin.dk/Medicin/Praeparater/2061#a102,C09BA02,<30 ml/min.,[0],[29],NA,NA,NA,forsigtighed,monitorering,Kombinationspræparatet bør kun anvendes efter dosistitrering med enalapril og hydrochlorthiazid.Rutinemæssig monitorering af P-kalium og P-kreatinin.,True,False
page_02066.html,https://pro.medicin.dk/Medicin/Praeparater/2066#a102,V08CA02,<30 ml/min.,[0],[29],NA,NA,NA,forsigtighed,monitorering,Der skal være mindst 7 dage mellem to injektioner. Det anbefales at vurdere nyrefunktionen før indgift af kontraststof. Se endvidereIntravenøs anvendelse (kontraststoffer til MR-scanning).,True,False
page_02069.html,https://pro.medicin.dk/Medicin/Praeparater/2069#a102,N03AX11,<20 ml/min.; <20 ml/min.,"[0, 0]","[19, 19]",2-17 år,[2],[17],forsigtighed,dosisjustering,Epilepsi: 15 mg pr. kg legemsvægt dgl.; Forebyggelse af migræne: Anvendes ikke til børn pga.manglende erfaring: Anvendes ikke til børn pga.manglende erfaring,True,True
page_02070.html,https://pro.medicin.dk/Medicin/Praeparater/2070#a102,M01AC05,NA,NA,NA,NA,NA,NA,NA,NA,NA,False,False
page_02076.html,https://pro.medicin.dk/Medicin/Praeparater/2076#a102,B03XA01,NA,NA,NA,NA,NA,NA,NA,NA,NA,False,False
page_02083.html,https://pro.medicin.dk/Medicin/Praeparater/2083#a102,L02BG04,<10 ml/min.,[0],[9],NA,NA,NA,forsigtighed,erfaring savnes,Dosisjustering er ikke nødvendig ved GFR > 10 ml/min. Erfaring savnes ved GFR < 10 ml/min. Der findes ingen data.,True,False
page_02088.html,https://pro.medicin.dk/Medicin/Praeparater/2088#a102,C10AA05,<30 ml/min.,[0],[29],NA,NA,NA,forsigtighed,monitorering,"P-kreatinkinase bør måles før behandlingsstart pga. prædisposition for rhabdomyolyse. Ved P-kreatinkinase > 4 gange øverste normalgrænse bør behandlingen ikke startes.Under behandling:P-kreatininkinase > 10 gange øverste normalgrænse: pauser behandlingen, kontroller nyrefunktionen og monitorer P-kreatininkinase efter to uger.P-kreatininkinase < 10 gange øverste normalgrænse:ingen symptomer, fortsat behandlingen, kontroller P- kreatininkinase indenfor 2-4 uger.P-kreatininkinase < 10 gange øverste normalgrænse:hvis symptomer, pauser statin og afvent normalisering af P-kreatininkinase før genoptagelse med en lavere statindosis.Læs mere:Statiner.",True,False
page_02089.html,https://pro.medicin.dk/Medicin/Praeparater/2089#a102,C01CA24,NA,NA,NA,NA,NA,NA,NA,NA,NA,False,False
page_02090.html,https://pro.medicin.dk/Medicin/Praeparater/2090#a102,S01BC05,NA,NA,NA,NA,NA,NA,NA,NA,NA,False,False
page_02091.html,https://pro.medicin.dk/Medicin/Praeparater/2091#a102,L03AB07,<30 ml/min.,[0],[29],NA,NA,NA,forsigtighed,monitorering,Tæt monitorering tilrådes.Evt. indhold af benzylalkoholVisse formuleringer af interferon beta-1a (Rebif®) indholder benzylalkohol:Forsigtighed ved brug af høje doser pga. risiko for akkumulering af benzylalkohol og udvikling af metabolisk acidose.,True,False
page_02092.html,https://pro.medicin.dk/Medicin/Praeparater/2092#a102,L01DB01,NA,NA,NA,NA,NA,NA,NA,NA,NA,False,False
page_02121.html,https://pro.medicin.dk/Medicin/Praeparater/2121#a102,C09CA06,<30 ml/min.,[0],[29],NA,NA,NA,forsigtighed,monitorering,Rutinemæssig monitorering af P-kalium og P-kreatinin.GFR < 15 ml/min:Begrænset erfaring ved hypertension.,True,False
page_02122.html,https://pro.medicin.dk/Medicin/Praeparater/2122#a102,M05BA06,<30 ml/min.,[0],[29],≥18 år,[18],[150],forsigtighed,dosisjustering,Tumorinduceret hypercalcæmi og forebyggelse af komplikationer ved osteolytiske knoglemetastaser.: 50 mg 1 gang om ugen; Mod osteoporose: Kontraindiceret.: Kontraindiceret.,True,True
page_02125.html,https://pro.medicin.dk/Medicin/Praeparater/2125#a102,R01AD09,NA,NA,NA,NA,NA,NA,NA,NA,NA,False,False
page_02126.html,https://pro.medicin.dk/Medicin/Praeparater/2126#a102,D10AD03,NA,NA,NA,NA,NA,NA,NA,NA,NA,False,False
page_02129.html,https://pro.medicin.dk/Medicin/Praeparater/2129#a102,S01EE01,NA,NA,NA,NA,NA,NA,NA,NA,NA,False,False
page_02136.html,https://pro.medicin.dk/Medicin/Praeparater/2136#a102,R06AX18,<60 ml/min.,[0],[59],NA,NA,NA,forsigtighed,ingen eller begrænset erfaring,Forsigtighed tilrådes.,True,False
page_02139.html,https://pro.medicin.dk/Medicin/Praeparater/2139#a102,G02AD02,<60 ml/min.,[0],[59],NA,NA,NA,forsigtighed,erfaring savnes,"Dinoproston udskilles hovedsageligt gennem nyrerne, men det systemiske optag er ringe.",True,False
page_02145.html,https://pro.medicin.dk/Medicin/Praeparater/2145#a102,A16AA04,NA,NA,NA,NA,NA,NA,NA,NA,NA,False,False
page_02148.html,https://pro.medicin.dk/Medicin/Praeparater/2148#a102,B05DA,NA,NA,NA,NA,NA,NA,NA,NA,NA,False,False
page_02149.html,https://pro.medicin.dk/Medicin/Praeparater/2149#a102,D07CA01,NA,NA,NA,NA,NA,NA,NA,NA,NA,False,False
page_02153.html,https://pro.medicin.dk/Medicin/Praeparater/2153#a102,N02AA03,<20 ml/min.,[0],[19],NA,NA,NA,forsigtighed,dosisjustering,Lavere initialdosis og forsigtig titrering til smertekontrol.,True,False
page_02157.html,https://pro.medicin.dk/Medicin/Praeparater/2157#a102,R06AX26,<60 ml/min.,[0],[59],NA,NA,NA,forsigtighed,erfaring savnes,Forsigtighed pga. manglende erfaring.,True,False
page_02158.html,https://pro.medicin.dk/Medicin/Praeparater/2158#a102,L04AA04,NA,NA,NA,NA,NA,NA,NA,NA,NA,False,False
page_02161.html,https://pro.medicin.dk/Medicin/Praeparater/2161#a102,S01EA05,NA,NA,NA,NA,NA,NA,NA,NA,NA,False,False
page_02162.html,https://pro.medicin.dk/Medicin/Praeparater/2162#a102,R03DC03,<60 ml/min.,[0],[59],NA,NA,NA,forsigtighed,hjælpestoffer,Singulair tyggetabletterneindeholder benzylalkohol der skal bruges med forsigtighed ved nedsat nyre- og leverfunktion. Læs mereher.,True,False
page_02166.html,https://pro.medicin.dk/Medicin/Praeparater/2166#a102,R03BA01,NA,NA,NA,NA,NA,NA,NA,NA,NA,False,False
page_02167.html,https://pro.medicin.dk/Medicin/Praeparater/2167#a102,L01AX04,<30 ml/min.,[0],[29],NA,NA,NA,kontraindiceret,erfaring savnes,Dosisjustering er som regel ikke nødvendig ved let til moderat nedsat nyrefunktion. Kontraindiceret ved GFR < 30 ml/min. Der findes ingen data.,True,False
page_02169.html,https://pro.medicin.dk/Medicin/Praeparater/2169#a102,A07BA01,NA,NA,NA,NA,NA,NA,NA,NA,NA,False,False
page_02172.html,https://pro.medicin.dk/Medicin/Praeparater/2172#a102,S01ED51,NA,NA,NA,NA,NA,NA,NA,NA,NA,False,False
page_02173.html,https://pro.medicin.dk/Medicin/Praeparater/2173#a102,J05AR01,<30 ml/min.,[0],[29],"Kombinationspræparatet er uegnet pga. manglende mulighed for individuel dosisreduktion.For enkeltstofferne gælder flg. retningslinjer:Lamivudin:Voksne og børn med legemsvægt ≥ 25 kgGFRml/minutInitial dosis1 gang dgl.Vedligeholdelsesdosis1 gang dgl.30-50150 mg150 mg15-30150 mg100 mg5-15150 mg50 mg< 550 mg25 mgBørn > 3 mdr. med legemsvægt < 25 kgGFRInitial dosis1 gang dgl.Vedligeholdelsesdosis1 gang dgl.30-504 mg/kg4 mg/kg15-304 mg/kg2,6 mg/kg5-154 mg/kg1,3 mg/kg< 51,3 mg/kg0,7 mg/kgZidovudin:GFR < 10 ml/min: 100 mg hver 6.-8. time.",,,forsigtighed,dosisjustering,"30-50: 150 mg: 150 mg; 15-30: 150 mg: 100 mg; 5-15: 150 mg: 50 mg; < 5: 50 mg: 25 mg: 0,7 mg/kg",True,True
page_02174.html,https://pro.medicin.dk/Medicin/Praeparater/2174#a102,G04BD07,<30 ml/min.,[0],[29],≥17 år,[17],[150],forsigtighed,dosisjustering,Højst 2 mg 1 gang dgl.,True,False
page_02179.html,https://pro.medicin.dk/Medicin/Praeparater/2179#a102,N02AA01,<30 ml/min.; 30-50 ml/min.,"[0, 30]","[29, 50]",NA; NA,"['NA', 'NA']","['NA', 'NA']",forsigtighed; forsigtighed,dosisjustering; dosisjustering,Dosis nedsættes til 25% af normaldosis med uændret dosisinterval.Velbehandlede patienter med stabil nyrefunktion < 30 ml/min. kan fortsætte behandling indtil GFR 10 ml/min.; Dosis nedsættes til 75 % af normaldosis.,True,False
page_02182.html,https://pro.medicin.dk/Medicin/Praeparater/2182#a102,L01CA04,NA,NA,NA,NA,NA,NA,NA,NA,NA,False,False
page_02184.html,https://pro.medicin.dk/Medicin/Praeparater/2184#a102,L03AB07,<30 ml/min.; 30-60 ml/min.,"[0, 30]","[29, 60]",NA; NA,"['NA', 'NA']","['NA', 'NA']",forsigtighed; forsigtighed,monitorering; hjælpestoffer,Tæt monitorering tilrådes.Evt. indhold af benzylalkoholVisse formuleringer af interferon beta-1a (Rebif®) indholder benzylalkohol:Forsigtighed ved brug af høje doser pga. risiko for akkumulering af benzylalkohol og udvikling af metabolisk acidose.; Indhold af benzylalkoholForsigtighed ved brug af høje doser pga. risiko for akkumulering af benzylalkohol og udvikling af metabolisk acidose.,True,False
page_02186.html,https://pro.medicin.dk/Medicin/Praeparater/2186#a102,N04BC05,<20 ml/min.,[0],[19],≥18 år,[18],[150],forsigtighed,dosisjustering,"Parkinsons sygdom: Initialdosis 0,09 mg dgl. Højst 1,1 mg dgl.; Restless legs: Højst 0,54 mg dgl.: Højst 0,54 mg dgl.",True,True
page_02187.html,https://pro.medicin.dk/Medicin/Praeparater/2187#a102,N02AX02,<10 ml/min.; 10-20 ml/min.,"[0, 10]","[9, 20]",≥12 år; ≥12 år,"[12, 12]","[150, 150]",forsigtighed; forsigtighed,dosisjustering; dosisjustering,Højst 50 mg 2 gange dgl.; Højst 100 mg 2 gange dgl.,True,False
page_02193.html,https://pro.medicin.dk/Medicin/Praeparater/2193#a102,A16AB02,NA,NA,NA,NA,NA,NA,NA,NA,NA,False,False
page_02194.html,https://pro.medicin.dk/Medicin/Praeparater/2194#a102,N04BX02,NA,NA,NA,NA,NA,NA,NA,NA,NA,False,False
page_02195.html,https://pro.medicin.dk/Medicin/Praeparater/2195#a102,N06DA03,NA,NA,NA,NA,NA,NA,NA,NA,NA,False,False
page_02197.html,https://pro.medicin.dk/Medicin/Praeparater/2197#a102,V08AB10,NA,NA,NA,NA,NA,NA,NA,NA,NA,False,False
page_02199.html,https://pro.medicin.dk/Medicin/Praeparater/2199#a102,V03AF04,NA,NA,NA,NA,NA,NA,NA,NA,NA,False,False
page_02200.html,https://pro.medicin.dk/Medicin/Praeparater/2200#a102,P01BB51,<30 ml/min.,[0],[29],NA,NA,NA,forsigtighed,NA,"Behandling:Der bør findes alternativ behandling af akutP. falciparum malaria, hvor det er muligt.Profylakse:Kontraindiceret til profylaktisk brug.",True,False
page_02201.html,https://pro.medicin.dk/Medicin/Praeparater/2201#a102,N02CC04,<10 ml/min.,[0],[9],NA,NA,NA,kontraindiceret,NA,"Mulige alternativer, se Triptaner.",True,False
page_02202.html,https://pro.medicin.dk/Medicin/Praeparater/2202#a102,S01XA20,NA,NA,NA,NA,NA,NA,NA,NA,NA,False,False
page_02204.html,https://pro.medicin.dk/Medicin/Praeparater/2204#a102,R03AC13,NA,NA,NA,NA,NA,NA,NA,NA,NA,False,False
page_02208.html,https://pro.medicin.dk/Medicin/Praeparater/2208#a102,A08AB01,NA,NA,NA,NA,NA,NA,NA,NA,NA,False,False
page_02210.html,https://pro.medicin.dk/Medicin/Praeparater/2210#a102,M09AX01,NA,NA,NA,NA,NA,NA,NA,NA,NA,False,False
page_02228.html,https://pro.medicin.dk/Medicin/Praeparater/2228#a102,B01AC04,NA,NA,NA,NA,NA,NA,NA,NA,NA,False,False
page_02244.html,https://pro.medicin.dk/Medicin/Praeparater/2244#a102,G03XC01,<30 ml/min.,[0],[29],NA,NA,NA,kontraindiceret,erfaring savnes,Kontraindiceret pga. manglende data.,True,False
page_02246.html,https://pro.medicin.dk/Medicin/Praeparater/2246#a102,R01AD11,NA,NA,NA,NA,NA,NA,NA,NA,NA,False,False
page_02248.html,https://pro.medicin.dk/Medicin/Praeparater/2248#a102,A10BX02,NA,NA,NA,NA,NA,NA,NA,NA,NA,False,False
page_02250.html,https://pro.medicin.dk/Medicin/Praeparater/2250#a102,L04AC02,NA,NA,NA,NA,NA,NA,NA,NA,NA,False,False
page_02252.html,https://pro.medicin.dk/Medicin/Praeparater/2252#a102,J07BK01,NA,NA,NA,NA,NA,NA,NA,NA,NA,False,False
page_02254.html,https://pro.medicin.dk/Medicin/Praeparater/2254#a102,G03FA01,NA,NA,NA,NA,NA,NA,NA,NA,NA,False,False
page_02256.html,https://pro.medicin.dk/Medicin/Praeparater/2256#a102,A07EC04,<60 ml/min.,[0],[59],NA,NA,NA,kontraindiceret,NA,Kontraindiceret pga. den renale clearance's store betydning for elimination.,True,False
page_02262.html,https://pro.medicin.dk/Medicin/Praeparater/2262#a102,N05BE01,<20 ml/min.; 20-50 ml/min.,"[0, 20]","[19, 50]",NA; ≥17 år,"['NA', 17]","['NA', 150]",kontraindiceret; forsigtighed,øget bivirkningsrisiko; dosisjustering,Op til 63% af buspiron og de aktive metabolitter udskilles via nyrerne. Risiko for akkumulering ved stærkt nedsat nyrefunktion.; Lav initialdosis. Virkning og symptomer bør evalueres omhyggeligt før en evt. dosisøgning  til højst 20 mg 2 gange dgl.,True,False
page_02501.html,https://pro.medicin.dk/Medicin/Praeparater/2501#a102,B02BD04,NA,NA,NA,NA,NA,NA,NA,NA,NA,False,False
page_02504.html,https://pro.medicin.dk/Medicin/Praeparater/2504#a102,G03FA01,NA,NA,NA,NA,NA,NA,NA,NA,NA,False,False
page_02505.html,https://pro.medicin.dk/Medicin/Praeparater/2505#a102,"G03FA01, G03FB05",NA,NA,NA,NA,NA,NA,NA,NA,NA,False,False
page_02509.html,https://pro.medicin.dk/Medicin/Praeparater/2509#a102,L01FA01,NA,NA,NA,NA,NA,NA,NA,NA,NA,False,False
page_02514.html,https://pro.medicin.dk/Medicin/Praeparater/2514#a102,D09AB01,NA,NA,NA,NA,NA,NA,NA,NA,NA,False,False
page_02515.html,https://pro.medicin.dk/Medicin/Praeparater/2515#a102,R03BA01,NA,NA,NA,NA,NA,NA,NA,NA,NA,False,False
page_02516.html,https://pro.medicin.dk/Medicin/Praeparater/2516#a102,N07BC02,<90 ml/min.,[0],[89],NA,NA,NA,forsigtighed,dosisjustering,Dosisintervallet bør øges:GFR 50-90 ml/min: 6 timers dosisinterval.GFR 10-50 ml/min:8 timers dosisinterval.GFR < 10 ml/min:8-12 timers dosisinterval.,True,False
page_02517.html,https://pro.medicin.dk/Medicin/Praeparater/2517#a102,J07AE01,NA,NA,NA,NA,NA,NA,NA,NA,NA,False,False
page_02518.html,https://pro.medicin.dk/Medicin/Praeparater/2518#a102,N02AA05,<10 ml/min.; 10-50 ml/min.,"[0, 10]","[9, 50]",NA; NA,"['NA', 'NA']","['NA', 'NA']",forsigtighed; forsigtighed,dosisjustering; dosisjustering,"50% reduktion af normaldosis. Lav startdosis, fx 10 mg oralt. Individuel titrering til smertekontrol.; 25 % reduktion af normaldosis.",True,False
page_02520.html,https://pro.medicin.dk/Medicin/Praeparater/2520#a102,N06BA07,NA,NA,NA,NA,NA,NA,NA,NA,NA,False,False
page_02521.html,https://pro.medicin.dk/Medicin/Praeparater/2521#a102,G04BE03,NA,NA,NA,NA,NA,NA,NA,NA,"GFR: 0-30 ml/min., Startdosis 25 mg 1 gang dgl. Dosis kan optitreres, hvis det tolereres.",True,False
page_02522.html,https://pro.medicin.dk/Medicin/Praeparater/2522#a102,H01CB02,NA,NA,NA,NA,NA,NA,NA,NA,NA,False,False
page_02523.html,https://pro.medicin.dk/Medicin/Praeparater/2523#a102,G04BE01,NA,NA,NA,NA,NA,NA,NA,NA,NA,False,False
page_02525.html,https://pro.medicin.dk/Medicin/Praeparater/2525#a102,C07AB03,<15 ml/min.; 15-30 ml/min.,"[0, 15]","[14, 30]",≥17 år; ≥17 år,"[17, 17]","[150, 150]",forsigtighed; forsigtighed,dosisjustering; dosisjustering,Højst 25-50 mg hver 2. dag. Efter hver dialyse 50 mg.; Højst 25-50 mg dgl.,True,False
page_02526.html,https://pro.medicin.dk/Medicin/Praeparater/2526#a102,D06BB10,NA,NA,NA,NA,NA,NA,NA,NA,NA,False,False
page_02529.html,https://pro.medicin.dk/Medicin/Praeparater/2529#a102,R03AK06,NA,NA,NA,NA,NA,NA,NA,NA,NA,False,False
page_02547.html,https://pro.medicin.dk/Medicin/Praeparater/2547#a102,M02AA15,NA,NA,NA,NA,NA,NA,NA,NA,NA,False,False
page_02550.html,https://pro.medicin.dk/Medicin/Praeparater/2550#a102,M02AA13,NA,NA,NA,NA,NA,NA,NA,NA,NA,False,False
page_02551.html,https://pro.medicin.dk/Medicin/Praeparater/2551#a102,S01GX06,NA,NA,NA,NA,NA,NA,NA,NA,NA,False,False
page_02553.html,https://pro.medicin.dk/Medicin/Praeparater/2553#a102,H01AC01,NA,NA,NA,NA,NA,NA,NA,NA,NA,False,False
page_02555.html,https://pro.medicin.dk/Medicin/Praeparater/2555#a102,C07AB02,NA,NA,NA,NA,NA,NA,NA,NA,NA,False,False
page_02558.html,https://pro.medicin.dk/Medicin/Praeparater/2558#a102,J07BC02,NA,NA,NA,NA,NA,NA,NA,NA,NA,False,False
page_02561.html,https://pro.medicin.dk/Medicin/Praeparater/2561#a102,N03AB05,<50 ml/min.,[0],[49],NA,NA,NA,forsigtighed,monitorering,"En reduktion af dosis eller indgiftshastighed på 10-25 % kan overvejes, og nøje klinisk monitorering er nødvendig.",True,False
page_02562.html,https://pro.medicin.dk/Medicin/Praeparater/2562#a102,N03AF02,<30 ml/min.,[0],[29],NA,NA,NA,forsigtighed,monitorering,Der indledes med halv dosis.Dosisøgning med intervaller på mindst 1 uge.,True,False
page_02565.html,https://pro.medicin.dk/Medicin/Praeparater/2565#a102,A06AD65,<60 ml/min.,[0],[59],NA,NA,NA,forsigtighed,hjælpestoffer,Movicol® Chokoladeindeholder benzylalkohol der skal bruges med forsigtighed ved nedsat nyre- og leverfunktion. Læs mereher.,True,False
page_02567.html,https://pro.medicin.dk/Medicin/Praeparater/2567#a102,J05AF06,NA,NA,NA,NA,NA,NA,NA,NA,NA,False,False
page_02568.html,https://pro.medicin.dk/Medicin/Praeparater/2568#a102,J05AF05,<5 ml/min.; 5-15 ml/min.; 15-30 ml/min.; 30-50 ml/min.,"[0, 5, 15, 30]","[4, 15, 30, 50]",≥17 år; ≥17 år; ≥17 år; ≥17 år,"[17, 17, 17, 17]","[150, 150, 150, 150]",forsigtighed; forsigtighed; forsigtighed; forsigtighed,dosisjustering; dosisjustering; dosisjustering; dosisjustering,"Hepatitis: Initialdosis 35 mg, derefter vedligeholdelsesdosis på højst 10 mg dgl.; Hepatitis: Initialdosis 35 mg, derefter vedligeholdelsesdosis på højst 15 mg dgl.; Hepatitis: Initialdosis 100 mg, derefter vedligeholdelsesdosis på højst 25 mg dgl.; Hepatitis: Initialdosis 100 mg, derefter vedligeholdelsesdosis på højst 50 mg dgl.",True,False
page_02570.html,https://pro.medicin.dk/Medicin/Praeparater/2570#a102,R03BA02,NA,NA,NA,NA,NA,NA,NA,NA,NA,False,False
page_02574.html,https://pro.medicin.dk/Medicin/Praeparater/2574#a102,B02BD02,NA,NA,NA,NA,NA,NA,NA,NA,NA,False,False
page_02577.html,https://pro.medicin.dk/Medicin/Praeparater/2577#a102,H01CC02,<30 ml/min.,[0],[29],NA,NA,NA,kontraindiceret,erfaring savnes,Kontraindiceret ved GFR < 30 ml/min. Der findes ingen data.,True,False
page_02582.html,https://pro.medicin.dk/Medicin/Praeparater/2582#a102,H02AB06,<60 ml/min.,[0],[59],NA,NA,NA,forsigtighed,øget bivirkningsrisiko,"Glukokortikoider kan medføre hypernatriæmi, hypokaliæmi, væskeretention og forhøjelse af blodtrykket.",True,False
page_02583.html,https://pro.medicin.dk/Medicin/Praeparater/2583#a102,N07BC01,<30 ml/min.,[0],[29],NA,NA,NA,forsigtighed,øget bivirkningsrisiko,Risiko for ophobning af aktive metabolitter.,True,False
page_02585.html,https://pro.medicin.dk/Medicin/Praeparater/2585#a102,D07AC01,NA,NA,NA,NA,NA,NA,NA,NA,NA,False,False
page_02588.html,https://pro.medicin.dk/Medicin/Praeparater/2588#a102,L04AB02,NA,NA,NA,NA,NA,NA,NA,NA,NA,False,False
page_02591.html,https://pro.medicin.dk/Medicin/Praeparater/2591#a102,V08DA01,NA,NA,NA,NA,NA,NA,NA,NA,NA,False,False
page_02596.html,https://pro.medicin.dk/Medicin/Praeparater/2596#a102,S02CA03,NA,NA,NA,NA,NA,NA,NA,NA,NA,False,False
page_02599.html,https://pro.medicin.dk/Medicin/Praeparater/2599#a102,V08CA04,<30 ml/min.,[0],[29],NA,NA,NA,forsigtighed,monitorering,Der skal være mindst 7 dage mellem to injektioner. Det anbefales at vurdere nyrefunktionen før indgift af kontraststof.,True,False
page_02605.html,https://pro.medicin.dk/Medicin/Praeparater/2605#a102,A10AB05,NA,NA,NA,NA,NA,NA,NA,NA,NA,False,False
page_02606.html,https://pro.medicin.dk/Medicin/Praeparater/2606#a102,A02BC04,NA,NA,NA,NA,NA,NA,NA,NA,NA,False,False
page_02622.html,https://pro.medicin.dk/Medicin/Praeparater/2622#a102,L04AK01,<60 ml/min.,[0],[59],NA,NA,NA,kontraindiceret,erfaring savnes,Dosisjustering er ikke nødvendig ved let nedsat nyrefunktion. Kontraindiceret ved GFR < 60 ml/min. Der findes ingen data.,True,False
page_02632.html,https://pro.medicin.dk/Medicin/Praeparater/2632#a102,B05AA05,<30 ml/min.,[0],[29],NA,NA,NA,forsigtighed,NA,Forsigtighed ved manifest eller truende nyresvigt.,True,False
page_02634.html,https://pro.medicin.dk/Medicin/Praeparater/2634#a102,N07BB03,<30 ml/min.; 30-50 ml/min.,"[0, 30]","[29, 50]",NA; ≥18 år,"['NA', 18]","['NA', 150]",kontraindiceret; forsigtighed,øget bivirkningsrisiko; dosisjustering,Udskilles uomdannet gennem nyrerne. Kontraindiceret pga. risiko for akkumulering af stoffet.; Højst 333 mg 3 gange dgl.,True,False
page_02642.html,https://pro.medicin.dk/Medicin/Praeparater/2642#a102,J05AB01,<10 ml/min.; <10 ml/min.,"[0, 0]","[9, 9]",2-12 år,[2],[12],forsigtighed,dosisjustering,"Behandling og forebyggelse af herpes: 125 mg/m2legemsoverflade 1 gang dgl.; Herpes zoster og herpes-encefalitis: 250 mg/m2legemsoverflade 1 gang dgl.; Samme dosis ved peritonealdialyse, hæmodialyseogefter hver hæmodialyse.: Samme dosis ved peritonealdialyse, hæmodialyseogefter hver hæmodialyse.",True,True
page_02644.html,https://pro.medicin.dk/Medicin/Praeparater/2644#a102,B05BA02,<30 ml/min.,[0],[29],NA,NA,NA,forsigtighed,betinget,"Kontraindiceret ved alvorlig nyreinsufficiens uden samtidig renal substitutionsbehandling (fx hæmodialyse, hæmofiltrering).Ved mistanke om nedsat fedtelimination, bør plasma-triglycerid indledningsvis kontrolleres 1-2 gange om ugen.",True,False
page_02645.html,https://pro.medicin.dk/Medicin/Praeparater/2645#a102,B05DB,NA,NA,NA,NA,NA,NA,NA,NA,NA,False,False
page_02647.html,https://pro.medicin.dk/Medicin/Praeparater/2647#a102,L02BG06,<30 ml/min.,[0],[29],NA,NA,NA,forsigtighed,øget bivirkningsrisiko,"Dosisjustering er ikke nødvendig, men forsigtighed tilrådes.",True,False
page_02648.html,https://pro.medicin.dk/Medicin/Praeparater/2648#a102,S01EC04,NA,NA,NA,NA,NA,NA,NA,NA,NA,False,False
page_02656.html,https://pro.medicin.dk/Medicin/Praeparater/2656#a102,J06BD01,NA,NA,NA,NA,NA,NA,NA,NA,NA,False,False
page_02657.html,https://pro.medicin.dk/Medicin/Praeparater/2657#a102,S01XA20,NA,NA,NA,NA,NA,NA,NA,NA,NA,False,False
page_02659.html,https://pro.medicin.dk/Medicin/Praeparater/2659#a102,H02AB09,<60 ml/min.,[0],[59],NA,NA,NA,forsigtighed,øget bivirkningsrisiko,"Glukokortikoider kan medføre hypernatriæmi, hypokaliæmi, væskeretention og forhøjelse af blodtrykket.",True,False
page_02660.html,https://pro.medicin.dk/Medicin/Praeparater/2660#a102,B05ZB,NA,NA,NA,NA,NA,NA,NA,NA,NA,False,False
page_02661.html,https://pro.medicin.dk/Medicin/Praeparater/2661#a102,B05BA03,<30 ml/min.,[0],[29],NA,NA,NA,forsigtighed,monitorering,"Forsigtighed tilrådes, især ved infusion af store volumina.Glucosetolerancen kan være nedsat. Tæt monitorering af blod-glucose og elektrolytter er påkrævet, og insulin og/eller kaliumbehov kan ændres.",True,False
page_02662.html,https://pro.medicin.dk/Medicin/Praeparater/2662#a102,B05BB01,<30 ml/min.,[0],[29],NA,NA,NA,forsigtighed,monitorering,"Monitorering af væske-, elektrolyt- og syre-base-status.",True,False
page_02663.html,https://pro.medicin.dk/Medicin/Praeparater/2663#a102,B05BB02,<30 ml/min.,[0],[29],NA,NA,NA,forsigtighed,monitorering,"Monitorering af væske-, elektrolyt- og syre-base-status.",True,False
page_02664.html,https://pro.medicin.dk/Medicin/Praeparater/2664#a102,M01AH01,30-60 ml/min.; <30 ml/min.,"[30, 0]","[60, 29]",NA; NA,"['NA', 'NA']","['NA', 'NA']",forsigtighed; kontraindiceret,monitorering; øget bivirkningsrisiko,Prostaglandiner har betydning for opretholdelse af normal nyregennemblødning. NSAID's hæmning af prostaglandinsyntesen kan derfor forårsage nedsat nyregennemblødning og dermed forværret nyrefunktion. Tæt monitorering af nyrefunktionen tilrådes.; Prostaglandiner har betydning for opretholdelse af normal nyregennemblødning. NSAID's hæmning af prostaglandinsyntesen kan derfor forårsage nedsat nyregennemblødning og dermed forværret nyrefunktion,True,False
page_02665.html,https://pro.medicin.dk/Medicin/Praeparater/2665#a102,G03XB01,NA,NA,NA,NA,NA,NA,NA,NA,NA,False,False
page_02676.html,https://pro.medicin.dk/Medicin/Praeparater/2676#a102,C08CA13,30-60 ml/min.; <30 ml/min.,"[30, 0]","[60, 29]",NA; NA,"['NA', 'NA']","['NA', 'NA']",forsigtighed; kontraindiceret,øget bivirkningsrisiko; øget bivirkningsrisiko,Lav initialdosis. Forsigtighed ved dosisøgning.; ,True,False
page_02678.html,https://pro.medicin.dk/Medicin/Praeparater/2678#a102,G02CX01,NA,NA,NA,NA,NA,NA,NA,NA,NA,False,False
page_02685.html,https://pro.medicin.dk/Medicin/Praeparater/2685#a102,C01DA14,NA,NA,NA,NA,NA,NA,NA,NA,NA,False,False
page_02702.html,https://pro.medicin.dk/Medicin/Praeparater/2702#a102,S01LA01,NA,NA,NA,NA,NA,NA,NA,NA,NA,False,False
page_02703.html,https://pro.medicin.dk/Medicin/Praeparater/2703#a102,H01CC01,<60 ml/min.,[0],[59],NA,NA,NA,kontraindiceret,erfaring savnes,Kontraindiceret ved moderat til stærkt nedsat nyrefunktion. Der findes ingen data.,True,False
page_02704.html,https://pro.medicin.dk/Medicin/Praeparater/2704#a102,N06AX12,<60 ml/min.,[0],[59],≥18 år,[18],[150],forsigtighed,dosisjustering,Højst 150 mg 1 gang dgl.,True,False
page_02708.html,https://pro.medicin.dk/Medicin/Praeparater/2708#a102,A07DA53,<60 ml/min.,[0],[59],NA,NA,NA,forsigtighed,hjælpestoffer,Imodium Plus indeholder benzylalkohol der skal bruges med forsigtighed ved nedsat nyre- og leverfunktion. Læs mereher.,True,False
page_02711.html,https://pro.medicin.dk/Medicin/Praeparater/2711#a102,G03FA12,NA,NA,NA,NA,NA,NA,NA,NA,NA,False,False
page_02714.html,https://pro.medicin.dk/Medicin/Praeparater/2714#a102,G03DA04,NA,NA,NA,NA,NA,NA,NA,NA,NA,False,False
page_02717.html,https://pro.medicin.dk/Medicin/Praeparater/2717#a102,V08CA08,<30 ml/min.,[0],[29],NA,NA,NA,forsigtighed,monitorering,Der skal være mindst 7 dage mellem to injektioner. Det anbefales at vurdere nyrefunktionen før indgift af kontraststof.,True,False
page_02720.html,https://pro.medicin.dk/Medicin/Praeparater/2720#a102,A02BC05,NA,NA,NA,NA,NA,NA,NA,NA,NA,False,False
page_02721.html,https://pro.medicin.dk/Medicin/Praeparater/2721#a102,S01ED01,NA,NA,NA,NA,NA,NA,NA,NA,NA,False,False
page_02725.html,https://pro.medicin.dk/Medicin/Praeparater/2725#a102,C09DA06,<30 ml/min.,[0],[29],NA,NA,NA,forsigtighed,monitorering,Tæt monitorering af P-kalium og P-kreatinin pga. indhold af hydrochlorthiazid.GFR < 15 ml/min:Begrænset erfaring med candesartan ved hypertension.,True,False
page_02726.html,https://pro.medicin.dk/Medicin/Praeparater/2726#a102,G03GA02,NA,NA,NA,NA,NA,NA,NA,NA,NA,False,False
page_02730.html,https://pro.medicin.dk/Medicin/Praeparater/2730#a102,M01AB05,30-60 ml/min.; <30 ml/min.,"[30, 0]","[60, 29]",NA; NA,"['NA', 'NA']","['NA', 'NA']",forsigtighed; kontraindiceret,monitorering; øget bivirkningsrisiko,Prostaglandiner har betydning for opretholdelse af normal nyregennemblødning. NSAID's hæmning af prostaglandinsyntesen kan derfor forårsage nedsat nyregennemblødning og dermed forværret nyrefunktion. Tæt monitorering af nyrefunktionen tilrådes.; Prostaglandiner har betydning for opretholdelse af normal nyregennemblødning. NSAID's hæmning af prostaglandinsyntesen kan derfor forårsage nedsat nyregennemblødning og dermed forværret nyrefunktion.,True,False
page_02737.html,https://pro.medicin.dk/Medicin/Praeparater/2737#a102,G03AC09,NA,NA,NA,NA,NA,NA,NA,NA,NA,False,False
page_02739.html,https://pro.medicin.dk/Medicin/Praeparater/2739#a102,N02CC05,<30 ml/min.,[0],[29],≥18 år,[18],[150],forsigtighed,dosisjustering,"Højst 12,5 mg 1 gang dgl.",True,False
page_02743.html,https://pro.medicin.dk/Medicin/Praeparater/2743#a102,V08CA09,<30 ml/min.,[0],[29],NA,NA,NA,forsigtighed,monitorering,"Der skal være mindst 7 dage mellem to injektioner. Det anbefales at vurdere nyrefunktionen før indgift af kontraststof. Dosis bør ikke overskride 0,1 mmol/kg legemsvægt.",True,False
page_02749.html,https://pro.medicin.dk/Medicin/Praeparater/2749#a102,N03AX14,<30 ml/min.; <30 ml/min.; <30 ml/min.; 30-50 ml/min.; 30-50 ml/min.; 30-50 ml/min.; 50-80 ml/min.; 50-80 ml/min.; 50-80 ml/min.,"[0, 0, 0, 30, 30, 30, 50, 50, 50]","[29, 29, 29, 50, 50, 50, 80, 80, 80]",2-17 år; 12-17 år; ≥17 år; 2-17 år; 12-17 år; ≥17 år; 2-17 år; 12-17 år; ≥17 år,"[2, 12, 17, 2, 12, 17, 2, 12, 17]","[17, 17, 150, 17, 17, 150, 17, 17, 150]",forsigtighed; forsigtighed; forsigtighed; forsigtighed; forsigtighed; forsigtighed; forsigtighed; forsigtighed; forsigtighed,dosisjustering; dosisjustering; dosisjustering; dosisjustering; dosisjustering; dosisjustering; dosisjustering; dosisjustering; dosisjustering,Højst 20 mg pr. kg legemsvægt dgl.; Højst 1.000 mg dgl.Samme dosis til patienter i dialyse. Efter dialyse anbefales 250 mg til 500 mg som supplerende dosis.; Højst 1.000 mg dgl.Samme dosis til patienter i dialyse. Efter dialyse anbefales 250 mg til 500 mg som supplerende dosis.; Højst 30 mg pr. kg legemsvægt dgl.; Højst 1.500 mg dgl.; Højst 1.500 mg dgl.; Højst 40 mg pr. kg legemsvægt dgl.; Højst 2.000 mg dgl.; Højst 2.000 mg dgl.,True,False
page_02750.html,https://pro.medicin.dk/Medicin/Praeparater/2750#a102,D06BB03,NA,NA,NA,NA,NA,NA,NA,NA,NA,False,False
page_02751.html,https://pro.medicin.dk/Medicin/Praeparater/2751#a102,N02BE01,NA,NA,NA,NA,NA,NA,NA,NA,"Oral administration, Det anbefales at:, ved GFR 10-50 ml/min: dosis hver 6. time, ved GFR < 10 ml/min: dosis hver 8. time",True,False
page_02752.html,https://pro.medicin.dk/Medicin/Praeparater/2752#a102,L01FD01,NA,NA,NA,NA,NA,NA,NA,NA,NA,False,False
page_02760.html,https://pro.medicin.dk/Medicin/Praeparater/2760#a102,N01BB58,<30 ml/min.,[0],[29],NA,NA,NA,forsigtighed,øget bivirkningsrisiko,Forsigtighed tilrådes ved langvarig eller gentagen administration.,True,False
page_02761.html,https://pro.medicin.dk/Medicin/Praeparater/2761#a102,N01BB58,<30 ml/min.,[0],[29],NA,NA,NA,forsigtighed,øget bivirkningsrisiko,Forsigtighed tilrådes ved langvarig eller gentagen administration.,True,False
page_02763.html,https://pro.medicin.dk/Medicin/Praeparater/2763#a102,G03AA12,<30 ml/min.,[0],[29],NA,NA,NA,kontraindiceret,NA,Højere serumkoncentration af drospirenon er set ved nedsat nyrefunktion.,True,False
page_02765.html,https://pro.medicin.dk/Medicin/Praeparater/2765#a102,A02AA04,<60 ml/min.,[0],[59],NA,NA,NA,forsigtighed,monitorering,Tæt monitorering af P-magnesium pga. risiko for magnesiumforgiftning.,True,False
page_02766.html,https://pro.medicin.dk/Medicin/Praeparater/2766#a102,B03AC,NA,NA,NA,NA,NA,NA,NA,NA,NA,False,False
page_02767.html,https://pro.medicin.dk/Medicin/Praeparater/2767#a102,B05BA02,<30 ml/min.,[0],[29],NA,NA,NA,forsigtighed,betinget,"Ved mistanke om nedsat fedtelimination, bør plasma-triglycerid indledningsvis kontrolleres 1-2 gange om ugen.",True,False
page_02768.html,https://pro.medicin.dk/Medicin/Praeparater/2768#a102,H01CB03,NA,NA,NA,NA,NA,NA,NA,NA,NA,False,False
page_02771.html,https://pro.medicin.dk/Medicin/Praeparater/2771#a102,M01AE14,30-60 ml/min.; <30 ml/min.,"[30, 0]","[60, 29]",NA; NA,"['NA', 'NA']","['NA', 'NA']",forsigtighed; kontraindiceret,monitorering; øget bivirkningsrisiko,Initialdosis bør nedsættes. Prostaglandiner har betydning for opretholdelse af normal nyregennemblødning. NSAID's hæmning af prostaglandinsyntesen kan derfor forårsage nedsat nyregennemblødning og dermed forværret nyrefunktion. Tæt monitorering af nyrefunktionen tilrådes.; Prostaglandiner har betydning for opretholdelse af normal nyregennemblødning. NSAID's hæmning af prostaglandinsyntesen kan derfor forårsage nedsat nyregennemblødning og dermed forværret nyrefunktion.,True,False
page_02772.html,https://pro.medicin.dk/Medicin/Praeparater/2772#a102,B05BA10,<60 ml/min.,[0],[59],NA,NA,NA,forsigtighed,monitorering,"Dosisjustering under hensyn til patientbehov og sværhedsgrad af nyreinsufficiens.Tæt monitorering af væske-, elektrolyt- og syre-base-status.Kontraindiceret ved stærkt nedsat nyrefunktion uden adgang til hæmofiltrering eller hæmodialyse.",True,False
page_02776.html,https://pro.medicin.dk/Medicin/Praeparater/2776#a102,S01GX08,NA,NA,NA,NA,NA,NA,NA,NA,NA,False,False
page_02777.html,https://pro.medicin.dk/Medicin/Praeparater/2777#a102,B01AD11,NA,NA,NA,NA,NA,NA,NA,NA,NA,False,False
page_02787.html,https://pro.medicin.dk/Medicin/Praeparater/2787#a102,J05AB01,<10 ml/min.; <10 ml/min.; <10 ml/min.,"[0, 0, 0]","[9, 9, 9]",2-6 år,[2],[6],forsigtighed,dosisjustering,Behandling af herpes: 200 mg hver 12. time; Forebyggelse af herpes: 200 mg hver 12. time; Herpes zoster og variceller: 200 mg 1 gang dgl.: 200 mg 1 gang dgl.,True,True
page_02788.html,https://pro.medicin.dk/Medicin/Praeparater/2788#a102,R06AX27,<60 ml/min.,[0],[59],NA,NA,NA,forsigtighed,hjælpestoffer,Aerius oral opløsningindeholder benzylalkohol der skal bruges med forsigtighed ved nedsat nyre- og leverfunktion. Læs mereher.,True,False
page_02789.html,https://pro.medicin.dk/Medicin/Praeparater/2789#a102,R03AK07,NA,NA,NA,NA,NA,NA,NA,NA,NA,False,False
page_02792.html,https://pro.medicin.dk/Medicin/Praeparater/2792#a102,J01GB01,<60 ml/min.,[0],[59],NA,NA,NA,forsigtighed,monitorering,Plasmakoncentrationen monitoreres tæt pga. øget risiko for oto- og nefrotoksicitet.,True,False
page_02808.html,https://pro.medicin.dk/Medicin/Praeparater/2808#a102,J05AB01,<10 ml/min.; <10 ml/min.; <10 ml/min.,"[0, 0, 0]","[9, 9, 9]",2-6 år,[2],[6],forsigtighed,dosisjustering,Behandling af herpes: 200 mg hver 12. time; Forebyggelse af herpes: 200 mg hver 12. time; Herpes zoster og variceller: 200 mg 1 gang dgl.: 200 mg 1 gang dgl.,True,True
page_02811.html,https://pro.medicin.dk/Medicin/Praeparater/2811#a102,J05AR10,<60 ml/min.,[0],[59],NA,NA,NA,forsigtighed,betinget,Samtidig brug afcolchiciner kontraindiceret pga. høj risiko for alvorlige og livstruende reaktioner som neuromuskulær toksicitet.,True,False
page_02813.html,https://pro.medicin.dk/Medicin/Praeparater/2813#a102,L04AH01,NA,NA,NA,NA,NA,NA,NA,NA,NA,False,False
page_02818.html,https://pro.medicin.dk/Medicin/Praeparater/2818#a102,G03AD01,NA,NA,NA,NA,NA,NA,NA,NA,NA,False,False
page_02820.html,https://pro.medicin.dk/Medicin/Praeparater/2820#a102,V03AC02,NA,NA,NA,NA,NA,NA,NA,NA,NA,False,False
page_02823.html,https://pro.medicin.dk/Medicin/Praeparater/2823#a102,B03XA02,NA,NA,NA,NA,NA,NA,NA,NA,NA,False,False
page_02824.html,https://pro.medicin.dk/Medicin/Praeparater/2824#a102,C07AB02,NA,NA,NA,NA,NA,NA,NA,NA,NA,False,False
page_02825.html,https://pro.medicin.dk/Medicin/Praeparater/2825#a102,N01AX10,<60 ml/min.,[0],[59],NA,NA,NA,forsigtighed,dosisjustering,Forsigtig dosistitrering og længere postoperativ observation.,True,False
page_02828.html,https://pro.medicin.dk/Medicin/Praeparater/2828#a102,L01XX05,<15 ml/min.; 15-60 ml/min.,"[0, 15]","[14, 60]",NA; NA,"['NA', 'NA']","['NA', 'NA']",forsigtighed; forsigtighed,dosisjustering; dosisjustering,Start med 20 % af normaldosis og titrer til respons.Tæt monitorering af hæmatologiske parametre.; Start med 50 % af normaldosis og titrer til respons.Tæt monitorering af hæmatologiske parametre.,True,False
page_02831.html,https://pro.medicin.dk/Medicin/Praeparater/2831#a102,N05AH04,NA,NA,NA,NA,NA,NA,NA,NA,NA,False,False
page_02833.html,https://pro.medicin.dk/Medicin/Praeparater/2833#a102,S01XA20,NA,NA,NA,NA,NA,NA,NA,NA,NA,False,False
page_02839.html,https://pro.medicin.dk/Medicin/Praeparater/2839#a102,N02CC06,<10 ml/min.; 10-50 ml/min.,"[0, 10]","[9, 50]",NA; ≥18 år,"['NA', 18]","['NA', 150]",kontraindiceret; forsigtighed,NA; dosisjustering,"Mulige alternativer, se Triptaner.; Initialdosis 20 mg dgl. Højst 40 mg dgl.",True,False
page_02842.html,https://pro.medicin.dk/Medicin/Praeparater/2842#a102,A06AD11,NA,NA,NA,NA,NA,NA,NA,NA,NA,False,False
page_02843.html,https://pro.medicin.dk/Medicin/Praeparater/2843#a102,D05AX52,NA,NA,NA,NA,NA,NA,NA,NA,NA,False,False
page_02848.html,https://pro.medicin.dk/Medicin/Praeparater/2848#a102,D06BX01,NA,NA,NA,NA,NA,NA,NA,NA,NA,False,False
page_02851.html,https://pro.medicin.dk/Medicin/Praeparater/2851#a102,N02BF01,<15 ml/min.; 15-30 ml/min.; 30-60 ml/min.; 60-80 ml/min.,"[0, 15, 30, 60]","[14, 30, 60, 80]",≥12 år; ≥12 år; ≥12 år; ≥12 år,"[12, 12, 12, 12]","[150, 150, 150, 150]",forsigtighed; forsigtighed; forsigtighed; forsigtighed,dosisjustering; dosisjustering; dosisjustering; dosisjustering,"Højst 150-300 mg 1 gang i døgnet. Døgndoser på 150 mg gives som 300 mg hver 2. dag.Daglig dosis bør nedsættes i forhold til GFR (ved GFR < 7,5 ml/min. halvt så stor daglig dosis som ved en GFR på 15 ml/min.).; Højst 150-600 mg i døgnet, så vidt muligt fordelt på flere daglige doser.Døgndoser på 150 mg gives som 300 mg hver 2. dag.; Højst 300-900 mg i døgnet, så vidt muligt fordelt på flere daglige doser.; Højst 600-1.800 mg i døgnet fordelt på 3 daglige doser.",True,False
page_02852.html,https://pro.medicin.dk/Medicin/Praeparater/2852#a102,C09AA03,<30 ml/min.,[0],[29],≥16 år,[16],[150],forsigtighed,dosisjustering,"Hypertension: Initialdosis 2,5-5 mg dgl. Højst 40 mg dgl. Rutinemæssig monitorering af P-kalium og P-kreatinin. Ved opstart accepteres et fald i eGFR på op til 30 %.",True,False
page_02856.html,https://pro.medicin.dk/Medicin/Praeparater/2856#a102,V03AF07,NA,NA,NA,NA,NA,NA,NA,NA,NA,False,False
page_02857.html,https://pro.medicin.dk/Medicin/Praeparater/2857#a102,G03GA08,NA,NA,NA,NA,NA,NA,NA,NA,NA,False,False
page_02862.html,https://pro.medicin.dk/Medicin/Praeparater/2862#a102,A16AB03,NA,NA,NA,NA,NA,NA,NA,NA,NA,False,False
page_02864.html,https://pro.medicin.dk/Medicin/Praeparater/2864#a102,G04BD09,<30 ml/min.,[0],[29],≥18 år,[18],[150],forsigtighed,dosisjustering,Højst 20 mg 1 gang dgl. eller 20 mg hver 2. dag.,True,False
page_02867.html,https://pro.medicin.dk/Medicin/Praeparater/2867#a102,S01ED51,NA,NA,NA,NA,NA,NA,NA,NA,NA,False,False
page_02868.html,https://pro.medicin.dk/Medicin/Praeparater/2868#a102,J01XX08,<30 ml/min.,[0],[29],NA,NA,NA,forsigtighed,ingen eller begrænset erfaring,Vævseksponeringen af de to primære metabolitter er op til 10 gange højere ved GFR < 30 ml/min. Den kliniske betydning heraf kendes ikke.,True,False
page_02870.html,https://pro.medicin.dk/Medicin/Praeparater/2870#a102,M01AB05,30-60 ml/min.; <30 ml/min.,"[30, 0]","[60, 29]",NA; NA,"['NA', 'NA']","['NA', 'NA']",forsigtighed; kontraindiceret,monitorering; øget bivirkningsrisiko,Prostaglandiner har betydning for opretholdelse af normal nyregennemblødning. NSAID's hæmning af prostaglandinsyntesen kan derfor forårsage nedsat nyregennemblødning og dermed forværret nyrefunktion. Tæt monitorering af nyrefunktionen tilrådes.; Prostaglandiner har betydning for opretholdelse af normal nyregennemblødning. NSAID's hæmning af prostaglandinsyntesen kan derfor forårsage nedsat nyregennemblødning og dermed forværret nyrefunktion.,True,False
page_02876.html,https://pro.medicin.dk/Medicin/Praeparater/2876#a102,A16AB04,NA,NA,NA,NA,NA,NA,NA,NA,NA,False,False
page_02877.html,https://pro.medicin.dk/Medicin/Praeparater/2877#a102,L01EA01,<60 ml/min.,[0],[59],NA,NA,NA,forsigtighed,dosisjustering,Voksne. Initialt højst 400 mg dgl. Efterfølgende kan dosis justeres ud fra tolerans og virkning.,True,False
page_02878.html,https://pro.medicin.dk/Medicin/Praeparater/2878#a102,G01AF01,NA,NA,NA,NA,NA,NA,NA,NA,NA,False,False
page_02884.html,https://pro.medicin.dk/Medicin/Praeparater/2884#a102,R07AX01,NA,NA,NA,NA,NA,NA,NA,NA,NA,False,False
page_02886.html,https://pro.medicin.dk/Medicin/Praeparater/2886#a102,S01EE04,NA,NA,NA,NA,NA,NA,NA,NA,NA,False,False
page_02889.html,https://pro.medicin.dk/Medicin/Praeparater/2889#a102,L03AX13,<60 ml/min.,[0],[59],NA,NA,NA,forsigtighed,monitorering,Hyppig kontrol af nyrefunktionen.,True,False
page_02890.html,https://pro.medicin.dk/Medicin/Praeparater/2890#a102,J01CE01,NA,NA,NA,NA,NA,NA,NA,NA,NA,False,False
page_02891.html,https://pro.medicin.dk/Medicin/Praeparater/2891#a102,H01AB01,NA,NA,NA,NA,NA,NA,NA,NA,NA,False,False
page_02899.html,https://pro.medicin.dk/Medicin/Praeparater/2899#a102,J01CR02,<10 ml/min.,[0],[9],NA,NA,NA,forsigtighed,dosisjustering,"Højst 500 mg/125 mg 3 gange dgl.Ved behandling i kortere tid, op til 1 uge, er der ikke behov for dosisreduktion.",True,False
page_02900.html,https://pro.medicin.dk/Medicin/Praeparater/2900#a102,A10BA02,<30 ml/min.; 30-45 ml/min.,"[0, 30]","[29, 45]",NA; ≥10 år,"['NA', 10]","['NA', 150]",kontraindiceret; forsigtighed,NA; dosisjustering,"Mulige alternativer, se Type 2-diabetes; Højst 500 mg metformin 2 gange dgl.",True,False
page_02903.html,https://pro.medicin.dk/Medicin/Praeparater/2903#a102,R06AE07,NA,NA,NA,NA,NA,NA,NA,NA,"Dosisjustering, GFR: < 10 ml/min., Højst 5-10 mg dgl., 1, 1) Reference, :, The Renal Drug Handbook, , 5th Ed.",True,False
page_02910.html,https://pro.medicin.dk/Medicin/Praeparater/2910#a102,R06AE07,NA,NA,NA,NA,NA,NA,NA,NA,"Dosisjustering, GFR: < 10 ml/min., Højst 5-10 mg dgl., 1, 1) Reference, :, The Renal Drug Handbook, , 5th Ed.",True,False
page_02912.html,https://pro.medicin.dk/Medicin/Praeparater/2912#a102,V08DA05,NA,NA,NA,NA,NA,NA,NA,NA,NA,False,False
page_02917.html,https://pro.medicin.dk/Medicin/Praeparater/2917#a102,N05AE04,NA,NA,NA,NA,NA,NA,NA,NA,NA,False,False
page_02918.html,https://pro.medicin.dk/Medicin/Praeparater/2918#a102,G03FB05,NA,NA,NA,NA,NA,NA,NA,NA,NA,False,False
page_02919.html,https://pro.medicin.dk/Medicin/Praeparater/2919#a102,G03CA03,NA,NA,NA,NA,NA,NA,NA,NA,NA,False,False
page_02925.html,https://pro.medicin.dk/Medicin/Praeparater/2925#a102,A10AD05,NA,NA,NA,NA,NA,NA,NA,NA,NA,False,False
page_02926.html,https://pro.medicin.dk/Medicin/Praeparater/2926#a102,B05BB02,<60 ml/min.,[0],[59],NA,NA,NA,forsigtighed,monitorering,Monitorering af P-kalium pga. risiko for hyperkaliæmi.,True,False
page_02928.html,https://pro.medicin.dk/Medicin/Praeparater/2928#a102,A06AB08,NA,NA,NA,NA,NA,NA,NA,NA,NA,False,False
page_02933.html,https://pro.medicin.dk/Medicin/Praeparater/2933#a102,S01EE03,NA,NA,NA,NA,NA,NA,NA,NA,NA,False,False
page_02937.html,https://pro.medicin.dk/Medicin/Praeparater/2937#a102,B01AX05,<20 ml/min.; 20-50 ml/min.,"[0, 20]","[19, 50]",NA; ≥17 år,"['NA', 17]","['NA', 150]",kontraindiceret; forsigtighed,øget bivirkningsrisiko; dosisjustering,"Kontraindiceret pga. øget blødningsrisiko. Fondaparinux udskilles primært renalt, heraf ca. 70 % som uomdannet stof.; Højst 1,5 mg 1 gang dgl.",True,False
page_02940.html,https://pro.medicin.dk/Medicin/Praeparater/2940#a102,M01AH04,<30 ml/min.,[0],[29],≥17 år,[17],[150],forsigtighed,dosisjustering,Lav initialdosis 20 mg. Højst 40 mg dgl.Tæt monitorering af nyrefunktionen tilrådes. Prostaglandiner har betydning for opretholdelse af normal nyregennemblødning. NSAID's hæmning af prostaglandinsyntesen kan derfor forårsage nedsat nyregennemblødning og dermed forværret nyrefunktion.,True,False
page_02941.html,https://pro.medicin.dk/Medicin/Praeparater/2941#a102,C09AA02,<10 ml/min.; 10-30 ml/min.,"[0, 10]","[9, 30]",≥16 år; ≥16 år,"[16, 16]","[150, 150]",forsigtighed; forsigtighed,dosisjustering; dosisjustering,"Initialdosis 2,5 mg. Højst 10 mg dgl. Rutinemæssig monitorering af P-kalium og P-kreatinin.  Ved opstart accepteres et fald i eGFR på op til 30 %.; Initialdosis 2,5 mg dgl. Højst 20 mg dgl. Rutinemæssig monitorering af P-kalium og P-kreatinin.  Ved opstart accepteres et fald i eGFR på op til 30 %.",True,False
page_02942.html,https://pro.medicin.dk/Medicin/Praeparater/2942#a102,L04AC03,30-60 ml/min.; <30 ml/min.,"[30, 0]","[60, 29]",NA; NA,"['NA', 'NA']","['NA', 'NA']",forsigtighed; forsigtighed,NA; dosisjustering,Forsigtighed tilrådes.; Dosisintervallet bør evt. forlænges til hver 2. dag.,True,False
page_02943.html,https://pro.medicin.dk/Medicin/Praeparater/2943#a102,N02AB03,<60 ml/min.,[0],[59],NA,NA,NA,forsigtighed,monitorering,Lav initialdosis og forsigtig dosistitrering til respons.,True,False
page_02949.html,https://pro.medicin.dk/Medicin/Praeparater/2949#a102,N06AB04,<30 ml/min.,[0],[29],NA,NA,NA,forsigtighed,erfaring savnes,Forsigtighed ved GFR < 30 ml/min pga. manglende erfaring.,True,False
page_02950.html,https://pro.medicin.dk/Medicin/Praeparater/2950#a102,V04CX,NA,NA,NA,NA,NA,NA,NA,NA,NA,False,False
page_02951.html,https://pro.medicin.dk/Medicin/Praeparater/2951#a102,N05AL05,<10 ml/min.; 10-30 ml/min.; 30-60 ml/min.,"[0, 10, 30]","[9, 30, 60]",≥17 år; ≥17 år; ≥17 år,"[17, 17, 17]","[150, 150, 150]",forsigtighed; forsigtighed; forsigtighed,dosisjustering; dosisjustering; dosisjustering,Lav initialdosis. Optitrer til højst 200 mg dgl. under forsigtighed.; Dosisjustering til 33 % af normaldosis. Højst 200 mg 2 gange dgl.; Dosisjustering til 50% af normaldosis. Højst 300 mg 2 gange dgl.,True,False
page_02953.html,https://pro.medicin.dk/Medicin/Praeparater/2953#a102,N05CF02,NA,NA,NA,NA,NA,NA,NA,NA,NA,False,False
page_02955.html,https://pro.medicin.dk/Medicin/Praeparater/2955#a102,N05CF02,NA,NA,NA,NA,NA,NA,NA,NA,NA,False,False
page_02961.html,https://pro.medicin.dk/Medicin/Praeparater/2961#a102,R03BB04,<50 ml/min.,[0],[49],NA,NA,NA,forsigtighed,betinget,Dosisjustering er ikke nødvendig ved GFR > 50 ml/min. Forsigtighed tilrådes ved GFR < 50 ml/min. Erfaring savnes vedr. langtidsbehandling ved svær nyreinsufficiens.,True,False
page_02963.html,https://pro.medicin.dk/Medicin/Praeparater/2963#a102,L01XD03,NA,NA,NA,NA,NA,NA,NA,NA,NA,False,False
page_02965.html,https://pro.medicin.dk/Medicin/Praeparater/2965#a102,C09BA04,<10 ml/min.,[0],[9],NA,NA,NA,kontraindiceret,NA,"Kontraindiceret pga. indapamid (thiazidlignende diuretikum). Thiazider og beslægtede diuretika har kun fuld effekt, når nyrefunktionen er normal eller kun lettere nedsat.",True,False
page_02967.html,https://pro.medicin.dk/Medicin/Praeparater/2967#a102,S01AE05,NA,NA,NA,NA,NA,NA,NA,NA,NA,False,False
page_02975.html,https://pro.medicin.dk/Medicin/Praeparater/2975#a102,D11AH01,NA,NA,NA,NA,NA,NA,NA,NA,NA,False,False
page_02976.html,https://pro.medicin.dk/Medicin/Praeparater/2976#a102,N02AX02,<10 ml/min.; 10-20 ml/min.,"[0, 10]","[9, 20]",≥12 år; ≥12 år,"[12, 12]","[150, 150]",forsigtighed; forsigtighed,dosisjustering; dosisjustering,Højst 50 mg 2 gange dgl.; Højst 100 mg 2 gange dgl.,True,False
page_02978.html,https://pro.medicin.dk/Medicin/Praeparater/2978#a102,N06AB10,<30 ml/min.,[0],[29],NA,NA,NA,forsigtighed,erfaring savnes,Forsigtighed ved GFR < 30 ml/min. pga. manglende erfaring.,True,False
page_02982.html,https://pro.medicin.dk/Medicin/Praeparater/2982#a102,N06DX01,<30 ml/min.,[0],[29],≥17 år,[17],[150],forsigtighed,dosisjustering,Initialdosis 5 mg 1 gang dgl. Efter 1 uge evt. dosisøgning til højst 10 mg 1 gang dgl.,True,False
page_02984.html,https://pro.medicin.dk/Medicin/Praeparater/2984#a102,D11AH02,NA,NA,NA,NA,NA,NA,NA,NA,NA,False,False
page_02985.html,https://pro.medicin.dk/Medicin/Praeparater/2985#a102,L03AB11,<60 ml/min.; <30 ml/min.,"[0, 0]","[59, 29]",NA; NA,"['NA', 'NA']","['NA', 'NA']",forsigtighed; forsigtighed,hjælpestoffer; dosisjustering,Pegasys injektionsvæske indeholder benzylalkohol der skal bruges med forsigtighed ved nedsat nyre- og leverfunktion. Læs mereher.; Voksne.Initialdosis 135 mikrogram s.c. 1 gang ugentlig.Børn 3-17 år. Ingen oplysninger.,True,False
page_02988.html,https://pro.medicin.dk/Medicin/Praeparater/2988#a102,B05DB,NA,NA,NA,NA,NA,NA,NA,NA,NA,False,False
page_02992.html,https://pro.medicin.dk/Medicin/Praeparater/2992#a102,J01MA02,<30 ml/min.; <30 ml/min.; 30-60 ml/min.,"[0, 0, 30]","[29, 29, 60]",2-17 år; ≥17 år; ≥17 år,"[2, 17, 17]","[17, 150, 150]",forsigtighed; forsigtighed; forsigtighed,dosisjustering; dosisjustering; dosisjustering,Højst 20 mg pr. kg legemsvægt 1 gang i døgnet.; Højst 500 mg 1 gang i døgnet.; Højst 500 mg 2 gange i døgnet.,True,False
page_02994.html,https://pro.medicin.dk/Medicin/Praeparater/2994#a102,C07AB07,<15 ml/min.,[0],[14],≥17 år,[17],[150],forsigtighed,dosisjustering,Højst 10 mg dgl.,True,False
page_02995.html,https://pro.medicin.dk/Medicin/Praeparater/2995#a102,J02AC03,<50 ml/min.,[0],[49],NA,NA,NA,forsigtighed,hjælpestoffer,"Vfend® infusionsvæske indeholder som hjælpestof sulfobutylether-β-cyclodextrin, der kan kumuleres ved nyreinsufficiens (GFR < 50 ml/min).",True,False
page_02996.html,https://pro.medicin.dk/Medicin/Praeparater/2996#a102,J05AB14,<10 ml/min.; <10 ml/min.,"[0, 0]","[9, 9]",2-17 år; ≥17 år,"[2, 17]","[17, 150]",forsigtighed; forsigtighed,dosisjustering; dosisjustering,Højst 70 mg pr. m2legemsoverflade i døgnet.; Behandling af CMV: 200 mg 3 gange om ugen efter dialyse.; Forebyggelse af CMV: 100 mg 3 gange om ugen efter dialyse.: 100 mg 3 gange om ugen efter dialyse.,True,True
page_02998.html,https://pro.medicin.dk/Medicin/Praeparater/2998#a102,G03AA07,NA,NA,NA,NA,NA,NA,NA,NA,NA,False,False
page_03000.html,https://pro.medicin.dk/Medicin/Praeparater/3000#a102,D10BA01,<30 ml/min.,[0],[29],NA,NA,NA,forsigtighed,monitorering,Voksne og børn > 12 år.Lavere startdosis på 10 mg anbefales. Herefter øges dosis efter tolerans til højst 1 mg/kg/døgn.,True,False
page_03002.html,https://pro.medicin.dk/Medicin/Praeparater/3002#a102,J05AH02,<10 ml/min.,[0],[9],≥13 år,[13],[150],forsigtighed,dosisjustering,Behandling af influenzaHæmodialysePeritonealdialyse: 30 mg hver 2. dag30 mg efter hver dialyse30 mg som engangsdosis; Profylakse af influenzaHæmodialysePeritonealdialyse: 30 mg 1 gang om ugen30 mg efter hver 2. dialyse30 mg 1 gang om ugen: 30 mg 1 gang om ugen30 mg efter hver 2. dialyse30 mg 1 gang om ugen,True,True
page_03005.html,https://pro.medicin.dk/Medicin/Praeparater/3005#a102,G02BB01,NA,NA,NA,NA,NA,NA,NA,NA,NA,False,False
page_03010.html,https://pro.medicin.dk/Medicin/Praeparater/3010#a102,L03AX03,NA,NA,NA,NA,NA,NA,NA,NA,NA,False,False
page_03019.html,https://pro.medicin.dk/Medicin/Praeparater/3019#a102,J05AF07,<10 ml/min.; 10-20 ml/min.; 20-30 ml/min.; 30-50 ml/min.,"[0, 10, 20, 30]","[9, 20, 30, 50]",≥12 år; ≥12 år; ≥12 år; ≥12 år,"[12, 12, 12, 12]","[150, 150, 150, 150]",forsigtighed; forsigtighed; forsigtighed; forsigtighed,dosisjustering; dosisjustering; dosisjustering; dosisjustering,"Ingen dosisanbefalinger til ikke-hæmodialyse-patienter.Hæmodialyse: 16,5 mg dgl. eller 245 mg 1 gang om ugen.Stor forsigtighed og tæt monitorering.; Højst 33 mg dgl. eller 245 mg 2 gange om ugen.; Højst 65 mg dgl. eller 245 mg 2 gange om ugen.; Højst 132 mg dgl. eller 245 mg hver 2. dag.",True,False
page_03024.html,https://pro.medicin.dk/Medicin/Praeparater/3024#a102,B05BA03,<30 ml/min.,[0],[29],NA,NA,NA,forsigtighed,monitorering,"Forsigtighed tilrådes, især ved infusion af store volumina.Glucosetolerancen kan være nedsat. Tæt monitorering af blod-glucose og elektrolytter er påkrævet, og insulin og/eller kaliumbehov kan ændres.",True,False
page_03027.html,https://pro.medicin.dk/Medicin/Praeparater/3027#a102,R06AX13,NA,NA,NA,NA,NA,NA,NA,NA,NA,False,False
page_03031.html,https://pro.medicin.dk/Medicin/Praeparater/3031#a102,J01FA06,NA,NA,NA,NA,NA,NA,NA,NA,NA,False,False
page_03032.html,https://pro.medicin.dk/Medicin/Praeparater/3032#a102,V07AB,NA,NA,NA,NA,NA,NA,NA,NA,NA,False,False
page_03040.html,https://pro.medicin.dk/Medicin/Praeparater/3040#a102,S01GX09,NA,NA,NA,NA,NA,NA,NA,NA,NA,False,False
page_03041.html,https://pro.medicin.dk/Medicin/Praeparater/3041#a102,N02BE01,NA,NA,NA,NA,NA,NA,NA,NA,"Oral administration, Det anbefales at:, ved GFR 10-50 ml/min: dosis hver 6. time, ved GFR < 10 ml/min: dosis hver 8. time",True,False
page_03048.html,https://pro.medicin.dk/Medicin/Praeparater/3048#a102,N05CF02,NA,NA,NA,NA,NA,NA,NA,NA,NA,False,False
page_03050.html,https://pro.medicin.dk/Medicin/Praeparater/3050#a102,G04BE08,<30 ml/min.,[0],[29],≥17 år,[17],[150],forsigtighed,dosisjustering,Erektil dysfunktion: Højst 10 mg ved behov og højst hv. 3. dag.; Prostata hyperplasi: Kontraindiceret; Pulmonal arteriel hypertension: Kontraindiceret: Kontraindiceret,True,True
page_03057.html,https://pro.medicin.dk/Medicin/Praeparater/3057#a102,J06BA02,NA,NA,NA,NA,NA,NA,NA,NA,NA,False,False
page_03067.html,https://pro.medicin.dk/Medicin/Praeparater/3067#a102,J01MA02,<30 ml/min.; <30 ml/min.; 30-60 ml/min.,"[0, 0, 30]","[29, 29, 60]",2-17 år; ≥17 år; ≥17 år,"[2, 17, 17]","[17, 150, 150]",forsigtighed; forsigtighed; forsigtighed,dosisjustering; dosisjustering; dosisjustering,Højst 20 mg pr. kg legemsvægt 1 gang i døgnet.; Højst 500 mg 1 gang i døgnet.; Højst 500 mg 2 gange i døgnet.,True,False
page_03069.html,https://pro.medicin.dk/Medicin/Praeparater/3069#a102,C08CA02,NA,NA,NA,NA,NA,NA,NA,NA,NA,False,False
page_03074.html,https://pro.medicin.dk/Medicin/Praeparater/3074#a102,A11DA01,NA,NA,NA,NA,NA,NA,NA,NA,NA,False,False
page_03091.html,https://pro.medicin.dk/Medicin/Praeparater/3091#a102,N02AA01,<30 ml/min.; 30-50 ml/min.,"[0, 30]","[29, 50]",NA; NA,"['NA', 'NA']","['NA', 'NA']",forsigtighed; forsigtighed,dosisjustering; dosisjustering,Dosis nedsættes til 25% af normaldosis med uændret dosisinterval.Velbehandlede patienter med stabil nyrefunktion < 30 ml/min. kan fortsætte behandling indtil GFR 10 ml/min.; Dosis nedsættes til 75 % af normaldosis.,True,False
page_03092.html,https://pro.medicin.dk/Medicin/Praeparater/3092#a102,N07AA01,NA,NA,NA,NA,NA,NA,NA,NA,NA,False,False
page_03094.html,https://pro.medicin.dk/Medicin/Praeparater/3094#a102,C01CA03,NA,NA,NA,NA,NA,NA,NA,NA,NA,False,False
page_03095.html,https://pro.medicin.dk/Medicin/Praeparater/3095#a102,J02AC01,<30 ml/min.; <30 ml/min.,"[0, 0]","[29, 29]",2-12 år,[2],[12],forsigtighed,dosisjustering,"Trøske, oral candidiasis: 1, 5 mg pr. kg legemsvægt 1 gang dgl.; Forebyggelse og behandling af candidiasis: 3 mg pr. kg legemsvægt 1 gang dgl.; Systemisk candidiasisKryptokokmeningitis: 6 mg pr. kg legemsvægt 1 gang dgl.: 6 mg pr. kg legemsvægt 1 gang dgl.",True,True
page_03101.html,https://pro.medicin.dk/Medicin/Praeparater/3101#a102,R06AX13,NA,NA,NA,NA,NA,NA,NA,NA,NA,False,False
page_03102.html,https://pro.medicin.dk/Medicin/Praeparater/3102#a102,C01CA24,NA,NA,NA,NA,NA,NA,NA,NA,NA,False,False
page_03112.html,https://pro.medicin.dk/Medicin/Praeparater/3112#a102,L03AA13,NA,NA,NA,NA,NA,NA,NA,NA,NA,False,False
page_03114.html,https://pro.medicin.dk/Medicin/Praeparater/3114#a102,C10AA01,<30 ml/min.,[0],[29],NA,NA,NA,forsigtighed,monitorering,"P-kreatinkinase bør måles før behandlingsstart pga. prædisposition for rhabdomyolyse. Ved P-kreatinkinase > 4 gange øverste normalgrænse bør behandlingen ikke startes.Under behandling:P-kreatininkinase > 10 gange øverste normalgrænse: pauser behandlingen, kontroller nyrefunktionen og monitorer P-kreatininkinase efter to uger.P-kreatininkinase < 10 gange øverste normalgrænse:ingen symptomer, fortsat behandlingen, kontroller P- kreatininkinase indenfor 2-4 uger.P-kreatininkinase < 10 gange øverste normalgrænse:hvis symptomer, pauser statin og afvent normalisering af P-kreatininkinase før genoptagelse med en lavere statin dosis.VedGFR < 30 ml/minbør der udvises forsigtighed ved doser > 10 mg dgl.Læs mere:Statiner",True,False
page_03115.html,https://pro.medicin.dk/Medicin/Praeparater/3115#a102,N02AX02,<10 ml/min.; 10-20 ml/min.,"[0, 10]","[9, 20]",≥12 år; ≥12 år,"[12, 12]","[150, 150]",forsigtighed; forsigtighed,dosisjustering; dosisjustering,Højst 50 mg 2 gange dgl.; Højst 100 mg 2 gange dgl.,True,False
page_03120.html,https://pro.medicin.dk/Medicin/Praeparater/3120#a102,N01BB01,<30 ml/min.,[0],[29],NA,NA,NA,forsigtighed,øget bivirkningsrisiko,Forsigtighed tilrådes ved langvarig eller gentagen administration.,True,False
page_03122.html,https://pro.medicin.dk/Medicin/Praeparater/3122#a102,N02AA51,<50 ml/min.,[0],[49],NA,NA,NA,forsigtighed,monitorering,Forsigtighed og evt. dosisreduktion tilrådes.,True,False
page_03128.html,https://pro.medicin.dk/Medicin/Praeparater/3128#a102,M01AH05,30-60 ml/min.; <30 ml/min.,"[30, 0]","[60, 29]",NA; NA,"['NA', 'NA']","['NA', 'NA']",forsigtighed; kontraindiceret,monitorering; øget bivirkningsrisiko,Prostaglandiner har betydning for opretholdelse af normal nyregennemblødning. NSAID's hæmning af prostaglandinsyntesen kan derfor forårsage nedsat nyregennemblødning og dermed forværret nyrefunktion. Tæt monitorering af nyrefunktionen tilrådes.; Prostaglandiner har betydning for opretholdelse af normal nyregennemblødning. NSAID's hæmning af prostaglandinsyntesen kan derfor forårsage nedsat nyregennemblødning og dermed forværret nyrefunktion.,True,False
page_03140.html,https://pro.medicin.dk/Medicin/Praeparater/3140#a102,N01BB52,<30 ml/min.,[0],[29],NA,NA,NA,forsigtighed,øget bivirkningsrisiko,Forsigtighed tilrådes ved langvarig eller gentagen administration.,True,False
page_03141.html,https://pro.medicin.dk/Medicin/Praeparater/3141#a102,R05DA04,<10 ml/min.; 10-30 ml/min.,"[0, 10]","[9, 30]",≥12 år; ≥12 år,"[12, 12]","[150, 150]",forsigtighed; forsigtighed,dosisjustering; dosisjustering,Dosisjustering til 50% af normaldosis. Højst 125 mg dgl.; Dosisreduktion til 75% af normaldosis. Højst 200 mg dgl.,True,False
page_03147.html,https://pro.medicin.dk/Medicin/Praeparater/3147#a102,C01AA05,<90 ml/min.,[0],[89],NA,NA,NA,forsigtighed,dosisjustering,"Vedligeholdelsesdosis skal nedsættes. Vedligeholdelsesdosis udregnes altid efter alder, vægt og P-kreatinin uanset patientens nyrestatus.",True,False
page_03148.html,https://pro.medicin.dk/Medicin/Praeparater/3148#a102,B05XA07,<30 ml/min.; 30-60 ml/min.,"[0, 30]","[29, 60]",NA; NA,"['NA', 'NA']","['NA', 'NA']",kontraindiceret; forsigtighed,NA; betinget,"Dosisjustering er utilstrækkelig ved stærkt nedsat nyrefunktion.; Ved nyreinsufficiens, nyresten og hypercalciuri bør behandlingen kun ske under samtidig kontrol af P-calcium og U-calcium.Forsigtighed ved anamnese med nyresten.",True,False
page_03151.html,https://pro.medicin.dk/Medicin/Praeparater/3151#a102,J01EE01,<15 ml/min.; <15 ml/min.; 15-30 ml/min.; 15-30 ml/min.,"[0, 0, 15, 15]","[14, 14, 30, 30]",2-12 år; ≥12 år; 2-12 år; ≥12 år,"[2, 12, 2, 12]","[12, 150, 12, 150]",forsigtighed; forsigtighed; forsigtighed; forsigtighed,dosisjustering; dosisjustering; dosisjustering; dosisjustering,"Der kan gives op til 20 mg sulfamethoxazol pr. kg legemsvægt i døgnet, men kun til patienter i regelmæssig dialysebehandling.; Der kan gives op til 8 tabletter (3.200 mg sulfamethoxazol/160 mg trimehoprim) i døgnet, men kun til patienter i regelmæssig dialysebehandling.; Dosis nedsættes til 50 % af normaldosis. Højst 20 mg sulfamethoxazol pr. kg legemsvægt i døgnet.; Dosis nedsættes til 50 % af normal dosis. Højst 8 tabletter (3.200 mg sulfamethoxazol/160 mg trimethoprim) i døgnet.",True,False
page_03152.html,https://pro.medicin.dk/Medicin/Praeparater/3152#a102,J04AK01,<30 ml/min.,[0],[29],≥2 år,[2],[150],forsigtighed,dosisjustering,Højst 20 mg pr. kg legemsvægt i døgnet.,True,False
page_03156.html,https://pro.medicin.dk/Medicin/Praeparater/3156#a102,A06AG01,<60 ml/min.,[0],[59],NA,NA,NA,kontraindiceret,øget bivirkningsrisiko,Risiko for hyperfosfatæmi.,True,False
page_03158.html,https://pro.medicin.dk/Medicin/Praeparater/3158#a102,B01AB01,NA,NA,NA,NA,NA,NA,NA,NA,NA,False,False
page_03160.html,https://pro.medicin.dk/Medicin/Praeparater/3160#a102,N06AB05,<30 ml/min.,[0],[29],≥18 år,[18],[150],forsigtighed,dosisjustering,Højst 40 mg dgl.Øgede plasmakoncentrationer af paroxetin ses ved svært nedsat nyrefunktion. Der anbefales dosering i den lave del af dosisområdet.,True,False
page_03171.html,https://pro.medicin.dk/Medicin/Praeparater/3171#a102,R03BA07,NA,NA,NA,NA,NA,NA,NA,NA,NA,False,False
page_03178.html,https://pro.medicin.dk/Medicin/Praeparater/3178#a102,C10AA07,<60 ml/min.; 10-30 ml/min.,"[0, 10]","[59, 30]",≥17 år; 6-17 år,"[17, 6]","[150, 17]",forsigtighed; forsigtighed,dosisjustering; dosisjustering,Initialdosis 5 mg. Kan øges til højst 20 mg dgl.; Initialdosis 5 mg. Kan øges til højst 10 mg dgl.,True,False
page_03184.html,https://pro.medicin.dk/Medicin/Praeparater/3184#a102,J07AJ52,NA,NA,NA,NA,NA,NA,NA,NA,NA,False,False
page_03189.html,https://pro.medicin.dk/Medicin/Praeparater/3189#a102,N01BB52,<30 ml/min.,[0],[29],NA,NA,NA,forsigtighed,øget bivirkningsrisiko,Forsigtighed tilrådes ved langvarig eller gentagen administration.,True,False
page_03194.html,https://pro.medicin.dk/Medicin/Praeparater/3194#a102,N06AX11,<40 ml/min.,[0],[39],NA,NA,NA,forsigtighed,dosisjustering,"Lav initialdosis (7,5-15 mg) og langsom optitrering.Tæt monitorering anbefales pga. fald i clearance på 30 % ved GFR < 40 ml/min og på 50 % ved GFR < 10 ml/min.",True,False
page_03198.html,https://pro.medicin.dk/Medicin/Praeparater/3198#a102,B05BA10,<60 ml/min.,[0],[59],NA,NA,NA,forsigtighed,monitorering,"Dosistilpasning under hensyn til patientbehov og sværhedsgrad af nyreinsufficiens.Tæt monitorering af væske-, elektrolyt- og syre-base-status.Kontraindiceret ved alvorlig nyreinsufficiens uden samtidig renal substitutionsbehandling (fx hæmodialyse, hæmofiltrering).",True,False
page_03199.html,https://pro.medicin.dk/Medicin/Praeparater/3199#a102,L04AB01,NA,NA,NA,NA,NA,NA,NA,NA,NA,False,False
page_03200.html,https://pro.medicin.dk/Medicin/Praeparater/3200#a102,A11E,NA,NA,NA,NA,NA,NA,NA,NA,NA,False,False
page_03201.html,https://pro.medicin.dk/Medicin/Praeparater/3201#a102,C07AG02,NA,NA,NA,NA,NA,NA,NA,NA,NA,False,False
page_03204.html,https://pro.medicin.dk/Medicin/Praeparater/3204#a102,N06AB05,<30 ml/min.,[0],[29],≥18 år,[18],[150],forsigtighed,dosisjustering,Højst 40 mg dgl.Øgede plasmakoncentrationer af paroxetin ses ved svært nedsat nyrefunktion. Der anbefales dosering i den lave del af dosisområdet.,True,False
page_03205.html,https://pro.medicin.dk/Medicin/Praeparater/3205#a102,C01CA26,NA,NA,NA,NA,NA,NA,NA,NA,NA,False,False
page_03206.html,https://pro.medicin.dk/Medicin/Praeparater/3206#a102,C01CA06,NA,NA,NA,NA,NA,NA,NA,NA,NA,False,False
page_03209.html,https://pro.medicin.dk/Medicin/Praeparater/3209#a102,M05BC01,NA,NA,NA,NA,NA,NA,NA,NA,NA,False,False
page_03210.html,https://pro.medicin.dk/Medicin/Praeparater/3210#a102,J01FA06,NA,NA,NA,NA,NA,NA,NA,NA,NA,False,False
page_03214.html,https://pro.medicin.dk/Medicin/Praeparater/3214#a102,C08CA02,NA,NA,NA,NA,NA,NA,NA,NA,NA,False,False
page_03216.html,https://pro.medicin.dk/Medicin/Praeparater/3216#a102,G03AA13,NA,NA,NA,NA,NA,NA,NA,NA,NA,False,False
page_03222.html,https://pro.medicin.dk/Medicin/Praeparater/3222#a102,A16AA05,<30 ml/min.; 30-60 ml/min.,"[0, 30]","[29, 60]",≥0 år; ≥0 år,"[0, 0]","[150, 150]",forsigtighed; forsigtighed,dosisjustering; dosisjustering,Initialdosis 15 mg-40 mg/kg legemsvægt. Højst 60 mg pr. kg legemsvægt dgl.; Initialdosis 15 mg-60 mg pr. kg legemsvægt. Højst 125 mg pr. kg legemsvægt dgl.,True,False
page_03223.html,https://pro.medicin.dk/Medicin/Praeparater/3223#a102,B03AC,NA,NA,NA,NA,NA,NA,NA,NA,NA,False,False
page_03225.html,https://pro.medicin.dk/Medicin/Praeparater/3225#a102,A16AB05,NA,NA,NA,NA,NA,NA,NA,NA,NA,False,False
page_03226.html,https://pro.medicin.dk/Medicin/Praeparater/3226#a102,M01AX05,NA,NA,NA,NA,NA,NA,NA,NA,NA,False,False
page_03227.html,https://pro.medicin.dk/Medicin/Praeparater/3227#a102,N01AX14,NA,NA,NA,NA,NA,NA,NA,NA,NA,False,False
page_03228.html,https://pro.medicin.dk/Medicin/Praeparater/3228#a102,J02AC01,<30 ml/min.; <30 ml/min.,"[0, 0]","[29, 29]",2-12 år,[2],[12],forsigtighed,dosisjustering,"Trøske, oral candidiasis: 1, 5 mg pr. kg legemsvægt 1 gang dgl.; Forebyggelse og behandling af candidiasis: 3 mg pr. kg legemsvægt 1 gang dgl.; Systemisk candidiasisKryptokokmeningitis: 6 mg pr. kg legemsvægt 1 gang dgl.: 6 mg pr. kg legemsvægt 1 gang dgl.",True,True
page_03234.html,https://pro.medicin.dk/Medicin/Praeparater/3234#a102,A10AB01,NA,NA,NA,NA,NA,NA,NA,NA,NA,False,False
page_03235.html,https://pro.medicin.dk/Medicin/Praeparater/3235#a102,A10AD01,NA,NA,NA,NA,NA,NA,NA,NA,NA,False,False
page_03236.html,https://pro.medicin.dk/Medicin/Praeparater/3236#a102,N06BA04,<60 ml/min.,[0],[59],NA,NA,NA,forsigtighed,erfaring savnes,Der er ingen erfaring med brug af methylphenidat til patienter med nedsat nyrefunktion.,True,False
page_03237.html,https://pro.medicin.dk/Medicin/Praeparater/3237#a102,L04AB04,NA,NA,NA,NA,NA,NA,NA,NA,NA,False,False
page_03241.html,https://pro.medicin.dk/Medicin/Praeparater/3241#a102,H05AA02,<30 ml/min.; 30-60 ml/min.,"[0, 30]","[29, 60]",NA; NA,"['NA', 'NA']","['NA', 'NA']",kontraindiceret; forsigtighed,NA; ingen eller begrænset erfaring,Stigning i AUC på 73 % er set ved stærkt nedsat nyrefunktion. Ingen erfaring vedr. patienter i dialyse med kronisk nyresvigt.; Forsigtighed anbefales ved moderat nedsat nyrefunktion.,True,False
page_03242.html,https://pro.medicin.dk/Medicin/Praeparater/3242#a102,A16AX06,30-50 ml/min.; 30-50 ml/min.; 30-50 ml/min.; 30-50 ml/min.,"[30, 30, 30, 30]","[50, 50, 50, 50]",4-12 år,[4],[12],forsigtighed,dosisjustering,"> 0,88-1,25: 100 mg x 1 dgl.; > 0,73-0,88: 100 mg hver 2. dag; > 0,47-0,73: 100 mg hver 3. dag; < 0,47: 100 mg hver 4. dag: 100 mg hver 4. dag",True,True
page_03244.html,https://pro.medicin.dk/Medicin/Praeparater/3244#a102,G03BA03,<30 ml/min.,[0],[29],NA,NA,NA,forsigtighed,monitorering,Tæt monitorering tilrådes. Ved alvorlige komplikationer i form af ødem med eller uden kongestivt hjertesvigt seponeres behandlingen straks.,True,False
page_03247.html,https://pro.medicin.dk/Medicin/Praeparater/3247#a102,A10AC01,NA,NA,NA,NA,NA,NA,NA,NA,NA,False,False
page_03251.html,https://pro.medicin.dk/Medicin/Praeparater/3251#a102,B05BB02,<30 ml/min.,[0],[29],NA,NA,NA,forsigtighed,monitorering,"Monitorering af væske-, elektrolyt- og syre-base-status.",True,False
page_03252.html,https://pro.medicin.dk/Medicin/Praeparater/3252#a102,N04BA03,NA,NA,NA,NA,NA,NA,NA,NA,NA,False,False
page_03255.html,https://pro.medicin.dk/Medicin/Praeparater/3255#a102,V03AE01,NA,NA,NA,NA,NA,NA,NA,NA,NA,False,False
page_03259.html,https://pro.medicin.dk/Medicin/Praeparater/3259#a102,B01AC06,<60 ml/min.,[0],[59],NA,NA,NA,forsigtighed,øget bivirkningsrisiko,Forsigtighed pga. øget risiko for bivirkninger. Behandlingen bør vurderes regelmæssigt.,True,False
page_03260.html,https://pro.medicin.dk/Medicin/Praeparater/3260#a102,N06AX11,<40 ml/min.,[0],[39],NA,NA,NA,forsigtighed,dosisjustering,"Lav initialdosis (7,5-15 mg) og langsom optitrering.Tæt monitorering anbefales pga. fald i clearance på 30 % ved GFR < 40 ml/min og på 50 % ved GFR < 10 ml/min.",True,False
page_03262.html,https://pro.medicin.dk/Medicin/Praeparater/3262#a102,C08CA02,NA,NA,NA,NA,NA,NA,NA,NA,NA,False,False
page_03263.html,https://pro.medicin.dk/Medicin/Praeparater/3263#a102,N05CD08,<10 ml/min.; 10-30 ml/min.,"[0, 10]","[9, 30]",NA; NA,"['NA', 'NA']","['NA', 'NA']",forsigtighed; forsigtighed,betinget; betinget,"Farmakokinetikken for ubunden midazolam efter en i.v-enkeltdosis svarer til raskes. Forlænget sederende effekt er dog set efter længerevarende infusion - sandsynligvis pga. akkumulation af den aktive metabolit alfa-hydroxymidazolamglukuronid. Ingen specifikke data for induktion af anæstesi.; Mere udtalt og langvarig sedation, evt. inklusive respirationsdepression og kardiovaskulær depression er forekommet. Midazolam bør derfor doseres omhyggeligt og titreres for den ønskede virkning.",True,False
page_03264.html,https://pro.medicin.dk/Medicin/Praeparater/3264#a102,N01AH03,<60 ml/min.,[0],[59],NA,NA,NA,forsigtighed,dosisjustering,Forsigtig dosistitrering og længere postoperativ observation.,True,False
page_03265.html,https://pro.medicin.dk/Medicin/Praeparater/3265#a102,N01AH01,<60 ml/min.,[0],[59],NA,NA,NA,forsigtighed,dosisjustering,Forsigtig dosistitrering og længere postoperativ observation.,True,False
page_03268.html,https://pro.medicin.dk/Medicin/Praeparater/3268#a102,M01AX05,NA,NA,NA,NA,NA,NA,NA,NA,NA,False,False
page_03269.html,https://pro.medicin.dk/Medicin/Praeparater/3269#a102,H01AX01,NA,NA,NA,NA,NA,NA,NA,NA,NA,False,False
page_03271.html,https://pro.medicin.dk/Medicin/Praeparater/3271#a102,D11AX18,NA,NA,NA,NA,NA,NA,NA,NA,NA,False,False
page_03273.html,https://pro.medicin.dk/Medicin/Praeparater/3273#a102,L01CB01,<60 ml/min.; <50 ml/min.,"[0, 0]","[59, 49]",NA; NA,"['NA', 'NA']","['NA', 'NA']",forsigtighed; forsigtighed,hjælpestoffer; dosisjustering,Koncentrat til infusionsvæske indeholder benzylalkohol der skal bruges med forsigtighed ved nedsat nyre- og leverfunktion. Læs mereher.; GFR 15-50 ml/min:Initialdosis bør nedsættes til 75 % af normaldosis.GFR < 15 ml/min: Yderligere dosisreduktion vil sandsynligvis være nødvendig.Efterfølgende doser bør justeres i henhold til tolerans og klinisk effekt. Tæt monitorering af hæmatologiske parametre tilrådes.,True,False
page_03278.html,https://pro.medicin.dk/Medicin/Praeparater/3278#a102,B05ZB,NA,NA,NA,NA,NA,NA,NA,NA,NA,False,False
page_03280.html,https://pro.medicin.dk/Medicin/Praeparater/3280#a102,N01BB52,<30 ml/min.,[0],[29],NA,NA,NA,forsigtighed,øget bivirkningsrisiko,Forsigtighed tilrådes ved langvarig eller gentagen administration.,True,False
page_03299.html,https://pro.medicin.dk/Medicin/Praeparater/3299#a102,B05DB,NA,NA,NA,NA,NA,NA,NA,NA,NA,False,False
page_03303.html,https://pro.medicin.dk/Medicin/Praeparater/3303#a102,C09AA05,<30 ml/min.,[0],[29],≥16 år,[16],[150],forsigtighed,dosisjustering,"Initialdosis 1,25 mg dgl. Højst 5 mg dgl. Rutinemæssig monitorering af P-kalium og P-kreatinin.Ved opstart accepteres et fald i eGFR på op til 30 %.",True,False
page_03304.html,https://pro.medicin.dk/Medicin/Praeparater/3304#a102,N06AB06,NA,NA,NA,NA,NA,NA,NA,NA,NA,False,False
page_03312.html,https://pro.medicin.dk/Medicin/Praeparater/3312#a102,B01AC11,NA,NA,NA,NA,NA,NA,NA,NA,"Initialt 2,5 mikrog. med dosisintervaller på 3-4 timer. Derefter kan doseringsintervallerne forsigtigt afkortes. Hvis en dosis på 5 mikrog. er indiceret, skal der igen startes med doseringsintervaller på 3-4 timer, som efterfølgende kan afkortes i overensstemmelse med den enkelte patients tolerabilitet over for lægemidlet.",True,False
page_03319.html,https://pro.medicin.dk/Medicin/Praeparater/3319#a102,L04AX01,NA,NA,NA,NA,NA,NA,NA,NA,NA,False,False
page_03330.html,https://pro.medicin.dk/Medicin/Praeparater/3330#a102,N02BF01,<15 ml/min.; 15-30 ml/min.; 30-60 ml/min.; 60-80 ml/min.,"[0, 15, 30, 60]","[14, 30, 60, 80]",≥12 år; ≥12 år; ≥12 år; ≥12 år,"[12, 12, 12, 12]","[150, 150, 150, 150]",forsigtighed; forsigtighed; forsigtighed; forsigtighed,dosisjustering; dosisjustering; dosisjustering; dosisjustering,"Højst 150-300 mg 1 gang i døgnet. Døgndoser på 150 mg gives som 300 mg hver 2. dag.Daglig dosis bør nedsættes i forhold til GFR (ved GFR < 7,5 ml/min. halvt så stor daglig dosis som ved en GFR på 15 ml/min.).; Højst 150-600 mg i døgnet, så vidt muligt fordelt på flere daglige doser.Døgndoser på 150 mg gives som 300 mg hver 2. dag.; Højst 300-900 mg i døgnet, så vidt muligt fordelt på flere daglige doser.; Højst 600-1.800 mg i døgnet fordelt på 3 daglige doser.",True,False
page_03333.html,https://pro.medicin.dk/Medicin/Praeparater/3333#a102,C09BA03,<30 ml/min.,[0],[29],NA,NA,NA,forsigtighed,monitorering,Kombinationspræparatet bør kun anvendes efter dosistitrering med lisinopril og hydrochlorthiazid.Rutinemæssig monitorering af P-kalium og P-kreatinin.,True,False
page_03339.html,https://pro.medicin.dk/Medicin/Praeparater/3339#a102,C01BD01,NA,NA,NA,NA,NA,NA,NA,NA,NA,False,False
page_03342.html,https://pro.medicin.dk/Medicin/Praeparater/3342#a102,J05AF09,<15 ml/min.; 15-30 ml/min.,"[0, 15]","[14, 30]",NA; NA,"['NA', 'NA']","['NA', 'NA']",forsigtighed; forsigtighed,dosisjustering; dosisjustering,Voksne og børn ≥ 33 kg.Dosis nedsættes til 200 mg hver 96. time.; Voksne og børn ≥ 33 kg.Dosis nedsættes til 200 mg hver 72. time.,True,False
page_03343.html,https://pro.medicin.dk/Medicin/Praeparater/3343#a102,L04AH02,NA,NA,NA,NA,NA,NA,NA,NA,NA,False,False
page_03344.html,https://pro.medicin.dk/Medicin/Praeparater/3344#a102,N06BA04,<60 ml/min.,[0],[59],NA,NA,NA,forsigtighed,erfaring savnes,Der er ingen erfaring med brug af methylphenidat til patienter med nedsat nyrefunktion.,True,False
page_03345.html,https://pro.medicin.dk/Medicin/Praeparater/3345#a102,B02BD02,NA,NA,NA,NA,NA,NA,NA,NA,NA,False,False
page_03346.html,https://pro.medicin.dk/Medicin/Praeparater/3346#a102,S01XA20,NA,NA,NA,NA,NA,NA,NA,NA,NA,False,False
page_03347.html,https://pro.medicin.dk/Medicin/Praeparater/3347#a102,M01AX05,NA,NA,NA,NA,NA,NA,NA,NA,NA,False,False
page_03354.html,https://pro.medicin.dk/Medicin/Praeparater/3354#a102,C09BA03,<30 ml/min.,[0],[29],NA,NA,NA,forsigtighed,monitorering,Kombinationspræparatet bør kun anvendes efter dosistitrering med lisinopril og hydrochlorthiazid.Rutinemæssig monitorering af P-kalium og P-kreatinin.,True,False
page_03357.html,https://pro.medicin.dk/Medicin/Praeparater/3357#a102,L02BA03,30-60 ml/min.; <30 ml/min.,"[30, 0]","[60, 29]",NA; NA,"['NA', 'NA']","['NA', 'NA']",forsigtighed; forsigtighed,hjælpestoffer; erfaring savnes,"Indeholder benzylalkoholder skal bruges med forsigtighed ved nedsat nyre- og leverfunktion. Læs mereher.; Erfaring savnes ved GFR < 30 ml/min. Der findes ingen data, og forsigtighed tilrådes.Indeholder benzylalkoholder skal bruges med forsigtighed ved nedsat nyre- og leverfunktion. Læs mereher.",True,False
page_03361.html,https://pro.medicin.dk/Medicin/Praeparater/3361#a102,N02AE01,NA,NA,NA,NA,NA,NA,NA,NA,NA,False,False
page_03362.html,https://pro.medicin.dk/Medicin/Praeparater/3362#a102,A10AE04,NA,NA,NA,NA,NA,NA,NA,NA,NA,False,False
page_03363.html,https://pro.medicin.dk/Medicin/Praeparater/3363#a102,J07BA01,NA,NA,NA,NA,NA,NA,NA,NA,NA,False,False
page_03370.html,https://pro.medicin.dk/Medicin/Praeparater/3370#a102,L01XG01,<20 ml/min.,[0],[19],NA,NA,NA,forsigtighed,erfaring savnes,Dosisjustering er ikke nødvendig ved GFR > 20 ml/min. Der findes ingen data ved GFR < 20 ml/min.,True,False
page_03372.html,https://pro.medicin.dk/Medicin/Praeparater/3372#a102,D01AC08,NA,NA,NA,NA,NA,NA,NA,NA,NA,False,False
page_03380.html,https://pro.medicin.dk/Medicin/Praeparater/3380#a102,N05AX12,NA,NA,NA,NA,NA,NA,NA,NA,NA,False,False
page_03382.html,https://pro.medicin.dk/Medicin/Praeparater/3382#a102,B05ZB,NA,NA,NA,NA,NA,NA,NA,NA,NA,False,False
page_03389.html,https://pro.medicin.dk/Medicin/Praeparater/3389#a102,L01BB04,<50 ml/min.,[0],[49],NA,NA,NA,kontraindiceret,erfaring savnes,Kontraindiceret ved GFR < 50 ml/min. Der findes ingen data.,True,False
page_03390.html,https://pro.medicin.dk/Medicin/Praeparater/3390#a102,M03AB01,<60 ml/min.,[0],[59],NA,NA,NA,forsigtighed,hjælpestoffer,"Suxameton ""SAD"" i hætteglasindeholder benzylalkohol der skal bruges med forsigtighed ved nedsat nyre- og leverfunktion. Læs mereher.",True,False
page_03393.html,https://pro.medicin.dk/Medicin/Praeparater/3393#a102,C02CA04,NA,NA,NA,NA,NA,NA,NA,NA,NA,False,False
page_03399.html,https://pro.medicin.dk/Medicin/Praeparater/3399#a102,C07AG02,NA,NA,NA,NA,NA,NA,NA,NA,NA,False,False
page_03402.html,https://pro.medicin.dk/Medicin/Praeparater/3402#a102,C10AA03,<30 ml/min.,[0],[29],NA,NA,NA,forsigtighed,monitorering,"P-kreatinkinase bør måles før behandlingsstart pga. prædisposition for rhabdomyolyse. Ved P-kreatinkinase > 4 gange øverste normalgrænse bør behandlingen ikke startes.Under behandling:P-kreatininkinase > 10 gange øverste normalgrænse: pauser behandlingen, kontroller nyrefunktionen og monitorer P-kreatininkinase efter to uger.P-kreatininkinase < 10 gange øverste normalgrænse:ingen symptomer, fortsat behandlingen, kontroller P- kreatininkinase indenfor 2-4 uger.P-kreatininkinase < 10 gange øverste normalgrænse:hvis symptomer, pauser statin og afvent normalisering af P-kreatininkinase før genoptagelse med en lavere statin dosis.GFR > 30 ml/min: Initialdosis på 10 mg anbefales.Læs mere:Statiner",True,False
page_03406.html,https://pro.medicin.dk/Medicin/Praeparater/3406#a102,G04BD08,<30 ml/min.; <30 ml/min.; <30 ml/min.; <30 ml/min.; <30 ml/min.,"[0, 0, 0, 0, 0]","[29, 29, 29, 29, 29]",2-18 år; 15-45 KG; 45-60 KG; >60 KG; ≥18 år,"[2, 15, 45, 61, 18]","[18, 45, 60, 150, 150]",forsigtighed; forsigtighed; forsigtighed; forsigtighed; forsigtighed,dosisjustering; dosisjustering; dosisjustering; dosisjustering; dosisjustering,Højst 2 mg dgl.Samtidig brug af potente CYP3A4-hæmmere er kontraindiceret.; Højst 3 mg dgl.Samtidig brug af potente CYP3A4-hæmmere er kontraindiceret.; Højst 4 mg dgl.Samtidig brug af potente CYP3A4-hæmmere er kontraindiceret.; Højst 5 mg dgl.Samtidig brug af potente CYP3A4-hæmmere er kontraindiceret.; Højst 5 mg 1 gang dgl.Samtidig brug af potente CYP3A4-hæmmere er kontraindiceret.,True,False
page_03407.html,https://pro.medicin.dk/Medicin/Praeparater/3407#a102,D10AX03,NA,NA,NA,NA,NA,NA,NA,NA,NA,False,False
page_03414.html,https://pro.medicin.dk/Medicin/Praeparater/3414#a102,B05AA01,NA,NA,NA,NA,NA,NA,NA,NA,NA,False,False
page_03415.html,https://pro.medicin.dk/Medicin/Praeparater/3415#a102,A10AE05,NA,NA,NA,NA,NA,NA,NA,NA,NA,False,False
page_03416.html,https://pro.medicin.dk/Medicin/Praeparater/3416#a102,C10AX09,NA,NA,NA,NA,NA,NA,NA,NA,NA,False,False
page_03417.html,https://pro.medicin.dk/Medicin/Praeparater/3417#a102,B02BC30,NA,NA,NA,NA,NA,NA,NA,NA,NA,False,False
page_03418.html,https://pro.medicin.dk/Medicin/Praeparater/3418#a102,L01FE01,NA,NA,NA,NA,NA,NA,NA,NA,NA,False,False
page_03420.html,https://pro.medicin.dk/Medicin/Praeparater/3420#a102,V03AB23,NA,NA,NA,NA,NA,NA,NA,NA,NA,False,False
page_03433.html,https://pro.medicin.dk/Medicin/Praeparater/3433#a102,C01EB16,≤30 ml/min.,[0],[30],NA,NA,NA,kontraindiceret,øget bivirkningsrisiko,Prostaglandiner har betydning for opretholdelse af normal nyregennemblødning. NSAID's hæmning af prostaglandinsyntesen kan derfor forårsage nedsat nyregennemblødning og dermed påvirke nyrefunktionen.,True,False
page_03434.html,https://pro.medicin.dk/Medicin/Praeparater/3434#a102,J01XD01,<15 ml/min.,[0],[14],NA,NA,NA,forsigtighed,monitorering,Der bør monitoreres for tegn på toksicitet som følge af potentiel akkumulering af toksiske metronidazolmetabolitter.,True,False
page_03441.html,https://pro.medicin.dk/Medicin/Praeparater/3441#a102,N06AX21,<30 ml/min.,[0],[29],≥18 år,[18],[150],forsigtighed,dosisjustering,"Højst 60 mg 1 gang dgl.Lav initialdosis: inkontinens 20 mg, depression, angst og neuropatiske smerter 30 mg.Forsigtig optitrering efter respons.",True,False
page_03448.html,https://pro.medicin.dk/Medicin/Praeparater/3448#a102,B05XA05,<60 ml/min.,[0],[59],NA,NA,NA,forsigtighed,monitorering,Tæt monitorering af P-magnesium tilrådes pga. risiko for magnesiumforgiftning.,True,False
page_03449.html,https://pro.medicin.dk/Medicin/Praeparater/3449#a102,B05XA18,NA,NA,NA,NA,NA,NA,NA,NA,NA,False,False
page_03453.html,https://pro.medicin.dk/Medicin/Praeparater/3453#a102,L04AA06,NA,NA,NA,NA,NA,NA,NA,NA,NA,False,False
page_03454.html,https://pro.medicin.dk/Medicin/Praeparater/3454#a102,"A02AH, B05XA02",<45 ml/min.,[0],[44],NA,NA,NA,forsigtighed,monitorering,Risiko for natriumretention.,True,False
page_03459.html,https://pro.medicin.dk/Medicin/Praeparater/3459#a102,C01DA02,NA,NA,NA,NA,NA,NA,NA,NA,NA,False,False
page_03463.html,https://pro.medicin.dk/Medicin/Praeparater/3463#a102,L01XX23,<30 ml/min.,[0],[29],NA,NA,NA,forsigtighed,erfaring savnes,Bør ikke anvendes. Erfaring savnes.,True,False
page_03466.html,https://pro.medicin.dk/Medicin/Praeparater/3466#a102,N01AF03,<30 ml/min.,[0],[29],NA,NA,NA,forsigtighed,dosisjustering,Forsigtig dosistitrering og længere postoperativ observation.,True,False
page_03469.html,https://pro.medicin.dk/Medicin/Praeparater/3469#a102,N04BA02,NA,NA,NA,NA,NA,NA,NA,NA,NA,False,False
page_03471.html,https://pro.medicin.dk/Medicin/Praeparater/3471#a102,B06AB01,NA,NA,NA,NA,NA,NA,NA,NA,NA,False,False
page_03474.html,https://pro.medicin.dk/Medicin/Praeparater/3474#a102,N02BF02,<15 ml/min.; 15-30 ml/min.; 30-60 ml/min.,"[0, 15, 30]","[14, 30, 60]",≥17 år; ≥17 år; ≥17 år,"[17, 17, 17]","[150, 150, 150]",forsigtighed; forsigtighed; forsigtighed,dosisjustering; dosisjustering; dosisjustering,"Initialdosis 25 mg dgl. Højst 75 mg 1 gang dgl.Supplerende dosis efter hæmodialyse: Initialt 25 mg, højst 100 mg.; Initialdosis 25-50 mg dgl. Højst 150 mg dgl. fordelt på 1-2 doser.; Initialdosis 75 mg dgl. Højst 300 mg dgl. fordelt på 2-3 doser.",True,False
page_03476.html,https://pro.medicin.dk/Medicin/Praeparater/3476#a102,N05AH02,<10 ml/min.; 10-50 ml/min.,"[0, 10]","[9, 50]",NA; NA,"['NA', 'NA']","['NA', 'NA']",forsigtighed; forsigtighed,dosisjustering; dosisjustering,Dosisreduktion kan være nødvendig ved signifikant nedsat nyrefunktion(5918). Ved GFR < 10 ml/min. bør behandlingen initieres med lavest anbefalede dosis og langsom op-titrering anbefales(5273). Angivet som kontraindiceret ved svære nyreforstyrrelser i produktresume.; Dosisreduktion kan være nødvendig ved signifikant nedsat nyrefunktion(5918). Angivet som kontraindiceret ved svære nyreforstyrrelser i produktresume.,True,False
page_03478.html,https://pro.medicin.dk/Medicin/Praeparater/3478#a102,V04CL,NA,NA,NA,NA,NA,NA,NA,NA,NA,False,False
page_03479.html,https://pro.medicin.dk/Medicin/Praeparater/3479#a102,V04CL,NA,NA,NA,NA,NA,NA,NA,NA,NA,False,False
page_03482.html,https://pro.medicin.dk/Medicin/Praeparater/3482#a102,V04CL,NA,NA,NA,NA,NA,NA,NA,NA,NA,False,False
page_03488.html,https://pro.medicin.dk/Medicin/Praeparater/3488#a102,V04CL,NA,NA,NA,NA,NA,NA,NA,NA,NA,False,False
page_03491.html,https://pro.medicin.dk/Medicin/Praeparater/3491#a102,V04CL,NA,NA,NA,NA,NA,NA,NA,NA,NA,False,False
page_03492.html,https://pro.medicin.dk/Medicin/Praeparater/3492#a102,V04CL,NA,NA,NA,NA,NA,NA,NA,NA,NA,False,False
page_03493.html,https://pro.medicin.dk/Medicin/Praeparater/3493#a102,V04CL,NA,NA,NA,NA,NA,NA,NA,NA,NA,False,False
page_03494.html,https://pro.medicin.dk/Medicin/Praeparater/3494#a102,V04CL,NA,NA,NA,NA,NA,NA,NA,NA,NA,False,False
page_03500.html,https://pro.medicin.dk/Medicin/Praeparater/3500#a102,V04CL,NA,NA,NA,NA,NA,NA,NA,NA,NA,False,False
page_03503.html,https://pro.medicin.dk/Medicin/Praeparater/3503#a102,V04CL,NA,NA,NA,NA,NA,NA,NA,NA,NA,False,False
page_03504.html,https://pro.medicin.dk/Medicin/Praeparater/3504#a102,V04CL,NA,NA,NA,NA,NA,NA,NA,NA,NA,False,False
page_03519.html,https://pro.medicin.dk/Medicin/Praeparater/3519#a102,V04CL,NA,NA,NA,NA,NA,NA,NA,NA,NA,False,False
page_03535.html,https://pro.medicin.dk/Medicin/Praeparater/3535#a102,N06AB04,<30 ml/min.,[0],[29],NA,NA,NA,forsigtighed,erfaring savnes,Forsigtighed ved GFR < 30 ml/min pga. manglende erfaring.,True,False
page_03537.html,https://pro.medicin.dk/Medicin/Praeparater/3537#a102,C02AC05,<60 ml/min.,[0],[59],≥16 år,[16],[150],forsigtighed,dosisjustering,"Højst 0,2 mg 2 gange dgl.",True,False
page_03538.html,https://pro.medicin.dk/Medicin/Praeparater/3538#a102,C02AC05,<60 ml/min.,[0],[59],≥16 år,[16],[150],forsigtighed,dosisjustering,"Højst 0,2 mg 2 gange dgl.",True,False
page_03539.html,https://pro.medicin.dk/Medicin/Praeparater/3539#a102,M03AX01,NA,NA,NA,NA,NA,NA,NA,NA,NA,False,False
page_03540.html,https://pro.medicin.dk/Medicin/Praeparater/3540#a102,C03DA04,<30 ml/min.; 30-50 ml/min.,"[0, 30]","[29, 50]",NA; ≥17 år,"['NA', 17]","['NA', 150]",kontraindiceret; forsigtighed,øget bivirkningsrisiko; dosisjustering,"Risiko for hyperkaliæmi øges med faldende nyrefunktion.; Initialdosis 25 mg hver 2. dag. Højst 50 mg dgl.Herefter dosisjusteres efter P-kalium, som måles regelmæssigt.",True,False
page_03541.html,https://pro.medicin.dk/Medicin/Praeparater/3541#a102,V04CL,NA,NA,NA,NA,NA,NA,NA,NA,NA,False,False
page_03542.html,https://pro.medicin.dk/Medicin/Praeparater/3542#a102,V04CL,NA,NA,NA,NA,NA,NA,NA,NA,NA,False,False
page_03543.html,https://pro.medicin.dk/Medicin/Praeparater/3543#a102,V07AB,NA,NA,NA,NA,NA,NA,NA,NA,NA,False,False
page_03547.html,https://pro.medicin.dk/Medicin/Praeparater/3547#a102,J01FA09,<30 ml/min.; <30 ml/min.,"[0, 0]","[29, 29]",2-12 år; ≥12 år,"[2, 12]","[12, 150]",forsigtighed; forsigtighed,dosisjustering; dosisjustering,"Dosis nedsættes til 50 % af normaldosis. Højst 7,5 mg pr. kg legemsvægt i døgnet.Kontraindiceret ved samtidig alvorligt leversvigt og nedsat nyrefunktion.; Dosis nedsættes til 50 % af normaldosis. Højst 500 mg dgl.Kontraindiceret ved både alvorligt leversvigt og nedsat nyrefunktion.",True,False
page_03552.html,https://pro.medicin.dk/Medicin/Praeparater/3552#a102,J01DD01,<10 ml/min.,[0],[9],NA,NA,NA,forsigtighed,dosisjustering,Der gives normaldosis som første dosis. Efterfølgende doser nedsættes til 50% af normaldosis.,True,False
page_03553.html,https://pro.medicin.dk/Medicin/Praeparater/3553#a102,C10AA03,<30 ml/min.,[0],[29],NA,NA,NA,forsigtighed,monitorering,"P-kreatinkinase bør måles før behandlingsstart pga. prædisposition for rhabdomyolyse. Ved P-kreatinkinase > 4 gange øverste normalgrænse bør behandlingen ikke startes.Under behandling:P-kreatininkinase > 10 gange øverste normalgrænse: pauser behandlingen, kontroller nyrefunktionen og monitorer P-kreatininkinase efter to uger.P-kreatininkinase < 10 gange øverste normalgrænse:ingen symptomer, fortsat behandlingen, kontroller P- kreatininkinase indenfor 2-4 uger.P-kreatininkinase < 10 gange øverste normalgrænse:hvis symptomer, pauser statin og afvent normalisering af P-kreatininkinase før genoptagelse med en lavere statin dosis.GFR > 30 ml/min: Initialdosis på 10 mg anbefales.Læs mere:Statiner",True,False
page_03559.html,https://pro.medicin.dk/Medicin/Praeparater/3559#a102,M05BA03,<30 ml/min.; 30-60 ml/min.,"[0, 30]","[29, 60]",NA; NA,"['NA', 'NA']","['NA', 'NA']",forsigtighed; forsigtighed,betinget; monitorering,Bør ikke anvendes medmindre der er tale om livstruende tumorinduceret hypercalcæmi.; Ved nedsat nyrefunktion er maksimal infusionshastighed 20 - 22 mg/time.Monitorering af nyrefunktion anbefales inden hver dosis.,True,False
page_03567.html,https://pro.medicin.dk/Medicin/Praeparater/3567#a102,L01DB07,NA,NA,NA,NA,NA,NA,NA,NA,NA,False,False
page_03568.html,https://pro.medicin.dk/Medicin/Praeparater/3568#a102,C07AB07,<15 ml/min.,[0],[14],≥17 år,[17],[150],forsigtighed,dosisjustering,Højst 10 mg dgl.,True,False
page_03573.html,https://pro.medicin.dk/Medicin/Praeparater/3573#a102,N06AX21,<30 ml/min.,[0],[29],≥18 år,[18],[150],forsigtighed,dosisjustering,"Højst 60 mg 1 gang dgl.Lav initialdosis: depression, angst og neuropatiske smerter 30 mg, inkontinens 20 mg.Forsigtig optitrering efter respons.",True,False
page_03574.html,https://pro.medicin.dk/Medicin/Praeparater/3574#a102,L01XX35,<50 ml/min.; 50-60 ml/min.,"[0, 50]","[49, 60]",NA; NA,"['NA', 'NA']","['NA', 'NA']",kontraindiceret; forsigtighed,øget bivirkningsrisiko; monitorering,"Risiko for akkumulation, da det primært udskilles gennem nyrerne.; Tæt monitorering af nyrefunktionen tilrådes, især i starten af behandlingen.",True,False
page_03575.html,https://pro.medicin.dk/Medicin/Praeparater/3575#a102,G03BA03,<30 ml/min.,[0],[29],NA,NA,NA,forsigtighed,monitorering,Tæt monitorering tilrådes. Ved alvorlige komplikationer i form af ødem med eller uden kongestivt hjertesvigt seponeres behandlingen straks.,True,False
page_03576.html,https://pro.medicin.dk/Medicin/Praeparater/3576#a102,G04BD10,NA,NA,NA,NA,NA,NA,NA,NA,NA,False,False
page_03582.html,https://pro.medicin.dk/Medicin/Praeparater/3582#a102,A04AD12,NA,NA,NA,NA,NA,NA,NA,NA,NA,False,False
page_03583.html,https://pro.medicin.dk/Medicin/Praeparater/3583#a102,L01FG01,NA,NA,NA,NA,NA,NA,NA,NA,NA,False,False
page_03588.html,https://pro.medicin.dk/Medicin/Praeparater/3588#a102,B05BA02,<30 ml/min.,[0],[29],NA,NA,NA,forsigtighed,betinget,"Kontraindiceret ved alvorlig nyreinsufficiens uden samtidig renal substitutionsbehandling (fx hæmodialyse, hæmofiltrering).Ved mistanke om nedsat fedtelimination, bør plasma-triglycerid indledningsvis kontrolleres 1-2 gange om ugen.",True,False
page_03597.html,https://pro.medicin.dk/Medicin/Praeparater/3597#a102,B05XC,<60 ml/min.,[0],[59],NA,NA,NA,forsigtighed,monitorering,Overvågning af vitaminstatus. Patienter med nedsat nyrefunktion kan have behov for individuelt vitamintilskud afhængig af graden af nedsat nyrefunktion.,True,False
page_03598.html,https://pro.medicin.dk/Medicin/Praeparater/3598#a102,N01BB20,<30 ml/min.,[0],[29],NA,NA,NA,forsigtighed,øget bivirkningsrisiko,Forsigtighed tilrådes ved langvarig eller gentagen administration.,True,False
page_03600.html,https://pro.medicin.dk/Medicin/Praeparater/3600#a102,J01DH03,<30 ml/min.,[0],[29],NA,NA,NA,forsigtighed,dosisjustering,Dosisjustering er ikke nødvendig ved let til moderat nedsat nyrefunktion. Dosis bør nedsættes til 500 mg i.v. 1 gang dgl. ved GFR < 30 ml/min.,True,False
page_03602.html,https://pro.medicin.dk/Medicin/Praeparater/3602#a102,A16AX04,NA,NA,NA,NA,NA,NA,NA,NA,NA,False,False
page_03603.html,https://pro.medicin.dk/Medicin/Praeparater/3603#a102,C09AA01,<10 ml/min.; 10-20 ml/min.; 10-50 ml/min.; 20-40 ml/min.,"[0, 10, 10, 20]","[9, 20, 50, 40]",≥17 år; ≥17 år; 2-17 år; ≥17 år,"[17, 17, 2, 17]","[150, 150, 17, 150]",forsigtighed; forsigtighed; forsigtighed; forsigtighed,dosisjustering; dosisjustering; dosisjustering; dosisjustering,"Initialdosis 6,25 mg dgl. Højst 37,5 mg dgl.Rutinemæssig monitorering af P-kalium og P-kreatinin.; Initialdosis 12,5 mg dgl. Højst 75 mg dgl.Rutinemæssig monitorering af P-kalium og P-kreatinin.; Initialdosis 0,15 mg/kg under tæt overvågning. Højst 3 mg/kg legemsvægt dgl. fordelt på 3 doser.; Initialdosis 25 mg dgl. Højst 100 mg dgl.Rutinemæssig monitorering af P-kalium og P-kreatinin.",True,False
page_03606.html,https://pro.medicin.dk/Medicin/Praeparater/3606#a102,L02AE04,NA,NA,NA,NA,NA,NA,NA,NA,NA,False,False
page_03611.html,https://pro.medicin.dk/Medicin/Praeparater/3611#a102,C09AA02,<10 ml/min.; 10-30 ml/min.,"[0, 10]","[9, 30]",≥16 år; ≥16 år,"[16, 16]","[150, 150]",forsigtighed; forsigtighed,dosisjustering; dosisjustering,"Initialdosis 2,5 mg. Højst 10 mg dgl. Rutinemæssig monitorering af P-kalium og P-kreatinin.  Ved opstart accepteres et fald i eGFR på op til 30 %.; Initialdosis 2,5 mg dgl. Højst 20 mg dgl. Rutinemæssig monitorering af P-kalium og P-kreatinin.  Ved opstart accepteres et fald i eGFR på op til 30 %.",True,False
page_03612.html,https://pro.medicin.dk/Medicin/Praeparater/3612#a102,A10AB06,NA,NA,NA,NA,NA,NA,NA,NA,NA,False,False
page_03613.html,https://pro.medicin.dk/Medicin/Praeparater/3613#a102,A16AX05,NA,NA,NA,NA,NA,NA,NA,NA,NA,False,False
page_03617.html,https://pro.medicin.dk/Medicin/Praeparater/3617#a102,A07EA06,NA,NA,NA,NA,NA,NA,NA,NA,NA,False,False
page_03619.html,https://pro.medicin.dk/Medicin/Praeparater/3619#a102,L01XF03,NA,NA,NA,NA,NA,NA,NA,NA,NA,False,False
page_03620.html,https://pro.medicin.dk/Medicin/Praeparater/3620#a102,N04BA02,NA,NA,NA,NA,NA,NA,NA,NA,NA,False,False
page_03624.html,https://pro.medicin.dk/Medicin/Praeparater/3624#a102,C02CA04,NA,NA,NA,NA,NA,NA,NA,NA,NA,False,False
page_03628.html,https://pro.medicin.dk/Medicin/Praeparater/3628#a102,C07AB02,NA,NA,NA,NA,NA,NA,NA,NA,NA,False,False
page_03629.html,https://pro.medicin.dk/Medicin/Praeparater/3629#a102,N03AX09,NA,NA,NA,NA,NA,NA,NA,NA,"Kronisk nyresvigt påvirker ikke plasmakoncentrationen af lamotrigin, men der kan forventes akkumulering af glucuronidmetabolitten. Ved patienter med nyresvigt i slutstadiet skal initialdosis baseres på de lægemidler, som patienten tager samtidigt, og lavere vedligeholdelsesdoser kan være effektive.",True,False
page_03636.html,https://pro.medicin.dk/Medicin/Praeparater/3636#a102,N03AX09,NA,NA,NA,NA,NA,NA,NA,NA,"Kronisk nyresvigt påvirker ikke plasmakoncentrationen af lamotrigin, men der kan forventes akkumulering af glucuronidmetabolitten. Ved patienter med nyresvigt i slutstadiet skal initialdosis baseres på de lægemidler, som patienten tager samtidigt, og lavere vedligeholdelsesdoser kan være effektive.",True,False
page_03639.html,https://pro.medicin.dk/Medicin/Praeparater/3639#a102,D01BA02,<50 ml/min.,[0],[49],≥17 år,[17],[150],forsigtighed,dosisjustering,Dosis reduceres til 50 % af normaldosis. Højst 125 mg 1 gang dgl. under monitorering af bivirkninger.,True,False
page_03644.html,https://pro.medicin.dk/Medicin/Praeparater/3644#a102,R03BA02,NA,NA,NA,NA,NA,NA,NA,NA,NA,False,False
page_03645.html,https://pro.medicin.dk/Medicin/Praeparater/3645#a102,J04AM06,<30 ml/min.,[0],[29],NA,NA,NA,kontraindiceret,øget bivirkningsrisiko,"Ved alvorlig nyreinsufficiens kan elimination af isoniazid, pyrazinamid og etham-butol- være forsinket, hvilket medfører højere systemisk eksponering og dermed en øget forekomst af bivirkninger.",True,False
page_03646.html,https://pro.medicin.dk/Medicin/Praeparater/3646#a102,J04AM02,NA,NA,NA,NA,NA,NA,NA,NA,NA,False,False
page_03649.html,https://pro.medicin.dk/Medicin/Praeparater/3649#a102,N03AX09,NA,NA,NA,NA,NA,NA,NA,NA,"Kronisk nyresvigt påvirker ikke plasmakoncentrationen af lamotrigin, men der kan forventes akkumulering af glucuronidmetabolitten. Ved patienter med nyresvigt i slutstadiet skal initialdosis baseres på de lægemidler, som patienten tager samtidigt, og lavere vedligeholdelsesdoser kan være effektive.",True,False
page_03650.html,https://pro.medicin.dk/Medicin/Praeparater/3650#a102,C10AA01,<30 ml/min.,[0],[29],NA,NA,NA,forsigtighed,monitorering,"P-kreatinkinase bør måles før behandlingsstart pga. prædisposition for rhabdomyolyse. Ved P-kreatinkinase > 4 gange øverste normalgrænse bør behandlingen ikke startes.Under behandling:P-kreatininkinase > 10 gange øverste normalgrænse: pauser behandlingen, kontroller nyrefunktionen og monitorer P-kreatininkinase efter to uger.P-kreatininkinase < 10 gange øverste normalgrænse:ingen symptomer, fortsat behandlingen, kontroller P- kreatininkinase indenfor 2-4 uger.P-kreatininkinase < 10 gange øverste normalgrænse:hvis symptomer, pauser statin og afvent normalisering af P-kreatininkinase før genoptagelse med en lavere statin dosis.VedGFR < 30 ml/minbør der udvises forsigtighed ved doser > 10 mg dgl.Læs mere:Statiner",True,False
page_03651.html,https://pro.medicin.dk/Medicin/Praeparater/3651#a102,N06AX11,<40 ml/min.,[0],[39],NA,NA,NA,forsigtighed,dosisjustering,"Lav initialdosis (7,5-15 mg) og langsom optitrering.Tæt monitorering anbefales pga. fald i clearance på 30 % ved GFR < 40 ml/min og på 50 % ved GFR < 10 ml/min.",True,False
page_03655.html,https://pro.medicin.dk/Medicin/Praeparater/3655#a102,M05BA08,NA,NA,NA,NA,NA,NA,NA,NA,NA,False,False
page_03660.html,https://pro.medicin.dk/Medicin/Praeparater/3660#a102,"B05BB01, B05XA03",<30 ml/min.,[0],[29],NA,NA,NA,forsigtighed,monitorering,"Monitorering af væske-, elektrolyt- og syre-base-status.",True,False
page_03661.html,https://pro.medicin.dk/Medicin/Praeparater/3661#a102,B02AA02,<10 ml/min.; 10-20 ml/min.; 20-50 ml/min.,"[0, 10, 20]","[9, 20, 50]",≥2 år; ≥2 år; ≥2 år,"[2, 2, 2]","[150, 150, 150]",forsigtighed; forsigtighed; forsigtighed,dosisjustering; dosisjustering; dosisjustering,Højst 5 mg pr. kg legemsvægt dgl.; Højst 10 mg pr. kg legemsvægt dgl.; Højst 20 mg pr. kg legemsvægt dgl.,True,False
page_03662.html,https://pro.medicin.dk/Medicin/Praeparater/3662#a102,N05CF01,NA,NA,NA,NA,NA,NA,NA,NA,"Dosisjustering, GFR < 10 ml/min., Initialdosis 3,75 mg 15-30 min. før sengetid, evt. stigende til 7,5 mg.",True,False
page_03664.html,https://pro.medicin.dk/Medicin/Praeparater/3664#a102,D01BA02,<50 ml/min.,[0],[49],≥17 år,[17],[150],forsigtighed,dosisjustering,Dosis reduceres til 50 % af normaldosis. Højst 125 mg 1 gang dgl. under monitorering af bivirkninger.,True,False
page_03665.html,https://pro.medicin.dk/Medicin/Praeparater/3665#a102,J01XB01,<10 ml/min.; <10 ml/min.; <10 ml/min.; 10-30 ml/min.; 10-30 ml/min.; 10-30 ml/min.; 30-50 ml/min.; 30-50 ml/min.; 30-50 ml/min.,"[0, 0, 0, 10, 10, 10, 30, 30, 30]","[9, 9, 9, 30, 30, 30, 50, 50, 50]",2-17 år; >40 KG; ≥17 år; 2-17 år; >40 KG; ≥17 år; 2-17 år; >40 KG; ≥17 år,"[2, 41, 17, 2, 41, 17, 2, 41, 17]","[17, 150, 150, 17, 150, 150, 17, 150, 150]",forsigtighed; forsigtighed; forsigtighed; forsigtighed; forsigtighed; forsigtighed; forsigtighed; forsigtighed; forsigtighed,dosisjustering; dosisjustering; dosisjustering; dosisjustering; dosisjustering; dosisjustering; dosisjustering; dosisjustering; dosisjustering,"Højst 60.000 IE pr. kg legemsvægt i døgnet fordelt på 3 doser.; Højst 3,5 mill. IE i døgnet fordelt på 2 doser.; Højst 3,5 mill. IE i døgnet fordelt på 2 doser.; Højst 91.000 IE pr. kg legemsvægt i døgnet fordelt på 3 doser.; Højst 5,5 mill. IE i døgnet fordelt på 2 doser.; Højst 5,5 mill. IE i døgnet fordelt på 2 doser.; Højst 125.000 IE pr. kg legemsvægt i døgnet fordelt på 3 doser.; Højst 7,5 mill. IE i døgnet fordelt på 2 doser.; Højst 7,5 Mill. IE i døgnet fordelt på 2 doser.",True,False
page_03666.html,https://pro.medicin.dk/Medicin/Praeparater/3666#a102,J05AR03,<60 ml/min.,[0],[59],"Unge 12-18 årBør ikke anvendes.VoksneGFR (ml/min.)Behandling afHIV-infektionProfylakse føreksponering50-601 tabl. 1 gang dgl.Bør ikke anvendes30-491 tabl. hver 2. dag.Tæt monitorering af nyrefunktion.Bør ikke anvendes< 30Bør ikke anvendes, da passende dosisreduktion ikke er mulig med kombinationspræparatet.Bør ikke anvendes",,,forsigtighed,dosisjustering,"50-60: 1 tabl. 1 gang dgl.: Bør ikke anvendes; 30-49: 1 tabl. hver 2. dag.Tæt monitorering af nyrefunktion.: Bør ikke anvendes; < 30: Bør ikke anvendes, da passende dosisreduktion ikke er mulig med kombinationspræparatet.: Bør ikke anvendes: Bør ikke anvendes",True,True
page_03670.html,https://pro.medicin.dk/Medicin/Praeparater/3670#a102,J06BB01,NA,NA,NA,NA,NA,NA,NA,NA,NA,False,False
page_03671.html,https://pro.medicin.dk/Medicin/Praeparater/3671#a102,J02AC02,<60 ml/min.,[0],[59],NA,NA,NA,forsigtighed,betinget,"Forsigtighed tilrådes.Samtidig brug af clarithromycin, colchicin, fesoterodin og solifenacin er kontraindiceret.",True,False
page_03683.html,https://pro.medicin.dk/Medicin/Praeparater/3683#a102,C09BA05,<30 ml/min.,[0],[29],NA,NA,NA,forsigtighed,monitorering,Kombinationspræparatet bør kun anvendes efter dosistitrering med ramipril og hydrochlorthiazid.Rutinemæssig monitorering af P-kalium og P-kreatinin.,True,False
page_03687.html,https://pro.medicin.dk/Medicin/Praeparater/3687#a102,H05BX02,NA,NA,NA,NA,NA,NA,NA,NA,NA,False,False
page_03688.html,https://pro.medicin.dk/Medicin/Praeparater/3688#a102,N06AB06,NA,NA,NA,NA,NA,NA,NA,NA,NA,False,False
page_03691.html,https://pro.medicin.dk/Medicin/Praeparater/3691#a102,M05BB03,<30 ml/min.,[0],[29],NA,NA,NA,kontraindiceret,erfaring savnes,"Erfaring savnes ved GFR < 30 ml/min, og anvendelse kan ikke anbefales.",True,False
page_03692.html,https://pro.medicin.dk/Medicin/Praeparater/3692#a102,N01AX10,<60 ml/min.,[0],[59],NA,NA,NA,forsigtighed,dosisjustering,Forsigtig dosistitrering og længere postoperativ observation.,True,False
page_03694.html,https://pro.medicin.dk/Medicin/Praeparater/3694#a102,V04CX06,NA,NA,NA,NA,NA,NA,NA,NA,NA,False,False
page_03695.html,https://pro.medicin.dk/Medicin/Praeparater/3695#a102,V03AE03,NA,NA,NA,NA,NA,NA,NA,NA,NA,False,False
page_03696.html,https://pro.medicin.dk/Medicin/Praeparater/3696#a102,N02AX02,<10 ml/min.; 10-20 ml/min.,"[0, 10]","[9, 20]",≥12 år; ≥12 år,"[12, 12]","[150, 150]",forsigtighed; forsigtighed,dosisjustering; dosisjustering,Højst 50 mg 2 gange dgl.; Højst 100 mg 2 gange dgl.,True,False
page_03706.html,https://pro.medicin.dk/Medicin/Praeparater/3706#a102,H02AB08,<60 ml/min.,[0],[59],NA,NA,NA,forsigtighed,hjælpestoffer,"Systemisk anvendelse:Glukokortikoider kan medføre hypernatriæmi, hypokaliæmi, væskeretention og forhøjelse af blodtrykket.Indeholder benzylalkoholder skal bruges med forsigtighed ved nedsat nyre- og leverfunktion. Læs mereher.",True,False
page_03708.html,https://pro.medicin.dk/Medicin/Praeparater/3708#a102,N01BB02,<30 ml/min.,[0],[29],NA,NA,NA,forsigtighed,øget bivirkningsrisiko,Forsigtighed tilrådes ved langvarig eller gentagen administration.,True,False
page_03712.html,https://pro.medicin.dk/Medicin/Praeparater/3712#a102,S01GX01,NA,NA,NA,NA,NA,NA,NA,NA,NA,False,False
page_03717.html,https://pro.medicin.dk/Medicin/Praeparater/3717#a102,D01AC01,NA,NA,NA,NA,NA,NA,NA,NA,NA,False,False
page_03718.html,https://pro.medicin.dk/Medicin/Praeparater/3718#a102,G01AF02,NA,NA,NA,NA,NA,NA,NA,NA,NA,False,False
page_03721.html,https://pro.medicin.dk/Medicin/Praeparater/3721#a102,D06AX01,NA,NA,NA,NA,NA,NA,NA,NA,NA,False,False
page_03722.html,https://pro.medicin.dk/Medicin/Praeparater/3722#a102,J01XC01,<60 ml/min.,[0],[59],NA,NA,NA,forsigtighed,hjælpestoffer,Fucidin oral suspensionindeholder benzylalkohol der skal bruges med forsigtighed ved nedsat nyre- og leverfunktion. Læs mereher.,True,False
page_03723.html,https://pro.medicin.dk/Medicin/Praeparater/3723#a102,D06AA03,NA,NA,NA,NA,NA,NA,NA,NA,NA,False,False
page_03724.html,https://pro.medicin.dk/Medicin/Praeparater/3724#a102,S01AA30,NA,NA,NA,NA,NA,NA,NA,NA,NA,False,False
page_03727.html,https://pro.medicin.dk/Medicin/Praeparater/3727#a102,D06BX01,NA,NA,NA,NA,NA,NA,NA,NA,NA,False,False
page_03730.html,https://pro.medicin.dk/Medicin/Praeparater/3730#a102,G01AF01,NA,NA,NA,NA,NA,NA,NA,NA,NA,False,False
page_03732.html,https://pro.medicin.dk/Medicin/Praeparater/3732#a102,P01AB01,<15 ml/min.,[0],[14],NA,NA,NA,forsigtighed,monitorering,Der bør monitoreres for tegn på toksicitet som følge af potentiel akkumulering af toksiske metronidazolmetabolitter.,True,False
page_03741.html,https://pro.medicin.dk/Medicin/Praeparater/3741#a102,D10AF01,NA,NA,NA,NA,NA,NA,NA,NA,NA,False,False
page_03742.html,https://pro.medicin.dk/Medicin/Praeparater/3742#a102,G01AA10,NA,NA,NA,NA,NA,NA,NA,NA,NA,False,False
page_03743.html,https://pro.medicin.dk/Medicin/Praeparater/3743#a102,D01AC08,NA,NA,NA,NA,NA,NA,NA,NA,NA,False,False
page_03748.html,https://pro.medicin.dk/Medicin/Praeparater/3748#a102,S01BC03,NA,NA,NA,NA,NA,NA,NA,NA,NA,False,False
page_03749.html,https://pro.medicin.dk/Medicin/Praeparater/3749#a102,R01AX03,NA,NA,NA,NA,NA,NA,NA,NA,NA,False,False
page_03750.html,https://pro.medicin.dk/Medicin/Praeparater/3750#a102,R03BB01,NA,NA,NA,NA,NA,NA,NA,NA,NA,False,False
page_03751.html,https://pro.medicin.dk/Medicin/Praeparater/3751#a102,J01FF01,<60 ml/min.,[0],[59],NA,NA,NA,forsigtighed,hjælpestoffer,"Dalacin® og Clindamycin ""Hameln"" injektionsvæske indeholder benzylalkohol der skal bruges med forsigtighed ved nedsat nyre- og leverfunktion. Læs mereher.",True,False
page_03756.html,https://pro.medicin.dk/Medicin/Praeparater/3756#a102,A12BA01,<30 ml/min.; 30-60 ml/min.,"[0, 30]","[29, 60]",NA; NA,"['NA', 'NA']","['NA', 'NA']",forsigtighed; forsigtighed,øget bivirkningsrisiko; monitorering,Forsigtighed pga. risiko for hyperkaliæmi. Hyppig kontrol af P-kalium.; Hyppig kontrol af P-kalium.,True,False
page_03757.html,https://pro.medicin.dk/Medicin/Praeparater/3757#a102,B05XA01,<60 ml/min.,[0],[59],NA,NA,NA,forsigtighed,monitorering,Monitorering af P-kalium pga. risiko for hyperkaliæmi.,True,False
page_03760.html,https://pro.medicin.dk/Medicin/Praeparater/3760#a102,N01BB02,<30 ml/min.,[0],[29],NA,NA,NA,forsigtighed,øget bivirkningsrisiko,Forsigtighed tilrådes ved langvarig eller gentagen administration.,True,False
page_03765.html,https://pro.medicin.dk/Medicin/Praeparater/3765#a102,D01AE15,NA,NA,NA,NA,NA,NA,NA,NA,NA,False,False
page_03770.html,https://pro.medicin.dk/Medicin/Praeparater/3770#a102,C09BA05,<30 ml/min.,[0],[29],NA,NA,NA,forsigtighed,monitorering,Kombinationspræparatet bør kun anvendes efter dosistitrering med ramipril og hydrochlorthiazid.Rutinemæssig monitorering af P-kalium og P-kreatinin.,True,False
page_03771.html,https://pro.medicin.dk/Medicin/Praeparater/3771#a102,A06AD11,NA,NA,NA,NA,NA,NA,NA,NA,NA,False,False
page_03775.html,https://pro.medicin.dk/Medicin/Praeparater/3775#a102,A10BA02,<30 ml/min.; 30-45 ml/min.,"[0, 30]","[29, 45]",NA; ≥10 år,"['NA', 10]","['NA', 150]",kontraindiceret; forsigtighed,NA; dosisjustering,"Mulige alternativer, se Type 2-diabetes; Højst 500 mg metformin 2 gange dgl.",True,False
page_03778.html,https://pro.medicin.dk/Medicin/Praeparater/3778#a102,L02AE02,NA,NA,NA,NA,NA,NA,NA,NA,NA,False,False
page_03779.html,https://pro.medicin.dk/Medicin/Praeparater/3779#a102,R01AC03,NA,NA,NA,NA,NA,NA,NA,NA,NA,False,False
page_03780.html,https://pro.medicin.dk/Medicin/Praeparater/3780#a102,S01GX07,NA,NA,NA,NA,NA,NA,NA,NA,NA,False,False
page_03781.html,https://pro.medicin.dk/Medicin/Praeparater/3781#a102,D06BB03,NA,NA,NA,NA,NA,NA,NA,NA,NA,False,False
page_03784.html,https://pro.medicin.dk/Medicin/Praeparater/3784#a102,S01AE03,NA,NA,NA,NA,NA,NA,NA,NA,NA,False,False
page_03785.html,https://pro.medicin.dk/Medicin/Praeparater/3785#a102,S02AA15,NA,NA,NA,NA,NA,NA,NA,NA,NA,False,False
page_03794.html,https://pro.medicin.dk/Medicin/Praeparater/3794#a102,M05BA06,<30 ml/min.,[0],[29],NA,NA,NA,forsigtighed,erfaring savnes,"Erfaring savnes ved GFR < 30 ml/min, og anvendelse kan ikke anbefales.",True,False
page_03799.html,https://pro.medicin.dk/Medicin/Praeparater/3799#a102,M05BA04,<35 ml/min.,[0],[34],NA,NA,NA,kontraindiceret,erfaring savnes,"Erfaring savnes ved GFR < 35 ml/min, og anvendelse kan ikke anbefales.",True,False
page_03805.html,https://pro.medicin.dk/Medicin/Praeparater/3805#a102,J02AC01,<30 ml/min.; <30 ml/min.,"[0, 0]","[29, 29]",2-12 år,[2],[12],forsigtighed,dosisjustering,"Trøske, oral candidiasis: 1, 5 mg pr. kg legemsvægt 1 gang dgl.; Forebyggelse og behandling af candidiasis: 3 mg pr. kg legemsvægt 1 gang dgl.; Systemisk candidiasisKryptokokmeningitis: 6 mg pr. kg legemsvægt 1 gang dgl.: 6 mg pr. kg legemsvægt 1 gang dgl.",True,True
page_03806.html,https://pro.medicin.dk/Medicin/Praeparater/3806#a102,N03AX15,NA,NA,NA,NA,NA,NA,NA,NA,"Forsigtighed ved nedsat nyrefunktion, en langsommere titrering af zonisamid kan være påkrævet., Da zonisamid og dets metabolitter udskilles renalt, bør det seponeres ved akut nyreinsufficiens eller hvor der observeres et klinisk betydningsfuld fald i eGFR.",True,False
page_03807.html,https://pro.medicin.dk/Medicin/Praeparater/3807#a102,R03DX05,NA,NA,NA,NA,NA,NA,NA,NA,NA,False,False
page_03811.html,https://pro.medicin.dk/Medicin/Praeparater/3811#a102,A02BC03,NA,NA,NA,NA,NA,NA,NA,NA,NA,False,False
page_03813.html,https://pro.medicin.dk/Medicin/Praeparater/3813#a102,J02AC04,<50 ml/min.1); <60 ml/min.2),"[0, 0]","[49, 59]",NA; NA,"['NA', 'NA']","['NA', 'NA']",forsigtighed; forsigtighed,hjælpestoffer; hjælpestoffer,"Noxafil® koncentrat til infusionsvæske indeholder som hjælpestof sulfobutylether-β-cyclodextrin, der kan kumuleres ved nyreinsufficiens (GFR < 50 ml/min).; Noxafil® oral suspensionindeholder benzylalkohol der skal bruges med forsigtighed ved nedsat nyre- og leverfunktion. Læs mereher.",True,False
page_03815.html,https://pro.medicin.dk/Medicin/Praeparater/3815#a102,A10BB12,<30 ml/min.; 30-60 ml/min.,"[0, 30]","[29, 60]",NA; NA,"['NA', 'NA']","['NA', 'NA']",kontraindiceret; forsigtighed,øget bivirkningsrisiko; NA,"Kontraindiceret pga. stor risiko for hypoglykæmi. Alternativer, seβ-cellestimulerende midler.; Startdosis er 1 mg dgl.Optitrér langsomt for at undgå hypoglykæmi.",True,False
page_03821.html,https://pro.medicin.dk/Medicin/Praeparater/3821#a102,N06AX03,<15 ml/min.,[0],[14],NA,NA,NA,forsigtighed,dosisjustering,Lav initialdosis og langsom optitrering.,True,False
page_03826.html,https://pro.medicin.dk/Medicin/Praeparater/3826#a102,N02BF01,<15 ml/min.; 15-30 ml/min.; 30-60 ml/min.; 60-80 ml/min.,"[0, 15, 30, 60]","[14, 30, 60, 80]",≥12 år; ≥12 år; ≥12 år; ≥12 år,"[12, 12, 12, 12]","[150, 150, 150, 150]",forsigtighed; forsigtighed; forsigtighed; forsigtighed,dosisjustering; dosisjustering; dosisjustering; dosisjustering,"Højst 150-300 mg 1 gang i døgnet. Døgndoser på 150 mg gives som 300 mg hver 2. dag.Daglig dosis bør nedsættes i forhold til GFR (ved GFR < 7,5 ml/min. halvt så stor daglig dosis som ved en GFR på 15 ml/min.).; Højst 150-600 mg i døgnet, så vidt muligt fordelt på flere daglige doser.Døgndoser på 150 mg gives som 300 mg hver 2. dag.; Højst 300-900 mg i døgnet, så vidt muligt fordelt på flere daglige doser.; Højst 600-1.800 mg i døgnet fordelt på 3 daglige doser.",True,False
page_03831.html,https://pro.medicin.dk/Medicin/Praeparater/3831#a102,N07XX04,<60 ml/min.,[0],[59],NA,NA,NA,forsigtighed,ingen eller begrænset erfaring,Reduktion i natriumindtag via kosten tilrådes.,True,False
page_03832.html,https://pro.medicin.dk/Medicin/Praeparater/3832#a102,C01EB17,<15 ml/min.,[0],[14],NA,NA,NA,forsigtighed,erfaring savnes,Dosisjustering er ikke nødvendig ved GFR > 15 ml/min. Erfaring savnes ved GFR < 15 ml/min.,True,False
page_03833.html,https://pro.medicin.dk/Medicin/Praeparater/3833#a102,G04BE03,NA,NA,NA,NA,NA,NA,NA,NA,NA,False,False
page_03840.html,https://pro.medicin.dk/Medicin/Praeparater/3840#a102,S01CA01,NA,NA,NA,NA,NA,NA,NA,NA,NA,False,False
page_03845.html,https://pro.medicin.dk/Medicin/Praeparater/3845#a102,B01AE03,NA,NA,NA,NA,NA,NA,NA,NA,NA,False,False
page_03848.html,https://pro.medicin.dk/Medicin/Praeparater/3848#a102,A04AA01,NA,NA,NA,NA,NA,NA,NA,NA,NA,False,False
page_03855.html,https://pro.medicin.dk/Medicin/Praeparater/3855#a102,A10BB12,<30 ml/min.; 30-60 ml/min.,"[0, 30]","[29, 60]",NA; NA,"['NA', 'NA']","['NA', 'NA']",kontraindiceret; forsigtighed,øget bivirkningsrisiko; NA,"Kontraindiceret pga. stor risiko for hypoglykæmi. Alternativer, seβ-cellestimulerende midler.; Startdosis er 1 mg dgl.Optitrér langsomt for at undgå hypoglykæmi.",True,False
page_03856.html,https://pro.medicin.dk/Medicin/Praeparater/3856#a102,J01FA10,<10 ml/min.,[0],[9],NA,NA,NA,forsigtighed,øget bivirkningsrisiko,En stigning i AUC på 33% for azithromycin er set ved GFR < 10 ml/min. Forsigtighed tilrådes.,True,False
page_03857.html,https://pro.medicin.dk/Medicin/Praeparater/3857#a102,G04CA02,<10 ml/min.,[0],[9],NA,NA,NA,forsigtighed,erfaring savnes,Forsigtighed ved stærkt nedsat nyrefunktion med GFR < 10 ml/min. pga. manglende erfaring.,True,False
page_03863.html,https://pro.medicin.dk/Medicin/Praeparater/3863#a102,C08DA01,NA,NA,NA,NA,NA,NA,NA,NA,NA,False,False
page_03951.html,https://pro.medicin.dk/Medicin/Praeparater/3951#a102,S01ED51,NA,NA,NA,NA,NA,NA,NA,NA,NA,False,False
page_03959.html,https://pro.medicin.dk/Medicin/Praeparater/3959#a102,J01FF01,NA,NA,NA,NA,NA,NA,NA,NA,NA,False,False
page_03962.html,https://pro.medicin.dk/Medicin/Praeparater/3962#a102,A02BC03,NA,NA,NA,NA,NA,NA,NA,NA,NA,False,False
page_03968.html,https://pro.medicin.dk/Medicin/Praeparater/3968#a102,J06BA02,NA,NA,NA,NA,NA,NA,NA,NA,NA,False,False
page_03970.html,https://pro.medicin.dk/Medicin/Praeparater/3970#a102,R01AD08,NA,NA,NA,NA,NA,NA,NA,NA,NA,False,False
page_03974.html,https://pro.medicin.dk/Medicin/Praeparater/3974#a102,C07AG02,NA,NA,NA,NA,NA,NA,NA,NA,NA,False,False
page_03981.html,https://pro.medicin.dk/Medicin/Praeparater/3981#a102,D10AF51,NA,NA,NA,NA,NA,NA,NA,NA,NA,False,False
page_03982.html,https://pro.medicin.dk/Medicin/Praeparater/3982#a102,A16AB07,NA,NA,NA,NA,NA,NA,NA,NA,NA,False,False
page_03990.html,https://pro.medicin.dk/Medicin/Praeparater/3990#a102,J01AA12,NA,NA,NA,NA,NA,NA,NA,NA,NA,False,False
page_03992.html,https://pro.medicin.dk/Medicin/Praeparater/3992#a102,S01ED51,NA,NA,NA,NA,NA,NA,NA,NA,NA,False,False
page_03996.html,https://pro.medicin.dk/Medicin/Praeparater/3996#a102,G04CA01,<30 ml/min.,[0],[29],≥16 år,[16],[150],forsigtighed,dosisjustering,"Initialt 2,5 mg 2 gange dgl. som tilpasses efter klinisk respons. Højst 10 mg dgl.",True,False
page_03997.html,https://pro.medicin.dk/Medicin/Praeparater/3997#a102,J01FA09,<30 ml/min.; <30 ml/min.,"[0, 0]","[29, 29]",2-12 år; ≥12 år,"[2, 12]","[12, 150]",forsigtighed; forsigtighed,dosisjustering; dosisjustering,"Dosis nedsættes til 50 % af normaldosis. Højst 7,5 mg pr. kg legemsvægt i døgnet.Kontraindiceret ved samtidig alvorligt leversvigt og nedsat nyrefunktion.; Dosis nedsættes til 50 % af normaldosis. Højst 500 mg dgl.Kontraindiceret ved både alvorligt leversvigt og nedsat nyrefunktion.",True,False
page_04011.html,https://pro.medicin.dk/Medicin/Praeparater/4011#a102,J07BH01,NA,NA,NA,NA,NA,NA,NA,NA,NA,False,False
page_04013.html,https://pro.medicin.dk/Medicin/Praeparater/4013#a102,L04AG03,NA,NA,NA,NA,NA,NA,NA,NA,NA,False,False
page_04017.html,https://pro.medicin.dk/Medicin/Praeparater/4017#a102,L01EX02,NA,NA,NA,NA,NA,NA,NA,NA,NA,False,False
page_04018.html,https://pro.medicin.dk/Medicin/Praeparater/4018#a102,J05AF10,<50 ml/min.,[0],[49],"Voksne. Daglig dosis nedsættes til:GFR (ml/min.)Ikke tidligere nukleosid-behandlet kompenseret leversygdomLamivudin-refraktær kompenseret leversygdom eller dekompenseret leversygdom30-500,25 mg0,5 mg10-300,15 mg0,3 mg< 100,05 mg0,1 mgDosisreduktionen kan også opnås ved at øge dosisintervallerne.Ved hæmodialyse gives dosis efter dialysen.Børn 2-17 år.Erfaring savnes.",,,forsigtighed,dosisjustering,"30-50: 0,25 mg: 0,5 mg; 10-30: 0,15 mg: 0,3 mg; < 10: 0,05 mg: 0,1 mg: 0,1 mg",True,True
page_04019.html,https://pro.medicin.dk/Medicin/Praeparater/4019#a102,G03HB01,NA,NA,NA,NA,NA,NA,NA,NA,NA,False,False
page_04021.html,https://pro.medicin.dk/Medicin/Praeparater/4021#a102,M05BA04,<35 ml/min.,[0],[34],NA,NA,NA,kontraindiceret,erfaring savnes,"Erfaring savnes ved GFR < 35 ml/min, og anvendelse kan ikke anbefales.",True,False
page_04026.html,https://pro.medicin.dk/Medicin/Praeparater/4026#a102,N06BA09,NA,NA,NA,NA,NA,NA,NA,NA,NA,False,False
page_04031.html,https://pro.medicin.dk/Medicin/Praeparater/4031#a102,L01EX01,NA,NA,NA,NA,NA,NA,NA,NA,NA,False,False
page_04038.html,https://pro.medicin.dk/Medicin/Praeparater/4038#a102,C10BA02,<60 ml/min.,[0],[59],NA,NA,NA,forsigtighed,monitorering,"P-kreatinkinase bør måles før behandlingsstart pga. prædisposition for rhabdomyolyse. Ved P-kreatinkinase > 5 gange øverste normalgrænse bør behandlingen ikke startes.Efter behandlingsstart:P-kreatininkinase > 10 gange øverste normalgrænse: pauser behandlingen, kontroller nyrefunktionen og monitorer P-kreatininkinase efter to uger.P-kreatininkinase < 10 gange øverste normalgrænse:ingen symptomer, fortsat behandlingen, kontroller P- kreatininkinase indenfor 2-4 uger.P-kreatininkinase < 10 gange øverste normalgrænse:hvis symptomer, pauser statin og afvent normalisering af P-kreatininkinase før genoptagelse med en lavere statin dosisVed GFR < 30 ml/min bør der udvises forsigtighed ved doser af simvastatin > 10 mg dgl.",True,False
page_04039.html,https://pro.medicin.dk/Medicin/Praeparater/4039#a102,N04BC09,NA,NA,NA,NA,NA,NA,NA,NA,NA,False,False
page_04042.html,https://pro.medicin.dk/Medicin/Praeparater/4042#a102,G04CA01,<30 ml/min.,[0],[29],≥16 år,[16],[150],forsigtighed,dosisjustering,"Initialt 2,5 mg 2 gange dgl. som tilpasses efter klinisk respons. Højst 10 mg dgl.",True,False
page_04046.html,https://pro.medicin.dk/Medicin/Praeparater/4046#a102,G04CA01,<30 ml/min.,[0],[29],≥16 år,[16],[150],forsigtighed,dosisjustering,"Initialt 2,5 mg 2 gange dgl. som tilpasses efter klinisk respons. Højst 10 mg dgl.",True,False
page_04047.html,https://pro.medicin.dk/Medicin/Praeparater/4047#a102,H03BB02,NA,NA,NA,NA,NA,NA,NA,NA,NA,False,False
page_04048.html,https://pro.medicin.dk/Medicin/Praeparater/4048#a102,V03AF02,<40 ml/min.,[0],[39],NA,NA,NA,forsigtighed,dosisjustering,Dosis nedsættes til 50% af normaldosis.,True,False
page_04052.html,https://pro.medicin.dk/Medicin/Praeparater/4052#a102,N02AB03,<50 ml/min.,[0],[49],NA,NA,NA,forsigtighed,dosisjustering,Lav initialdosis og forsigtig dosistitrering.,True,False
page_04056.html,https://pro.medicin.dk/Medicin/Praeparater/4056#a102,N02AX02,<10 ml/min.; 10-20 ml/min.,"[0, 10]","[9, 20]",≥12 år; ≥12 år,"[12, 12]","[150, 150]",forsigtighed; forsigtighed,dosisjustering; dosisjustering,Højst 50 mg 2 gange dgl.; Højst 100 mg 2 gange dgl.,True,False
page_04057.html,https://pro.medicin.dk/Medicin/Praeparater/4057#a102,N03AX09,NA,NA,NA,NA,NA,NA,NA,NA,"Kronisk nyresvigt påvirker ikke plasmakoncentrationen af lamotrigin, men der kan forventes akkumulering af glucuronidmetabolitten. Ved patienter med nyresvigt i slutstadiet skal initialdosis baseres på de lægemidler, som patienten tager samtidigt, og lavere vedligeholdelsesdoser kan være effektive.",True,False
page_04062.html,https://pro.medicin.dk/Medicin/Praeparater/4062#a102,G02CB04,<30 ml/min.,[0],[29],NA,NA,NA,kontraindiceret,erfaring savnes,Erfaring savnes. SeProlaktinhæmmende midler.,True,False
page_04065.html,https://pro.medicin.dk/Medicin/Praeparater/4065#a102,R03AC13,NA,NA,NA,NA,NA,NA,NA,NA,NA,False,False
page_04070.html,https://pro.medicin.dk/Medicin/Praeparater/4070#a102,N07BC51,<30 ml/min.,[0],[29],NA,NA,NA,forsigtighed,øget bivirkningsrisiko,Buprenorphin: Risiko for ophobning af aktive metabolitter.,True,False
page_04074.html,https://pro.medicin.dk/Medicin/Praeparater/4074#a102,G03HB01,NA,NA,NA,NA,NA,NA,NA,NA,NA,False,False
page_04076.html,https://pro.medicin.dk/Medicin/Praeparater/4076#a102,N06AB03,<60 ml/min.,[0],[59],NA,NA,NA,forsigtighed,hjælpestoffer,"Dispergible tabletter indeholder benzylalkohol, der skal bruges med forsigtighed ved nedsat nyre- og leverfunktion. Læs mereher.",True,False
page_04077.html,https://pro.medicin.dk/Medicin/Praeparater/4077#a102,J01XX09,30-80 ml/min.; <30 ml/min.,"[30, 0]","[80, 29]",NA; NA,"['NA', 'NA']","['NA', 'NA']",forsigtighed; forsigtighed,monitorering; dosisjustering,Regelmæssig kontrol af nyrefunktionen tilrådes.; Dosis gives hver 2. dag.Regelmæssig kontrol af nyrefunktionen tilrådes.,True,False
page_04083.html,https://pro.medicin.dk/Medicin/Praeparater/4083#a102,V01AA02,NA,NA,NA,NA,NA,NA,NA,NA,NA,False,False
page_04088.html,https://pro.medicin.dk/Medicin/Praeparater/4088#a102,V03AC03,<60 ml/min.,[0],[59],NA,NA,NA,kontraindiceret,erfaring savnes,Kontraindiceret ved moderat til stærkt nedsat nyrefunktion. Der findes ingen data.,True,False
page_04089.html,https://pro.medicin.dk/Medicin/Praeparater/4089#a102,L01EA02,NA,NA,NA,NA,NA,NA,NA,NA,NA,False,False
page_04094.html,https://pro.medicin.dk/Medicin/Praeparater/4094#a102,J01FA10,<10 ml/min.,[0],[9],NA,NA,NA,forsigtighed,øget bivirkningsrisiko,En stigning i AUC på 33% for azithromycin er set ved GFR < 10 ml/min. Forsigtighed tilrådes.,True,False
page_04099.html,https://pro.medicin.dk/Medicin/Praeparater/4099#a102,L01XA01,<30 ml/min.; 30-60 ml/min.,"[0, 30]","[29, 60]",NA; NA,"['NA', 'NA']","['NA', 'NA']",kontraindiceret; forsigtighed,øget bivirkningsrisiko; dosisjustering,"Risiko for akkumulation, da det primært udskilles gennem nyrerne.; Dosis bør nedsættes.",True,False
page_04101.html,https://pro.medicin.dk/Medicin/Praeparater/4101#a102,A04AA05,NA,NA,NA,NA,NA,NA,NA,NA,NA,False,False
page_04102.html,https://pro.medicin.dk/Medicin/Praeparater/4102#a102,B05BA10,<60 ml/min.,[0],[59],NA,NA,NA,forsigtighed,monitorering,"Dosistilpasning under hensyn til patientbehov og sværhedsgrad af nyreinsufficiens.Tæt monitorering af væske-, elektrolyt- og syre-base-status.Kontraindiceret ved alvorlig nyreinsufficiens uden samtidig renal substitutionsbehandling (fx hæmodialyse, hæmofiltrering).",True,False
page_04103.html,https://pro.medicin.dk/Medicin/Praeparater/4103#a102,V03AB25,NA,NA,NA,NA,NA,NA,NA,NA,NA,False,False
page_04104.html,https://pro.medicin.dk/Medicin/Praeparater/4104#a102,J01MA02,<30 ml/min.; <30 ml/min.; 30-60 ml/min.,"[0, 0, 30]","[29, 29, 60]",2-17 år; ≥17 år; ≥17 år,"[2, 17, 17]","[17, 150, 150]",forsigtighed; forsigtighed; forsigtighed,dosisjustering; dosisjustering; dosisjustering,Højst 15 mg pr. kg legemsvægt 1 gang i døgnet.; Højst 400 mg i.v. 1 gang i døgnet.; Højst 400 mg i.v. 2 gange i døgnet.,True,False
page_04108.html,https://pro.medicin.dk/Medicin/Praeparater/4108#a102,J01DD04,<10 ml/min.,[0],[9],NA,NA,NA,forsigtighed,dosisjustering,"Dosisjustering på baggrund af tæt monitorering, især ved samtidig stærkt nedsat leverfunktion.",True,False
page_04115.html,https://pro.medicin.dk/Medicin/Praeparater/4115#a102,H01AC01,<60 ml/min.,[0],[59],NA,NA,NA,forsigtighed,hjælpestoffer,"Omnitrope injektionsvæske 5 mg/1,5 mlindeholder benzylalkohol der skal bruges med forsigtighed ved nedsat nyre- og leverfunktion. Læs mereher.",True,False
page_04116.html,https://pro.medicin.dk/Medicin/Praeparater/4116#a102,S01ED51,NA,NA,NA,NA,NA,NA,NA,NA,NA,False,False
page_04125.html,https://pro.medicin.dk/Medicin/Praeparater/4125#a102,N04BC07,<60 ml/min.,[0],[59],NA,NA,NA,forsigtighed,øget bivirkningsrisiko,"Alm. doseringsplan følges, men forsigtighed tilrådes.",True,False
page_04139.html,https://pro.medicin.dk/Medicin/Praeparater/4139#a102,J05AE10,<60 ml/min.,[0],[59],NA,NA,NA,forsigtighed,betinget,Samtidig brug af colchicin er kontraindiceret.,True,False
page_04140.html,https://pro.medicin.dk/Medicin/Praeparater/4140#a102,S01LA04,NA,NA,NA,NA,NA,NA,NA,NA,NA,False,False
page_04143.html,https://pro.medicin.dk/Medicin/Praeparater/4143#a102,N02BG08,NA,NA,NA,NA,NA,NA,NA,NA,NA,False,False
page_04144.html,https://pro.medicin.dk/Medicin/Praeparater/4144#a102,V03AB14,NA,NA,NA,NA,NA,NA,NA,NA,NA,False,False
page_04145.html,https://pro.medicin.dk/Medicin/Praeparater/4145#a102,R03AC02,NA,NA,NA,NA,NA,NA,NA,NA,NA,False,False
page_04146.html,https://pro.medicin.dk/Medicin/Praeparater/4146#a102,C09DB01,<30 ml/min.,[0],[29],NA,NA,NA,forsigtighed,erfaring savnes,Bør ikke anvendes pga. manglende erfaring.,True,False
page_04147.html,https://pro.medicin.dk/Medicin/Praeparater/4147#a102,A16AB08,NA,NA,NA,NA,NA,NA,NA,NA,NA,False,False
page_04148.html,https://pro.medicin.dk/Medicin/Praeparater/4148#a102,A16AB09,NA,NA,NA,NA,NA,NA,NA,NA,NA,False,False
page_04150.html,https://pro.medicin.dk/Medicin/Praeparater/4150#a102,M01AB05,30-60 ml/min.; <30 ml/min.,"[30, 0]","[60, 29]",NA; NA,"['NA', 'NA']","['NA', 'NA']",forsigtighed; kontraindiceret,monitorering; øget bivirkningsrisiko,Prostaglandiner har betydning for opretholdelse af normal nyregennemblødning. NSAID's hæmning af prostaglandinsyntesen kan derfor forårsage nedsat nyregennemblødning og dermed forværret nyrefunktion. Tæt monitorering af nyrefunktionen tilrådes.; Prostaglandiner har betydning for opretholdelse af normal nyregennemblødning. NSAID's hæmning af prostaglandinsyntesen kan derfor forårsage nedsat nyregennemblødning og dermed forværret nyrefunktion.,True,False
page_04152.html,https://pro.medicin.dk/Medicin/Praeparater/4152#a102,A10BH01,<30 ml/min.; 30-45 ml/min.,"[0, 30]","[29, 45]",≥18 år; ≥18 år,"[18, 18]","[150, 150]",forsigtighed; forsigtighed,dosisjustering; dosisjustering,Højst 25 mg sitagliptin dgl.Kan benyttes ved slutstadiet og under renal erstatningsterapi.; Højst 50 mg sitagliptin dgl.,True,False
page_04154.html,https://pro.medicin.dk/Medicin/Praeparater/4154#a102,P01AB01,<15 ml/min.,[0],[14],NA,NA,NA,forsigtighed,monitorering,Der bør monitoreres for tegn på toksicitet som følge af potentiel akkumulering af toksiske metronidazolmetabolitter.,True,False
page_04158.html,https://pro.medicin.dk/Medicin/Praeparater/4158#a102,N06AX11,<40 ml/min.,[0],[39],NA,NA,NA,forsigtighed,dosisjustering,"Lav initialdosis (7,5-15 mg) og langsom optitrering.Tæt monitorering anbefales pga. fald i clearance på 30 % ved GFR < 40 ml/min og på 50 % ved GFR < 10 ml/min.",True,False
page_04160.html,https://pro.medicin.dk/Medicin/Praeparater/4160#a102,L01BB06,<30 ml/min.; 30-60 ml/min.,"[0, 30]","[29, 60]",NA; NA,"['NA', 'NA']","['NA', 'NA']",kontraindiceret; forsigtighed,øget bivirkningsrisiko; dosisjustering,Clofarabin akkumuleres ved nedsat nyrefunktion.; Dosis nedsættes til 50 % af normaldosis.,True,False
page_04161.html,https://pro.medicin.dk/Medicin/Praeparater/4161#a102,R01AA07,NA,NA,NA,NA,NA,NA,NA,NA,NA,False,False
page_04167.html,https://pro.medicin.dk/Medicin/Praeparater/4167#a102,C07AB12,<30 ml/min.,[0],[29],≥18 år,[18],[150],forsigtighed,dosisjustering,"Initialdosis 2,5 mg dgl. Højst 5 mg dgl.",True,False
page_04168.html,https://pro.medicin.dk/Medicin/Praeparater/4168#a102,N03AF03,NA,NA,NA,NA,NA,NA,NA,NA,NA,False,False
page_04169.html,https://pro.medicin.dk/Medicin/Praeparater/4169#a102,G03AA07,NA,NA,NA,NA,NA,NA,NA,NA,NA,False,False
page_04170.html,https://pro.medicin.dk/Medicin/Praeparater/4170#a102,J05AB01,<10 ml/min.; <10 ml/min.; <10 ml/min.,"[0, 0, 0]","[9, 9, 9]",2-6 år,[2],[6],forsigtighed,dosisjustering,Behandling af herpes: 200 mg hver 12. time; Forebyggelse af herpes: 200 mg hver 12. time; Herpes zoster og variceller: 200 mg 1 gang dgl.: 200 mg 1 gang dgl.,True,True
page_04171.html,https://pro.medicin.dk/Medicin/Praeparater/4171#a102,D06BB03,NA,NA,NA,NA,NA,NA,NA,NA,NA,False,False
page_04173.html,https://pro.medicin.dk/Medicin/Praeparater/4173#a102,C09BA02,<30 ml/min.,[0],[29],NA,NA,NA,forsigtighed,monitorering,Kombinationspræparatet bør kun anvendes efter dosistitrering med enalapril og hydrochlorthiazid.Rutinemæssig monitorering af P-kalium og P-kreatinin.,True,False
page_04180.html,https://pro.medicin.dk/Medicin/Praeparater/4180#a102,G03AA10,NA,NA,NA,NA,NA,NA,NA,NA,NA,False,False
page_04181.html,https://pro.medicin.dk/Medicin/Praeparater/4181#a102,N06AB06,NA,NA,NA,NA,NA,NA,NA,NA,NA,False,False
page_04183.html,https://pro.medicin.dk/Medicin/Praeparater/4183#a102,L04AA24,NA,NA,NA,NA,NA,NA,NA,NA,NA,False,False
page_04185.html,https://pro.medicin.dk/Medicin/Praeparater/4185#a102,N03AF02,<30 ml/min.,[0],[29],NA,NA,NA,forsigtighed,monitorering,Der indledes med halv dosis.Dosisøgning med intervaller på mindst 1 uge.,True,False
page_04192.html,https://pro.medicin.dk/Medicin/Praeparater/4192#a102,C09AA05,<30 ml/min.,[0],[29],≥16 år,[16],[150],forsigtighed,dosisjustering,"Initialdosis 1,25 mg dgl. Højst 5 mg dgl. Rutinemæssig monitorering af P-kalium og P-kreatinin.Ved opstart accepteres et fald i eGFR på op til 30 %.",True,False
page_04194.html,https://pro.medicin.dk/Medicin/Praeparater/4194#a102,H01BA02,<50 ml/min.,[0],[49],NA,NA,NA,kontraindiceret,NA,AUC og halveringstiden øges med øget sværhedsgrad af nedsat nyrefunktion.,True,False
page_04196.html,https://pro.medicin.dk/Medicin/Praeparater/4196#a102,C10AA01,<30 ml/min.,[0],[29],NA,NA,NA,forsigtighed,monitorering,"P-kreatinkinase bør måles før behandlingsstart pga. prædisposition for rhabdomyolyse. Ved P-kreatinkinase > 4 gange øverste normalgrænse bør behandlingen ikke startes.Under behandling:P-kreatininkinase > 10 gange øverste normalgrænse: pauser behandlingen, kontroller nyrefunktionen og monitorer P-kreatininkinase efter to uger.P-kreatininkinase < 10 gange øverste normalgrænse:ingen symptomer, fortsat behandlingen, kontroller P- kreatininkinase indenfor 2-4 uger.P-kreatininkinase < 10 gange øverste normalgrænse:hvis symptomer, pauser statin og afvent normalisering af P-kreatininkinase før genoptagelse med en lavere statin dosis.VedGFR < 30 ml/minbør der udvises forsigtighed ved doser > 10 mg dgl.Læs mere:Statiner",True,False
page_04197.html,https://pro.medicin.dk/Medicin/Praeparater/4197#a102,D11AX10,NA,NA,NA,NA,NA,NA,NA,NA,NA,False,False
page_04200.html,https://pro.medicin.dk/Medicin/Praeparater/4200#a102,B02AB02,NA,NA,NA,NA,NA,NA,NA,NA,NA,False,False
page_04201.html,https://pro.medicin.dk/Medicin/Praeparater/4201#a102,N06BA04,<60 ml/min.,[0],[59],NA,NA,NA,forsigtighed,erfaring savnes,Der er ingen erfaring med brug af methylphenidat til patienter med nedsat nyrefunktion.,True,False
page_04205.html,https://pro.medicin.dk/Medicin/Praeparater/4205#a102,B02AA02,<10 ml/min.; 10-50 ml/min.,"[0, 10]","[9, 50]",≥2 år; ≥2 år,"[2, 2]","[150, 150]",forsigtighed; forsigtighed,dosisjustering; dosisjustering,"Højst 12,5 mg pr. kg legemsvægt dgl.; Højst 25 mg pr. kg legemsvægt 2 gange dgl.",True,False
page_04211.html,https://pro.medicin.dk/Medicin/Praeparater/4211#a102,B01AC21,NA,NA,NA,NA,NA,NA,NA,NA,NA,False,False
page_04219.html,https://pro.medicin.dk/Medicin/Praeparater/4219#a102,A10BA02,<30 ml/min.; 30-45 ml/min.,"[0, 30]","[29, 45]",NA; ≥10 år,"['NA', 10]","['NA', 150]",kontraindiceret; forsigtighed,NA; dosisjustering,"Mulige alternativer, se Type 2-diabetes; Højst 500 mg metformin 2 gange dgl.",True,False
page_04221.html,https://pro.medicin.dk/Medicin/Praeparater/4221#a102,A06AD,<30 ml/min.,[0],[29],NA,NA,NA,forsigtighed,monitorering,Elektrolyt- og væskebalancen bør overvåges.,True,False
page_04223.html,https://pro.medicin.dk/Medicin/Praeparater/4223#a102,N06AB04,<30 ml/min.,[0],[29],NA,NA,NA,forsigtighed,erfaring savnes,Forsigtighed ved GFR < 30 ml/min pga. manglende erfaring.,True,False
page_04224.html,https://pro.medicin.dk/Medicin/Praeparater/4224#a102,G04CB01,NA,NA,NA,NA,NA,NA,NA,NA,NA,False,False
page_04225.html,https://pro.medicin.dk/Medicin/Praeparater/4225#a102,D01AE15,NA,NA,NA,NA,NA,NA,NA,NA,NA,False,False
page_04230.html,https://pro.medicin.dk/Medicin/Praeparater/4230#a102,J02AX06,NA,NA,NA,NA,NA,NA,NA,NA,NA,False,False
page_04231.html,https://pro.medicin.dk/Medicin/Praeparater/4231#a102,J05AX09,<80 ml/min.,[0],[79],NA,NA,NA,forsigtighed,betinget,Dosis ved GFR < 80 ml/minogsamtidig behandling med CYP3A4-hæmmere skal nedsættes til 150 mg 2 gange dgl.,True,False
page_04232.html,https://pro.medicin.dk/Medicin/Praeparater/4232#a102,C10AA03,<30 ml/min.,[0],[29],NA,NA,NA,forsigtighed,monitorering,"P-kreatinkinase bør måles før behandlingsstart pga. prædisposition for rhabdomyolyse. Ved P-kreatinkinase > 4 gange øverste normalgrænse bør behandlingen ikke startes.Under behandling:P-kreatininkinase > 10 gange øverste normalgrænse: pauser behandlingen, kontroller nyrefunktionen og monitorer P-kreatininkinase efter to uger.P-kreatininkinase < 10 gange øverste normalgrænse:ingen symptomer, fortsat behandlingen, kontroller P- kreatininkinase indenfor 2-4 uger.P-kreatininkinase < 10 gange øverste normalgrænse:hvis symptomer, pauser statin og afvent normalisering af P-kreatininkinase før genoptagelse med en lavere statin dosis.GFR > 30 ml/min: Initialdosis på 10 mg anbefales.Læs mere:Statiner",True,False
page_04234.html,https://pro.medicin.dk/Medicin/Praeparater/4234#a102,C08CA01,NA,NA,NA,NA,NA,NA,NA,NA,NA,False,False
page_04235.html,https://pro.medicin.dk/Medicin/Praeparater/4235#a102,M03AX01,NA,NA,NA,NA,NA,NA,NA,NA,NA,False,False
page_04237.html,https://pro.medicin.dk/Medicin/Praeparater/4237#a102,G03BA03,<30 ml/min.,[0],[29],NA,NA,NA,forsigtighed,monitorering,Tæt monitorering tilrådes. Ved alvorlige komplikationer i form af ødem med eller uden kongestivt hjertesvigt seponeres behandlingen straks.,True,False
page_04239.html,https://pro.medicin.dk/Medicin/Praeparater/4239#a102,B02BD02,NA,NA,NA,NA,NA,NA,NA,NA,NA,False,False
page_04241.html,https://pro.medicin.dk/Medicin/Praeparater/4241#a102,N05CH01,<60 ml/min.,[0],[59],NA,NA,NA,forsigtighed,erfaring savnes,Forsigtighed ved nedsat nyrefunktion pga. manglende erfaring. Anbefales ikke ved stærkt nedsat nyrefunktion. Ingen tegn på akkumulering ved stabil hæmodialyse.,True,False
page_04243.html,https://pro.medicin.dk/Medicin/Praeparater/4243#a102,L01BB07,NA,NA,NA,NA,NA,NA,NA,NA,NA,False,False
page_04244.html,https://pro.medicin.dk/Medicin/Praeparater/4244#a102,L04AD02,<60 ml/min.,[0],[59],NA,NA,NA,forsigtighed,monitorering,"Tacrolimus kan medføre nedsat nyrefunktion efter transplantation. Tæt monitorering pga. risiko for, at akut nyreinsufficiens uden aktiv indgriben kan udvikle sig til kronisk nyreinsufficiens. Det kan evt. være nødvendigt med nedsat dosis. Se også Interaktioner.",True,False
page_04245.html,https://pro.medicin.dk/Medicin/Praeparater/4245#a102,A03BA01,NA,NA,NA,NA,NA,NA,NA,NA,NA,False,False
page_04247.html,https://pro.medicin.dk/Medicin/Praeparater/4247#a102,V04CX04,NA,NA,NA,NA,NA,NA,NA,NA,NA,False,False
page_04251.html,https://pro.medicin.dk/Medicin/Praeparater/4251#a102,C09BA02,<30 ml/min.,[0],[29],NA,NA,NA,forsigtighed,monitorering,Kombinationspræparatet bør kun anvendes efter dosistitrering med enalapril og hydrochlorthiazid.Rutinemæssig monitorering af P-kalium og P-kreatinin.,True,False
page_04253.html,https://pro.medicin.dk/Medicin/Praeparater/4253#a102,C07AG02,NA,NA,NA,NA,NA,NA,NA,NA,NA,False,False
page_04254.html,https://pro.medicin.dk/Medicin/Praeparater/4254#a102,N02AX02,<10 ml/min.; 10-20 ml/min.,"[0, 10]","[9, 20]",≥12 år; ≥12 år,"[12, 12]","[150, 150]",forsigtighed; forsigtighed,dosisjustering; dosisjustering,Højst 50 mg 2 gange dgl.; Højst 100 mg 2 gange dgl.,True,False
page_04255.html,https://pro.medicin.dk/Medicin/Praeparater/4255#a102,C10AC04,NA,NA,NA,NA,NA,NA,NA,NA,NA,False,False
page_04256.html,https://pro.medicin.dk/Medicin/Praeparater/4256#a102,C05AE01,NA,NA,NA,NA,NA,NA,NA,NA,NA,False,False
page_04258.html,https://pro.medicin.dk/Medicin/Praeparater/4258#a102,N05AX13,10-50 ml/min.; 10-50 ml/min.; 10-50 ml/min.; 50-80 ml/min.; 50-80 ml/min.; 50-80 ml/min.,"[10, 10, 10, 50, 50, 50]","[50, 50, 50, 80, 80, 80]",15-17 år; ≥51 KG; ≥17 år; 15-17 år; ≥51 KG; ≥17 år,"[15, 51, 17, 15, 51, 17]","[17, 150, 150, 17, 150, 150]",forsigtighed; forsigtighed; forsigtighed; forsigtighed; forsigtighed; forsigtighed,dosisjustering; dosisjustering; dosisjustering; dosisjustering; dosisjustering; dosisjustering,Højst 3 mg hver 2. dag.; Initialdosis 3 mg hver 2. dag. Dosis kan øges til højst 3 mg dgl.; Initialdosis 3 mg hver 2. dag. Dosis kan øges til højst 3 mg dgl.; Initialdosis 3 mg hver 2. dag. Dosis kan øges til højst 3 mg dgl.; Initialdosis 3 mg dgl. Dosis kan øges til højst 6 mg dgl.; Initialdosis 3 mg dgl. Dosis kan øges til højst 6 mg dgl.,True,False
page_04261.html,https://pro.medicin.dk/Medicin/Praeparater/4261#a102,N02CC01,NA,NA,NA,NA,NA,NA,NA,NA,NA,False,False
page_04265.html,https://pro.medicin.dk/Medicin/Praeparater/4265#a102,D07AD01,NA,NA,NA,NA,NA,NA,NA,NA,NA,False,False
page_04266.html,https://pro.medicin.dk/Medicin/Praeparater/4266#a102,B03XA03,NA,NA,NA,NA,NA,NA,NA,NA,NA,False,False
page_04269.html,https://pro.medicin.dk/Medicin/Praeparater/4269#a102,D01AC02,NA,NA,NA,NA,NA,NA,NA,NA,NA,False,False
page_04271.html,https://pro.medicin.dk/Medicin/Praeparater/4271#a102,N01BB20,<30 ml/min.,[0],[29],NA,NA,NA,forsigtighed,øget bivirkningsrisiko,Forsigtighed ved øget risiko for systemisk optagelse.,True,False
page_04272.html,https://pro.medicin.dk/Medicin/Praeparater/4272#a102,G03AA12,<30 ml/min.,[0],[29],NA,NA,NA,kontraindiceret,NA,Højere serumkoncentration af drospirenon er set ved nedsat nyrefunktion.,True,False
page_04274.html,https://pro.medicin.dk/Medicin/Praeparater/4274#a102,G03GA30,NA,NA,NA,NA,NA,NA,NA,NA,NA,False,False
page_04276.html,https://pro.medicin.dk/Medicin/Praeparater/4276#a102,R01AC02,NA,NA,NA,NA,NA,NA,NA,NA,NA,False,False
page_04277.html,https://pro.medicin.dk/Medicin/Praeparater/4277#a102,S01GX02,NA,NA,NA,NA,NA,NA,NA,NA,NA,False,False
page_04278.html,https://pro.medicin.dk/Medicin/Praeparater/4278#a102,A07AA02,NA,NA,NA,NA,NA,NA,NA,NA,NA,False,False
page_04280.html,https://pro.medicin.dk/Medicin/Praeparater/4280#a102,J01EB02,<30 ml/min.; 30-60 ml/min.,"[0, 30]","[29, 60]",NA; NA,"['NA', 'NA']","['NA', 'NA']",kontraindiceret; forsigtighed,øget bivirkningsrisiko; øget bivirkningsrisiko,"Anbefales ikke pga. risiko for akkumulation og nyreskade.; Forsigtighed ved nedsat nyrefunktion, dels på grund af risiko for ophobning og nyreskade, dels på grund af risikoen for ikke at opnå terapeutisk niveau i urinvejene.",True,False
page_04284.html,https://pro.medicin.dk/Medicin/Praeparater/4284#a102,B02BD06,NA,NA,NA,NA,NA,NA,NA,NA,NA,False,False
page_04287.html,https://pro.medicin.dk/Medicin/Praeparater/4287#a102,B05BB01,<60 ml/min.,[0],[59],NA,NA,NA,forsigtighed,monitorering,"Monitorering af væske-, elektrolyt- og syre-base-status.Risiko for hyperkaliæmi.",True,False
page_04288.html,https://pro.medicin.dk/Medicin/Praeparater/4288#a102,A16AA06,NA,NA,NA,NA,NA,NA,NA,NA,NA,False,False
page_04295.html,https://pro.medicin.dk/Medicin/Praeparater/4295#a102,C03CA01,NA,NA,NA,NA,NA,NA,NA,NA,NA,False,False
page_04296.html,https://pro.medicin.dk/Medicin/Praeparater/4296#a102,V03AB25,NA,NA,NA,NA,NA,NA,NA,NA,NA,False,False
page_04297.html,https://pro.medicin.dk/Medicin/Praeparater/4297#a102,L04AX04,<30 ml/min.; 30-60 ml/min.,"[0, 30]","[29, 60]",NA; NA,"['NA', 'NA']","['NA', 'NA']",forsigtighed; forsigtighed,dosisjustering; dosisjustering,"Follikulært lymfom:Ingen data.Mantlecellelymfom: 7,5 mg/dag. Dialysepatienter: 5 mg/dag. På dialysedage gives dosis efter dialysen.Myelomatose: 7,5 mg/dag.Dialysepatienter: 5 mg/dag. På dialysedage gives dosis efter dialysen.Myelodysplastisk syndrom:Startdosis. 2, 5 mg 1 gang dgl. på dag 1-21 af gentagne 28-dages cykli.Dialysepatienter: På dialysedage gives dosis efter dialysen.Dosisjustering under behandlingen ud fra de hæmatologiske bivirkninger - se produktresumé fra EMA.; Follikulært lymfom:10 mg/dag. Efter 2 cykli kan dosis evt. øges til 15 mg 1 gang dgl.GFR 30-50 ml/min:Mantlecellelymfom: 10 mg/dag. Efter 2 cykli kan dosis evt. øges til 15 mg 1 gang dgl.Myelomatose: 10 mg/dag. dag 1-21 af hver 28-dages cyklus. Efter 2 cykli kan dosis evt. øges til 15 mg 1 gang dgl.Myelodysplastisk syndrom:Startdosis. 5 mg 1 gang dgl. på dag 1 til 21 af gentagne 28-dages cykli.Dosisjustering under behandlingen ud fra de hæmatologiske bivirkninger - se produktresumé fra EMA.",True,False
page_04298.html,https://pro.medicin.dk/Medicin/Praeparater/4298#a102,C10AA01,<30 ml/min.,[0],[29],NA,NA,NA,forsigtighed,monitorering,"P-kreatinkinase bør måles før behandlingsstart pga. prædisposition for rhabdomyolyse. Ved P-kreatinkinase > 4 gange øverste normalgrænse bør behandlingen ikke startes.Under behandling:P-kreatininkinase > 10 gange øverste normalgrænse: pauser behandlingen, kontroller nyrefunktionen og monitorer P-kreatininkinase efter to uger.P-kreatininkinase < 10 gange øverste normalgrænse:ingen symptomer, fortsat behandlingen, kontroller P- kreatininkinase indenfor 2-4 uger.P-kreatininkinase < 10 gange øverste normalgrænse:hvis symptomer, pauser statin og afvent normalisering af P-kreatininkinase før genoptagelse med en lavere statin dosis.VedGFR < 30 ml/minbør der udvises forsigtighed ved doser > 10 mg dgl.Læs mere:Statiner",True,False
page_04299.html,https://pro.medicin.dk/Medicin/Praeparater/4299#a102,C09BA02,<30 ml/min.,[0],[29],NA,NA,NA,forsigtighed,monitorering,Kombinationspræparatet bør kun anvendes efter dosistitrering med enalapril og hydrochlorthiazid.Rutinemæssig monitorering af P-kalium og P-kreatinin.,True,False
page_04300.html,https://pro.medicin.dk/Medicin/Praeparater/4300#a102,C09AA04,<30 ml/min.,[0],[29],≥18 år,[18],[150],forsigtighed,dosisjustering,"Højst 2,5 mg hver anden dag.",True,False
page_04301.html,https://pro.medicin.dk/Medicin/Praeparater/4301#a102,A10BH02,<50 ml/min.,[0],[49],≥18 år,[18],[150],forsigtighed,dosisjustering,Højst 50 mg vildagliptin dgl.Forsigtighed ved hæmodialyse pga. begrænset erfaring.,True,False
page_04305.html,https://pro.medicin.dk/Medicin/Praeparater/4305#a102,N05AX08,<60 ml/min.; <60 ml/min.; <60 ml/min.; <60 ml/min.,"[0, 0, 0, 0]","[59, 59, 59, 59]",5-17 år; ≥50 KG; 17-65 år,"[5, 50, 17]","[17, 150, 65]",forsigtighed; forsigtighed; forsigtighed,dosisjustering; dosisjustering; dosisjustering,"Vedvarende aggression ifm. adfærdsforstyrrelse: Højst 0,38 mg 1 gang dgl.; Vedvarende aggression ifm. adfærdsforstyrrelse: Højst 0,75 mg 1 gang dgl.; Bipolar lidelse, maniske faser: 3 mg i døgnet; Psykoser: 8 mg i døgnet; Vedvarende aggression ved moderat til svær Alzheimers sygdom: 0,5 mg 2 gange dgl.: 0,5 mg 2 gange dgl.",True,True
page_04307.html,https://pro.medicin.dk/Medicin/Praeparater/4307#a102,N05AX08,<60 ml/min.; <60 ml/min.; <60 ml/min.; <60 ml/min.,"[0, 0, 0, 0]","[59, 59, 59, 59]",5-17 år; ≥50 KG; 17-65 år,"[5, 50, 17]","[17, 150, 65]",forsigtighed; forsigtighed; forsigtighed,dosisjustering; dosisjustering; dosisjustering,"Vedvarende aggression ifm. adfærdsforstyrrelse: Højst 0,38 mg 1 gang dgl.; Vedvarende aggression ifm. adfærdsforstyrrelse: Højst 0,75 mg 1 gang dgl.; Bipolar lidelse, maniske faser: 3 mg i døgnet; Psykoser: 8 mg i døgnet; Vedvarende aggression ved moderat til svær Alzheimers sygdom: 0,5 mg 2 gange dgl.: 0,5 mg 2 gange dgl.",True,True
page_04308.html,https://pro.medicin.dk/Medicin/Praeparater/4308#a102,N05AX08,<60 ml/min.; <60 ml/min.; <60 ml/min.; <60 ml/min.,"[0, 0, 0, 0]","[59, 59, 59, 59]",5-17 år; ≥50 KG; 17-65 år,"[5, 50, 17]","[17, 150, 65]",forsigtighed; forsigtighed; forsigtighed,dosisjustering; dosisjustering; dosisjustering,"Vedvarende aggression ifm. adfærdsforstyrrelse: Højst 0,38 mg 1 gang dgl.; Vedvarende aggression ifm. adfærdsforstyrrelse: Højst 0,75 mg 1 gang dgl.; Bipolar lidelse, maniske faser: 3 mg i døgnet; Psykoser: 8 mg i døgnet; Vedvarende aggression ved moderat til svær Alzheimers sygdom: 0,5 mg 2 gange dgl.: 0,5 mg 2 gange dgl.",True,True
page_04309.html,https://pro.medicin.dk/Medicin/Praeparater/4309#a102,N05AX08,<60 ml/min.; <60 ml/min.; <60 ml/min.; <60 ml/min.,"[0, 0, 0, 0]","[59, 59, 59, 59]",5-17 år; ≥50 KG; 17-65 år,"[5, 50, 17]","[17, 150, 65]",forsigtighed; forsigtighed; forsigtighed,dosisjustering; dosisjustering; dosisjustering,"Vedvarende aggression ifm. adfærdsforstyrrelse: Højst 0,38 mg 1 gang dgl.; Vedvarende aggression ifm. adfærdsforstyrrelse: Højst 0,75 mg 1 gang dgl.; Bipolar lidelse, maniske faser: 3 mg i døgnet; Psykoser: 8 mg i døgnet; Vedvarende aggression ved moderat til svær Alzheimers sygdom: 0,5 mg 2 gange dgl.: 0,5 mg 2 gange dgl.",True,True
page_04312.html,https://pro.medicin.dk/Medicin/Praeparater/4312#a102,L01CX01,<60 ml/min.,[0],[59],NA,NA,NA,forsigtighed,erfaring savnes,Dosisjustering er ikke nødvendig ved let til moderat nedsat nyrefunktion.Kontraindiceret som monoterapi ved GFR < 30 ml/min og som kombinationsterapi ved GFR < 60 ml/min. Der findes ingen data.,True,False
page_04313.html,https://pro.medicin.dk/Medicin/Praeparater/4313#a102,J01DC02,<20 ml/min.,[0],[19],Nedsat nyrefunktionDosis i.v. (voksne)GFR 10-20 ml/min.750 mg i.v. 2 gange dgl.GFR < 10 ml/min.750 mg i.v. 1 gang dgl.Hæmodialyse750 mg i.v./i.m. efter hver dialysePeritonealdialyse250 mg pr. 2 liter dialysevæskeCAVH eller high-flux-hæmofiltration*750 mg 2 gange dgl.* Ved low-flux hæmofiltration følges dosering svarende til GFR ovenfor.,,,forsigtighed,dosisjustering,GFR 10-20 ml/min.: 750 mg i.v. 2 gange dgl.; GFR < 10 ml/min.: 750 mg i.v. 1 gang dgl.; Hæmodialyse: 750 mg i.v./i.m. efter hver dialyse; Peritonealdialyse: 250 mg pr. 2 liter dialysevæske; CAVH eller high-flux-hæmofiltration*: 750 mg 2 gange dgl.; * Ved low-flux hæmofiltration følges dosering svarende til GFR ovenfor.: * Ved low-flux hæmofiltration følges dosering svarende til GFR ovenfor.,True,True
page_04315.html,https://pro.medicin.dk/Medicin/Praeparater/4315#a102,M01AE01,<30 ml/min.; 30-60 ml/min.,"[0, 30]","[29, 60]",NA; NA,"['NA', 'NA']","['NA', 'NA']",kontraindiceret; forsigtighed,øget bivirkningsrisiko; monitorering,Prostaglandiner har betydning for opretholdelse af normal nyregennemblødning. NSAID's hæmning af prostaglandinsyntesen kan derfor forårsage nedsat nyregennemblødning og dermed forværret nyrefunktion.; Prostaglandiner har betydning for opretholdelse af normal nyregennemblødning. NSAID's hæmning af prostaglandinsyntesen kan derfor forårsage nedsat nyregennemblødning og dermed forværret nyrefunktion. Tæt monitorering af nyrefunktionen tilrådes.,True,False
page_04318.html,https://pro.medicin.dk/Medicin/Praeparater/4318#a102,"V01AA02, V04CL",<60 ml/min.,[0],[59],NA,NA,NA,forsigtighed,hjælpestoffer,"Da Alutard SQ indeholder aluminium, er der en teoretisk mulighed for ophobning af aluminium i højrisikopatienter, fx patienter med nyreinsufficiens.",True,False
page_04322.html,https://pro.medicin.dk/Medicin/Praeparater/4322#a102,N05AX08,<60 ml/min.; <60 ml/min.; <60 ml/min.; <60 ml/min.,"[0, 0, 0, 0]","[59, 59, 59, 59]",5-17 år; ≥50 KG; 17-65 år,"[5, 50, 17]","[17, 150, 65]",forsigtighed; forsigtighed; forsigtighed,dosisjustering; dosisjustering; dosisjustering,"Vedvarende aggression ifm. adfærdsforstyrrelse: Højst 0,38 mg 1 gang dgl.; Vedvarende aggression ifm. adfærdsforstyrrelse: Højst 0,75 mg 1 gang dgl.; Bipolar lidelse, maniske faser: 3 mg i døgnet; Psykoser: 8 mg i døgnet; Vedvarende aggression ved moderat til svær Alzheimers sygdom: 0,5 mg 2 gange dgl.: 0,5 mg 2 gange dgl.",True,True
page_04323.html,https://pro.medicin.dk/Medicin/Praeparater/4323#a102,J01MA02,<30 ml/min.; <30 ml/min.; 30-60 ml/min.,"[0, 0, 30]","[29, 29, 60]",2-17 år; ≥17 år; ≥17 år,"[2, 17, 17]","[17, 150, 150]",forsigtighed; forsigtighed; forsigtighed,dosisjustering; dosisjustering; dosisjustering,Højst 15 mg pr. kg legemsvægt 1 gang i døgnet.; Højst 400 mg i.v. 1 gang i døgnet.; Højst 400 mg i.v. 2 gange i døgnet.,True,False
page_04324.html,https://pro.medicin.dk/Medicin/Praeparater/4324#a102,H01CB02,NA,NA,NA,NA,NA,NA,NA,NA,NA,False,False
page_04326.html,https://pro.medicin.dk/Medicin/Praeparater/4326#a102,R06AX26,<60 ml/min.,[0],[59],NA,NA,NA,forsigtighed,erfaring savnes,Forsigtighed pga. manglende erfaring.,True,False
page_04328.html,https://pro.medicin.dk/Medicin/Praeparater/4328#a102,L04AJ01,NA,NA,NA,NA,NA,NA,NA,NA,NA,False,False
page_04331.html,https://pro.medicin.dk/Medicin/Praeparater/4331#a102,C09XA02,<60 ml/min.,[0],[59],NA,NA,NA,forsigtighed,betinget,Samtidig behandling med ACE-hæmmere eller angiotensin-II-antagonister er kontraindiceret pga. risiko for hyperkaliæmi.,True,False
page_04333.html,https://pro.medicin.dk/Medicin/Praeparater/4333#a102,"V01AA11, V04CL",<60 ml/min.,[0],[59],NA,NA,NA,forsigtighed,hjælpestoffer,"Da Alutard SQ indeholder aluminium, er der en teoretisk mulighed for ophobning af aluminium i højrisikopatienter, fx patienter med nyreinsufficiens.",True,False
page_04337.html,https://pro.medicin.dk/Medicin/Praeparater/4337#a102,N06AB04,<30 ml/min.,[0],[29],NA,NA,NA,forsigtighed,erfaring savnes,Forsigtighed ved GFR < 30 ml/min pga. manglende erfaring.,True,False
page_04343.html,https://pro.medicin.dk/Medicin/Praeparater/4343#a102,V03AB15,NA,NA,NA,NA,NA,NA,NA,NA,NA,False,False
page_04344.html,https://pro.medicin.dk/Medicin/Praeparater/4344#a102,J05AJ01,NA,NA,NA,NA,NA,NA,NA,NA,NA,False,False
page_04345.html,https://pro.medicin.dk/Medicin/Praeparater/4345#a102,N01AB08,<60 ml/min.,[0],[59],NA,NA,NA,forsigtighed,monitorering,Nyrefunktionen bør monitoreres postoperativt.,True,False
page_04346.html,https://pro.medicin.dk/Medicin/Praeparater/4346#a102,S01ED01,NA,NA,NA,NA,NA,NA,NA,NA,NA,False,False
page_04347.html,https://pro.medicin.dk/Medicin/Praeparater/4347#a102,N06AX11,<40 ml/min.,[0],[39],NA,NA,NA,forsigtighed,dosisjustering,"Lav initialdosis (7,5-15 mg) og langsom optitrering.Tæt monitorering anbefales pga. fald i clearance på 30 % ved GFR < 40 ml/min og på 50 % ved GFR < 10 ml/min.",True,False
page_04351.html,https://pro.medicin.dk/Medicin/Praeparater/4351#a102,G03AA12,<30 ml/min.,[0],[29],NA,NA,NA,kontraindiceret,NA,Højere serumkoncentration af drospirenon er set ved nedsat nyrefunktion.,True,False
page_04354.html,https://pro.medicin.dk/Medicin/Praeparater/4354#a102,N03AX09,NA,NA,NA,NA,NA,NA,NA,NA,"Kronisk nyresvigt påvirker ikke plasmakoncentrationen af lamotrigin, men der kan forventes akkumulering af glucuronidmetabolitten. Ved patienter med nyresvigt i slutstadiet skal initialdosis baseres på de lægemidler, som patienten tager samtidigt, og lavere vedligeholdelsesdoser kan være effektive.",True,False
page_04360.html,https://pro.medicin.dk/Medicin/Praeparater/4360#a102,N05AX08,<60 ml/min.; <60 ml/min.; <60 ml/min.; <60 ml/min.,"[0, 0, 0, 0]","[59, 59, 59, 59]",5-17 år; ≥50 KG; 17-65 år,"[5, 50, 17]","[17, 150, 65]",forsigtighed; forsigtighed; forsigtighed,dosisjustering; dosisjustering; dosisjustering,"Vedvarende aggression ifm. adfærdsforstyrrelse: Højst 0,38 mg 1 gang dgl.; Vedvarende aggression ifm. adfærdsforstyrrelse: Højst 0,75 mg 1 gang dgl.; Bipolar lidelse, maniske faser: 3 mg i døgnet; Psykoser: 8 mg i døgnet; Vedvarende aggression ved moderat til svær Alzheimers sygdom: 0,5 mg 2 gange dgl.: 0,5 mg 2 gange dgl.",True,True
page_04361.html,https://pro.medicin.dk/Medicin/Praeparater/4361#a102,A03AX13,NA,NA,NA,NA,NA,NA,NA,NA,NA,False,False
page_04363.html,https://pro.medicin.dk/Medicin/Praeparater/4363#a102,M01AB05,30-60 ml/min.; <30 ml/min.,"[30, 0]","[60, 29]",NA; NA,"['NA', 'NA']","['NA', 'NA']",forsigtighed; kontraindiceret,monitorering; øget bivirkningsrisiko,Prostaglandiner har betydning for opretholdelse af normal nyregennemblødning. NSAID's hæmning af prostaglandinsyntesen kan derfor forårsage nedsat nyregennemblødning og dermed forværret nyrefunktion. Tæt monitorering af nyrefunktionen tilrådes.; Prostaglandiner har betydning for opretholdelse af normal nyregennemblødning. NSAID's hæmning af prostaglandinsyntesen kan derfor forårsage nedsat nyregennemblødning og dermed forværret nyrefunktion.,True,False
page_04368.html,https://pro.medicin.dk/Medicin/Praeparater/4368#a102,V03AN05,NA,NA,NA,NA,NA,NA,NA,NA,NA,False,False
page_04369.html,https://pro.medicin.dk/Medicin/Praeparater/4369#a102,L01EA03,NA,NA,NA,NA,NA,NA,NA,NA,NA,False,False
page_04370.html,https://pro.medicin.dk/Medicin/Praeparater/4370#a102,V03AN01,NA,NA,NA,NA,NA,NA,NA,NA,NA,False,False
page_04373.html,https://pro.medicin.dk/Medicin/Praeparater/4373#a102,N01AX13,NA,NA,NA,NA,NA,NA,NA,NA,NA,False,False
page_04375.html,https://pro.medicin.dk/Medicin/Praeparater/4375#a102,V04CL,NA,NA,NA,NA,NA,NA,NA,NA,NA,False,False
page_04377.html,https://pro.medicin.dk/Medicin/Praeparater/4377#a102,"V01AA07, V04CL",<60 ml/min.,[0],[59],NA,NA,NA,forsigtighed,hjælpestoffer,"Da Alutard SQ indeholder aluminium, er der en teoretisk mulighed for ophobning af aluminium i højrisikopatienter, fx patienter med nyreinsufficiens.",True,False
page_04379.html,https://pro.medicin.dk/Medicin/Praeparater/4379#a102,"V01AA05, V04CL",<60 ml/min.,[0],[59],NA,NA,NA,forsigtighed,hjælpestoffer,"Da Alutard SQ indeholder aluminium, er der en teoretisk mulighed for ophobning af aluminium i højrisikopatienter, fx patienter med nyreinsufficiens.",True,False
page_04381.html,https://pro.medicin.dk/Medicin/Praeparater/4381#a102,"V01AA03, V04CL",<60 ml/min.,[0],[59],NA,NA,NA,forsigtighed,hjælpestoffer,"Da Alutard SQ indeholder aluminium, er der en teoretisk mulighed for ophobning af aluminium i højrisikopatienter, fx patienter med nyreinsufficiens.",True,False
page_04383.html,https://pro.medicin.dk/Medicin/Praeparater/4383#a102,"V01AA03, V04CL",NA,NA,NA,NA,NA,NA,NA,NA,NA,False,False
page_04387.html,https://pro.medicin.dk/Medicin/Praeparater/4387#a102,"V01AA11, V04CL",<60 ml/min.,[0],[59],NA,NA,NA,forsigtighed,hjælpestoffer,"Da Alutard SQ indeholder aluminium, er der en teoretisk mulighed for ophobning af aluminium i højrisikopatienter, fx patienter med nyreinsufficiens.",True,False
page_04389.html,https://pro.medicin.dk/Medicin/Praeparater/4389#a102,"V01AA07, V04CL",<60 ml/min.,[0],[59],NA,NA,NA,forsigtighed,hjælpestoffer,"Da Alutard SQ indeholder aluminium, er der en teoretisk mulighed for ophobning af aluminium i højrisikopatienter, fx patienter med nyreinsufficiens.",True,False
page_04390.html,https://pro.medicin.dk/Medicin/Praeparater/4390#a102,H01AC03,<60 ml/min.,[0],[59],NA,NA,NA,forsigtighed,hjælpestoffer,Injektionsvæsken indeholder benzylalkohol der skal bruges med forsigtighed ved nedsat nyre- og leverfunktion. Læs mereher.,True,False
page_04391.html,https://pro.medicin.dk/Medicin/Praeparater/4391#a102,R01AD12,NA,NA,NA,NA,NA,NA,NA,NA,NA,False,False
page_04396.html,https://pro.medicin.dk/Medicin/Praeparater/4396#a102,L01FE02,NA,NA,NA,NA,NA,NA,NA,NA,NA,False,False
page_04400.html,https://pro.medicin.dk/Medicin/Praeparater/4400#a102,J01MA02,<30 ml/min.; <30 ml/min.; 30-60 ml/min.,"[0, 0, 30]","[29, 29, 60]",2-17 år; ≥17 år; ≥17 år,"[2, 17, 17]","[17, 150, 150]",forsigtighed; forsigtighed; forsigtighed,dosisjustering; dosisjustering; dosisjustering,Højst 20 mg pr. kg legemsvægt 1 gang i døgnet.; Højst 500 mg 1 gang i døgnet.; Højst 500 mg 2 gange i døgnet.,True,False
page_04404.html,https://pro.medicin.dk/Medicin/Praeparater/4404#a102,N06AX11,<40 ml/min.,[0],[39],NA,NA,NA,forsigtighed,dosisjustering,"Lav initialdosis (7,5-15 mg) og langsom optitrering.Tæt monitorering anbefales pga. fald i clearance på 30 % ved GFR < 40 ml/min og på 50 % ved GFR < 10 ml/min.",True,False
page_04408.html,https://pro.medicin.dk/Medicin/Praeparater/4408#a102,A10BD08,<30 ml/min.; 30-45 ml/min.,"[0, 30]","[29, 45]",NA; ≥18 år,"['NA', 18]","['NA', 150]",kontraindiceret; forsigtighed,NA; dosisjustering,"Kontraindiceret pga. metformin.Mulige alternativer, se Type 2-diabetes.; Højst 1 tablet (50 mg vildagliptin og op til 1.000 mg metformin) 1 gang dgl.For enkeltstofferne gælder:Metformin:GFR 30-45 ml/min:Højst 1 g dgl.GFR < 30 ml/min: Kontraindiceret.Vildagliptin:GFR 0-50 ml/min:Højst 50 mg dgl.",True,False
page_04409.html,https://pro.medicin.dk/Medicin/Praeparater/4409#a102,M05BA04,<35 ml/min.,[0],[34],NA,NA,NA,kontraindiceret,erfaring savnes,"Erfaring savnes ved GFR < 35 ml/min, og anvendelse kan ikke anbefales.",True,False
page_04416.html,https://pro.medicin.dk/Medicin/Praeparater/4416#a102,N06BA04,<60 ml/min.,[0],[59],NA,NA,NA,forsigtighed,erfaring savnes,Der er ingen erfaring med brug af methylphenidat til patienter med nedsat nyrefunktion.,True,False
page_04419.html,https://pro.medicin.dk/Medicin/Praeparater/4419#a102,G02CB03,NA,NA,NA,NA,NA,NA,NA,NA,NA,False,False
page_04420.html,https://pro.medicin.dk/Medicin/Praeparater/4420#a102,R03AL02,NA,NA,NA,NA,NA,NA,NA,NA,NA,False,False
page_04421.html,https://pro.medicin.dk/Medicin/Praeparater/4421#a102,N07BB04,<10 ml/min.; 10-60 ml/min.,"[0, 10]","[9, 60]",NA; NA,"['NA', 'NA']","['NA', 'NA']",kontraindiceret; forsigtighed,øget bivirkningsrisiko; monitorering,Kontraindiceret pga. øget risiko for ophobning af den aktive metabolit 6-β-naltrexol.; Risiko for ophobning af den aktive metabolit 6-β-naltrexol. Hyppig monitorering anbefales.,True,False
page_04423.html,https://pro.medicin.dk/Medicin/Praeparater/4423#a102,B01AE07,<30 ml/min.; 30-50 ml/min.; 30-50 ml/min.,"[0, 30, 30]","[29, 50, 50]",NA; 18-75 år,"['NA', 18]","['NA', 75]",kontraindiceret; forsigtighed,øget bivirkningsrisiko; dosisjustering,Kontraindiceret pga. øget eksponering (AUC ca. 6 gange højere) og øget halveringstid (ca. 2 gange længere) end ved normal nyrefunktion.; Forebyggelse af tromboemboli ved knæ- og hoftealloplastik: 150 mg 1 gang dgl.; Behandling og forebyggelse af DVT og LEForebyggelse af emboli ved atrieflimren: Individuel afvejning af tromboembolisk risiko og risiko for blødning:Højst 150 mg x 2 eller 110 mg x 2 dgl.: Individuel afvejning af tromboembolisk risiko og risiko for blødning:Højst 150 mg x 2 eller 110 mg x 2 dgl.,True,True
page_04426.html,https://pro.medicin.dk/Medicin/Praeparater/4426#a102,G04BD11,<30 ml/min.,[0],[29],≥18 år,[18],[150],forsigtighed,dosisjustering,Højst 4 mg 1 gang dgl. Samtidig brug af potente CYP3A4-hæmmere er kontraindiceret.,True,False
page_04427.html,https://pro.medicin.dk/Medicin/Praeparater/4427#a102,R02AX03,NA,NA,NA,NA,NA,NA,NA,NA,NA,False,False
page_04430.html,https://pro.medicin.dk/Medicin/Praeparater/4430#a102,C09AA10,<30 ml/min.,[0],[29],≥17 år,[17],[150],forsigtighed,dosisjustering,"Initialdosis 0,5 mg dgl. Højst 1 mg dgl. Rutinemæssig monitorering af P-kalium og P-kreatinin.Ved opstart accepteres et fald i eGFR på op til 30 %.",True,False
page_04437.html,https://pro.medicin.dk/Medicin/Praeparater/4437#a102,A10BB09,30-60 ml/min.; <30 ml/min.,"[30, 0]","[60, 29]",NA; NA,"['NA', 'NA']","['NA', 'NA']",forsigtighed; kontraindiceret,øget bivirkningsrisiko; øget bivirkningsrisiko,"Halvering af dosis. Startdosis er 30 mg dgl. Optitrér langsomt for at undgå hypoglykæmi.; Kontraindiceret pga. stor risiko for hypoglykæmi. Alternativer, seβ-cellestimulerende midler.",True,False
page_04439.html,https://pro.medicin.dk/Medicin/Praeparater/4439#a102,R05CB01,NA,NA,NA,NA,NA,NA,NA,NA,NA,False,False
page_04442.html,https://pro.medicin.dk/Medicin/Praeparater/4442#a102,D10AD53,NA,NA,NA,NA,NA,NA,NA,NA,NA,False,False
page_04444.html,https://pro.medicin.dk/Medicin/Praeparater/4444#a102,L01EH01,<30 ml/min.,[0],[29],NA,NA,NA,forsigtighed,erfaring savnes,"Dosisjustering er ikke nødvendig ved let til moderat nedsat nyrefunktion. Erfaring savnes ved GFR < 30 ml/min. Der findes ingen data, og forsigtighed tilrådes.",True,False
page_04445.html,https://pro.medicin.dk/Medicin/Praeparater/4445#a102,A02BC03,NA,NA,NA,NA,NA,NA,NA,NA,NA,False,False
page_04446.html,https://pro.medicin.dk/Medicin/Praeparater/4446#a102,C08CA01,NA,NA,NA,NA,NA,NA,NA,NA,NA,False,False
page_04456.html,https://pro.medicin.dk/Medicin/Praeparater/4456#a102,M03BX02,<25 ml/min.,[0],[24],≥18 år,[18],[150],forsigtighed,dosisjustering,"Initialdosis 2 mg dgl. Langsom optitrering til virksom dosis. Det tilrådes at øge daglig dosis langsomt, inden hyppigheden af administration øges.",True,False
page_04457.html,https://pro.medicin.dk/Medicin/Praeparater/4457#a102,A10BB09,30-60 ml/min.; <30 ml/min.,"[30, 0]","[60, 29]",NA; NA,"['NA', 'NA']","['NA', 'NA']",forsigtighed; kontraindiceret,øget bivirkningsrisiko; øget bivirkningsrisiko,"Halvering af dosis. Startdosis er 30 mg dgl. Optitrér langsomt for at undgå hypoglykæmi.; Kontraindiceret pga. stor risiko for hypoglykæmi. Alternativer, seβ-cellestimulerende midler.",True,False
page_04458.html,https://pro.medicin.dk/Medicin/Praeparater/4458#a102,A06AH01,<30 ml/min.,[0],[29],"Patienter med fremskreden sygdom i palliativ behandlingLegemsvægtDosis s.c. hver 2. dagVoksne> 114 kg0,075 mg/kg legemsvægt s.c.62-114 kg8 mg s.c.38-61 kg4 mg s.c.< 38 kg0,075 mg/kg legemsvægt s.c.Patienter med kroniske smerter, undtagen ved fremskreden sygdom i palliativ behandlingVoksne8 mg s.c. efter behov:mindst 4 gange ugentlighøjst 1 gang dgl. svarende til højst 7 gange ugentlig.",,,forsigtighed,dosisjustering,"> 114 kg: 0,075 mg/kg legemsvægt s.c.; 62-114 kg: 8 mg s.c.; 38-61 kg: 4 mg s.c.; < 38 kg: 0,075 mg/kg legemsvægt s.c.: 0,075 mg/kg legemsvægt s.c.",True,True
page_04461.html,https://pro.medicin.dk/Medicin/Praeparater/4461#a102,A10BD07,<30 ml/min.; 30-45 ml/min.,"[0, 30]","[29, 45]",NA; ≥18 år,"['NA', 18]","['NA', 150]",kontraindiceret; forsigtighed,NA; dosisjustering,"Kontraindiceret pga. metformin.Mulige alternativer, se Type 2-diabetes.; Højst 1 tablet (50 mg sitagliptin og op til 1.000 mg metformin) 1 gang dgl.For enkeltstofferne gælder:MetforminGFR 30-45 ml/min: Højst 1 g dgl.GFR < 30 ml/min: Kontraindiceret.SitagliptinGFR 30-45 ml/min: Højst 50 mg 1 gang dgl.GFR < 30 ml/min: Højst 25 mg 1 gang dgl.",True,False
page_04463.html,https://pro.medicin.dk/Medicin/Praeparater/4463#a102,L04AX02,NA,NA,NA,NA,NA,NA,NA,NA,NA,False,False
page_04466.html,https://pro.medicin.dk/Medicin/Praeparater/4466#a102,C02KX02,<30 ml/min.,[0],[29],NA,NA,NA,forsigtighed,erfaring savnes,Erfaring savnes. Særlig forsigtighed ved dosisøgning til 10 mg dgl.,True,False
page_04467.html,https://pro.medicin.dk/Medicin/Praeparater/4467#a102,N03AX09,NA,NA,NA,NA,NA,NA,NA,NA,"Kronisk nyresvigt påvirker ikke plasmakoncentrationen af lamotrigin, men der kan forventes akkumulering af glucuronidmetabolitten. Ved patienter med nyresvigt i slutstadiet skal initialdosis baseres på de lægemidler, som patienten tager samtidigt, og lavere vedligeholdelsesdoser kan være effektive.",True,False
page_04468.html,https://pro.medicin.dk/Medicin/Praeparater/4468#a102,S01EE05,NA,NA,NA,NA,NA,NA,NA,NA,NA,False,False
page_04469.html,https://pro.medicin.dk/Medicin/Praeparater/4469#a102,N06AB06,NA,NA,NA,NA,NA,NA,NA,NA,NA,False,False
page_04476.html,https://pro.medicin.dk/Medicin/Praeparater/4476#a102,M01AC06,30-60 ml/min.; <30 ml/min.,"[30, 0]","[60, 29]",NA; NA,"['NA', 'NA']","['NA', 'NA']",forsigtighed; kontraindiceret,monitorering; øget bivirkningsrisiko,"Prostaglandiner har betydning for opretholdelse af normal nyregennemblødning. NSAID's hæmning af prostaglandinsyntesen kan derfor forårsage nedsat nyregennemblødning og dermed forværret nyrefunktion. Tæt monitorering af nyrefunktionen tilrådes, dette kunne være i form af kontrol af urin for protein, blodtryk og evt. kreatinin-clearance.; Prostaglandiner har betydning for opretholdelse af normal nyregennemblødning. NSAID's hæmning af prostaglandinsyntesen kan derfor forårsage nedsat nyregennemblødning og dermed forværret nyrefunktion.",True,False
page_04480.html,https://pro.medicin.dk/Medicin/Praeparater/4480#a102,S01BC10,NA,NA,NA,NA,NA,NA,NA,NA,NA,False,False
page_04485.html,https://pro.medicin.dk/Medicin/Praeparater/4485#a102,A09AA02,NA,NA,NA,NA,NA,NA,NA,NA,NA,False,False
page_04513.html,https://pro.medicin.dk/Medicin/Praeparater/4513#a102,D07AC13,NA,NA,NA,NA,NA,NA,NA,NA,NA,False,False
page_04514.html,https://pro.medicin.dk/Medicin/Praeparater/4514#a102,J01XC01,NA,NA,NA,NA,NA,NA,NA,NA,NA,False,False
page_04519.html,https://pro.medicin.dk/Medicin/Praeparater/4519#a102,V03AE04,NA,NA,NA,NA,NA,NA,NA,NA,NA,False,False
page_04521.html,https://pro.medicin.dk/Medicin/Praeparater/4521#a102,R03AK08,NA,NA,NA,NA,NA,NA,NA,NA,NA,False,False
page_04522.html,https://pro.medicin.dk/Medicin/Praeparater/4522#a102,D11AH04,<30 ml/min.; 30-60 ml/min.,"[0, 30]","[29, 60]",NA; NA,"['NA', 'NA']","['NA', 'NA']",kontraindiceret; forsigtighed,erfaring savnes; ingen eller begrænset erfaring,Erfaring savnes.; Erfaring savnes pga. utilstrækkelige data.,True,False
page_04527.html,https://pro.medicin.dk/Medicin/Praeparater/4527#a102,N03AX09,NA,NA,NA,NA,NA,NA,NA,NA,"Kronisk nyresvigt påvirker ikke plasmakoncentrationen af lamotrigin, men der kan forventes akkumulering af glucuronidmetabolitten. Ved patienter med nyresvigt i slutstadiet skal initialdosis baseres på de lægemidler, som patienten tager samtidigt, og lavere vedligeholdelsesdoser kan være effektive.",True,False
page_04529.html,https://pro.medicin.dk/Medicin/Praeparater/4529#a102,N02AX02,<10 ml/min.; 10-20 ml/min.,"[0, 10]","[9, 20]",≥12 år; ≥12 år,"[12, 12]","[150, 150]",forsigtighed; forsigtighed,dosisjustering; dosisjustering,Højst 50 mg 2 gange dgl.; Højst 100 mg 2 gange dgl.,True,False
page_04530.html,https://pro.medicin.dk/Medicin/Praeparater/4530#a102,G03FB05,NA,NA,NA,NA,NA,NA,NA,NA,NA,False,False
page_04534.html,https://pro.medicin.dk/Medicin/Praeparater/4534#a102,J01FF01,NA,NA,NA,NA,NA,NA,NA,NA,NA,False,False
page_04539.html,https://pro.medicin.dk/Medicin/Praeparater/4539#a102,N01BB02,NA,NA,NA,NA,NA,NA,NA,NA,NA,False,False
page_04556.html,https://pro.medicin.dk/Medicin/Praeparater/4556#a102,R03AL01,NA,NA,NA,NA,NA,NA,NA,NA,NA,False,False
page_04564.html,https://pro.medicin.dk/Medicin/Praeparater/4564#a102,J05AG04,NA,NA,NA,NA,NA,NA,NA,NA,NA,False,False
page_04567.html,https://pro.medicin.dk/Medicin/Praeparater/4567#a102,R03BA02,NA,NA,NA,NA,NA,NA,NA,NA,NA,False,False
page_04568.html,https://pro.medicin.dk/Medicin/Praeparater/4568#a102,B01AF01,15-30 ml/min.; <15 ml/min.,"[15, 0]","[30, 14]",NA; NA,"['NA', 'NA']","['NA', 'NA']",forsigtighed; kontraindiceret,ingen eller begrænset erfaring; erfaring savnes,Ved GFR 15-30 ml/min. stiger plasmakoncentrationen af rivaroxaban signifikant. Bør derfor anvendes med forsigtighed.Børn:Bør ikke anvendes pga. maglende data.; Bør ikke anvendes.,True,False
page_04571.html,https://pro.medicin.dk/Medicin/Praeparater/4571#a102,D05AX52,NA,NA,NA,NA,NA,NA,NA,NA,NA,False,False
page_04574.html,https://pro.medicin.dk/Medicin/Praeparater/4574#a102,C07AB03,<15 ml/min.; 15-30 ml/min.,"[0, 15]","[14, 30]",≥17 år; ≥17 år,"[17, 17]","[150, 150]",forsigtighed; forsigtighed,dosisjustering; dosisjustering,Højst 25-50 mg hver 2. dag. Efter hver dialyse 50 mg.; Højst 25-50 mg dgl.,True,False
page_04579.html,https://pro.medicin.dk/Medicin/Praeparater/4579#a102,M05BA04,<35 ml/min.,[0],[34],NA,NA,NA,kontraindiceret,erfaring savnes,"Erfaring savnes ved GFR < 35 ml/min, og anvendelse kan ikke anbefales.",True,False
page_04582.html,https://pro.medicin.dk/Medicin/Praeparater/4582#a102,B03AC,NA,NA,NA,NA,NA,NA,NA,NA,NA,False,False
page_04583.html,https://pro.medicin.dk/Medicin/Praeparater/4583#a102,G04BD09,<30 ml/min.,[0],[29],≥18 år,[18],[150],forsigtighed,dosisjustering,Højst 20 mg 1 gang dgl. eller 20 mg hver 2. dag.,True,False
page_04587.html,https://pro.medicin.dk/Medicin/Praeparater/4587#a102,H01BB03,<60 ml/min.,[0],[59],NA,NA,NA,kontraindiceret,NA,Kontraindiceret ved stærkt nedsat nyrefunktion pga. den antidiuretiske effekt.,True,False
page_04590.html,https://pro.medicin.dk/Medicin/Praeparater/4590#a102,J01CA08,NA,NA,NA,NA,NA,NA,NA,NA,NA,False,False
page_04599.html,https://pro.medicin.dk/Medicin/Praeparater/4599#a102,B05AA06,<60 ml/min.,[0],[59],NA,NA,NA,forsigtighed,monitorering,Forsigtighed ved nedsat nyrefunktion. Væske- og elektrolytbalance skal kontrolleres jævnligt. Kontraindiceret ved akut oligurisk nyresvigt.,True,False
page_04601.html,https://pro.medicin.dk/Medicin/Praeparater/4601#a102,N06AX16,30-60 ml/min.; <30 ml/min.,"[30, 0]","[60, 29]",NA; ≥18 år,"['NA', 18]","['NA', 150]",forsigtighed; forsigtighed,monitorering; dosisjustering,"Dosisjustering er ikke nødvendig, men forsigtighed tilrådes. Anvend lavest mulige dosis og overvåg patienten omhyggeligt, hvis en dosisøgning er nødvendig.; Angst, panikangst og socialfobi: Højst 113 mg dgl.; Depression, forebyggelse af depression: Højst 188 mg dgl.: Højst 188 mg dgl.",True,True
page_04602.html,https://pro.medicin.dk/Medicin/Praeparater/4602#a102,B05BB01,<60 ml/min.,[0],[59],NA,NA,NA,forsigtighed,monitorering,"Monitorering af væske-, elektrolyt- og syre-base-status.",True,False
page_04608.html,https://pro.medicin.dk/Medicin/Praeparater/4608#a102,N01AH01,<60 ml/min.,[0],[59],NA,NA,NA,forsigtighed,dosisjustering,Forsigtig dosistitrering og længere postoperativ observation.,True,False
page_04611.html,https://pro.medicin.dk/Medicin/Praeparater/4611#a102,J01XD01,<15 ml/min.,[0],[14],NA,NA,NA,forsigtighed,monitorering,Der bør monitoreres for tegn på toksicitet som følge af potentiel akkumulering af toksiske metronidazolmetabolitter.,True,False
page_04612.html,https://pro.medicin.dk/Medicin/Praeparater/4612#a102,J01CR02,<10 ml/min.,[0],[9],NA,NA,NA,forsigtighed,dosisjustering,"Højst 500 mg/125 mg 3 gange dgl.Ved behandling i kortere tid, op til 1 uge, er der ikke behov for dosisreduktion.",True,False
page_04623.html,https://pro.medicin.dk/Medicin/Praeparater/4623#a102,N04BC04,<30 ml/min.,[0],[29],NA,NA,NA,kontraindiceret,erfaring savnes,"Erfaring savnes.Mulige alternativer, se Dopaminagonister.",True,False
page_04632.html,https://pro.medicin.dk/Medicin/Praeparater/4632#a102,V03AB33,NA,NA,NA,NA,NA,NA,NA,NA,NA,False,False
page_04635.html,https://pro.medicin.dk/Medicin/Praeparater/4635#a102,B06AC02,NA,NA,NA,NA,NA,NA,NA,NA,NA,False,False
page_04640.html,https://pro.medicin.dk/Medicin/Praeparater/4640#a102,R03BB01,NA,NA,NA,NA,NA,NA,NA,NA,NA,False,False
page_04641.html,https://pro.medicin.dk/Medicin/Praeparater/4641#a102,J01CR05,<20 ml/min.; 20-40 ml/min.; 40-50 ml/min.,"[0, 20, 40]","[19, 40, 50]",NA; NA; NA,"['NA', 'NA', 'NA']","['NA', 'NA', 'NA']",forsigtighed; forsigtighed; forsigtighed,dosisjustering; dosisjustering; dosisjustering,"Voksne og børn > 12 år:Maksimalt 4 g/0,5 g i.v. hver 12. time.Børn 2 - 12 år:70 mg/8,75 mg pr. kg legemsvægt i.v. hver 8. time.HæmodialyseVoksne og børn > 12 år:Maksimalt 4 g/0,5 g i.v. hver 12. time samt 2 g/0,25 g i.v. efter hver dialyse.Børn 2 - 12 år:70 mg/8,75 mg pr. kg legemsvægt i.v. hver 8. time samt 40 mg/5 mg pr. kg legemsvægt i.v. efter hver dialyse.; Voksne og børn > 12 år:Maksimalt 4 g/0,5 g i.v. hver 8. time.Børn 2 - 12 år:70 mg/8,75 mg pr. kg legemsvægt i.v. hver 8. time.; Voksne og børn > 12 år:Ingen dosisjustering.Børn 2 - 12 år:70 mg/8,75 mg pr. kg legemsvægt i.v. hver 8. time.",True,False
page_04642.html,https://pro.medicin.dk/Medicin/Praeparater/4642#a102,A06AD65,NA,NA,NA,NA,NA,NA,NA,NA,NA,False,False
page_04651.html,https://pro.medicin.dk/Medicin/Praeparater/4651#a102,N03AX18,<30 ml/min.; <30 ml/min.; <30 ml/min.; <30 ml/min.,"[0, 0, 0, 0]","[29, 29, 29, 29]",2-17 år; 40-50 KG; ≥50 KG; ≥17 år,"[2, 40, 50, 17]","[17, 50, 150, 150]",forsigtighed; forsigtighed; forsigtighed; forsigtighed,dosisjustering; dosisjustering; dosisjustering; dosisjustering,"Højst 9 mg lacosamid pr. kg legemsvægt dgl.; Højst 7,5 mg lacosamid pr. kg legemsvægt dgl.; Højst 250 mg lacosamid dgl.; Højst 250 mg lacosamid dgl.Hvis en støddosis er påkrævet, bør der anvendes en initialdosis på 100 mg efterfulgt af 50 mg 2 gange dgl. i den første uge.",True,False
page_04654.html,https://pro.medicin.dk/Medicin/Praeparater/4654#a102,R02AX01,<30 ml/min.,[0],[29],NA,NA,NA,kontraindiceret,øget bivirkningsrisiko,Prostaglandiner har betydning for opretholdelse af normal nyregennemblødning. NSAID's hæmning af prostaglandinsyntesen kan derfor forårsage nedsat nyregennemblødning og dermed forværret nyrefunktion.,True,False
page_04656.html,https://pro.medicin.dk/Medicin/Praeparater/4656#a102,S01ED51,NA,NA,NA,NA,NA,NA,NA,NA,NA,False,False
page_04660.html,https://pro.medicin.dk/Medicin/Praeparater/4660#a102,D01AE15,NA,NA,NA,NA,NA,NA,NA,NA,NA,False,False
page_04664.html,https://pro.medicin.dk/Medicin/Praeparater/4664#a102,N02AA55,<60 ml/min.,[0],[59],NA,NA,NA,forsigtighed,NA,"Forsigtig dosistitrering, anvend evt. lavere dosis.",True,False
page_04665.html,https://pro.medicin.dk/Medicin/Praeparater/4665#a102,N02CC01,NA,NA,NA,NA,NA,NA,NA,NA,NA,False,False
page_04666.html,https://pro.medicin.dk/Medicin/Praeparater/4666#a102,J02AX05,NA,NA,NA,NA,NA,NA,NA,NA,NA,False,False
page_04670.html,https://pro.medicin.dk/Medicin/Praeparater/4670#a102,L04AC05,NA,NA,NA,NA,NA,NA,NA,NA,NA,False,False
page_04671.html,https://pro.medicin.dk/Medicin/Praeparater/4671#a102,L04AC07,NA,NA,NA,NA,NA,NA,NA,NA,NA,False,False
page_04676.html,https://pro.medicin.dk/Medicin/Praeparater/4676#a102,A07EC02,<30 ml/min.,[0],[29],NA,NA,NA,kontraindiceret,øget bivirkningsrisiko,Risiko for mesalazininduceret nyreskade.,True,False
page_04679.html,https://pro.medicin.dk/Medicin/Praeparater/4679#a102,G04CA01,<30 ml/min.,[0],[29],≥16 år,[16],[150],forsigtighed,dosisjustering,"Initialt 2,5 mg 2 gange dgl. som tilpasses efter klinisk respons. Højst 10 mg dgl.",True,False
page_04681.html,https://pro.medicin.dk/Medicin/Praeparater/4681#a102,L01BC07,NA,NA,NA,NA,NA,NA,NA,NA,NA,False,False
page_04682.html,https://pro.medicin.dk/Medicin/Praeparater/4682#a102,J01MA02,<30 ml/min.; <30 ml/min.; 30-60 ml/min.,"[0, 0, 30]","[29, 29, 60]",2-17 år; ≥17 år; ≥17 år,"[2, 17, 17]","[17, 150, 150]",forsigtighed; forsigtighed; forsigtighed,dosisjustering; dosisjustering; dosisjustering,Højst 20 mg pr. kg legemsvægt 1 gang i døgnet.; Højst 500 mg 1 gang i døgnet.; Højst 500 mg 2 gange i døgnet.,True,False
page_04687.html,https://pro.medicin.dk/Medicin/Praeparater/4687#a102,J02AC01,<30 ml/min.; <30 ml/min.,"[0, 0]","[29, 29]",2-12 år,[2],[12],forsigtighed,dosisjustering,"Trøske, oral candidiasis: 1, 5 mg pr. kg legemsvægt 1 gang dgl.; Forebyggelse og behandling af candidiasis: 3 mg pr. kg legemsvægt 1 gang dgl.; Systemisk candidiasisKryptokokmeningitis: 6 mg pr. kg legemsvægt 1 gang dgl.: 6 mg pr. kg legemsvægt 1 gang dgl.",True,True
page_04689.html,https://pro.medicin.dk/Medicin/Praeparater/4689#a102,L02BB03,NA,NA,NA,NA,NA,NA,NA,NA,NA,False,False
page_04696.html,https://pro.medicin.dk/Medicin/Praeparater/4696#a102,C01DX16,NA,NA,NA,NA,NA,NA,NA,NA,NA,False,False
page_04698.html,https://pro.medicin.dk/Medicin/Praeparater/4698#a102,L04AX03,<20 ml/min.; 20-50 ml/min.; 20-50 ml/min.,"[0, 20, 20]","[19, 50, 50]",NA; 3-17 år; ≥17 år,"['NA', 3, 17]","['NA', 17, 150]",kontraindiceret; forsigtighed; forsigtighed,øget bivirkningsrisiko; dosisjustering; dosisjustering,"Elimination af methotrexat er nedsat, da det hovedsageligt udskilles gennem nyrerne.; Juvenil reumatoid artritis: Dosis nedsættes til 50 % af normaldosis. Højst 10 mg pr. m2legemsoverflade1 gang om ugen.; Morbus Crohn: 12,5 mg1 gang om ugen.; Psoriasis, psoriasisartritis, reumatoid artritis: 15 mg1 gang om ugen.: 15 mg1 gang om ugen.",True,True
page_04701.html,https://pro.medicin.dk/Medicin/Praeparater/4701#a102,B01AC22,NA,NA,NA,NA,NA,NA,NA,NA,NA,False,False
page_04702.html,https://pro.medicin.dk/Medicin/Praeparater/4702#a102,A02BC02,NA,NA,NA,NA,NA,NA,NA,NA,NA,False,False
page_04703.html,https://pro.medicin.dk/Medicin/Praeparater/4703#a102,H01BA02,<50 ml/min.,[0],[49],NA,NA,NA,kontraindiceret,NA,AUC og halveringstiden øges med øget sværhedsgrad af nedsat nyrefunktion.,True,False
page_04705.html,https://pro.medicin.dk/Medicin/Praeparater/4705#a102,B05BA10,<60 ml/min.,[0],[59],NA,NA,NA,forsigtighed,monitorering,"Dosistilpasning under hensyn til patientbehov og sværhedsgrad af nyreinsufficiens.Tæt monitorering af væske-, elektrolyt- og syre-base-status.Kontraindiceret ved alvorlig nyreinsufficiens uden samtidig renal substitutionsbehandling (fx hæmodialyse, hæmofiltrering).",True,False
page_04706.html,https://pro.medicin.dk/Medicin/Praeparater/4706#a102,B02BX04,NA,NA,NA,NA,NA,NA,NA,NA,NA,False,False
page_04709.html,https://pro.medicin.dk/Medicin/Praeparater/4709#a102,N03AX17,<60 ml/min.,[0],[59],NA,NA,NA,forsigtighed,NA,Bør ikke anvendes.,True,False
page_04710.html,https://pro.medicin.dk/Medicin/Praeparater/4710#a102,L04AX03,<20 ml/min.; 20-50 ml/min.; 20-50 ml/min.,"[0, 20, 20]","[19, 50, 50]",NA; 3-17 år,"['NA', 3]","['NA', 17]",kontraindiceret; forsigtighed,øget bivirkningsrisiko; dosisjustering,"Elimination af methotrexat er nedsat, da det hovedsageligt udskilles gennem nyrerne.; Juvenil reumatoid artritis: 10 mg pr. m2legemsoverflade1 gang om ugen; Akut lymfatisk leukæmi: 20 mg pr. m2legemsoverflade1 gang om ugen: 20 mg pr. m2legemsoverflade1 gang om ugen",True,True
page_04712.html,https://pro.medicin.dk/Medicin/Praeparater/4712#a102,A02BC02,NA,NA,NA,NA,NA,NA,NA,NA,NA,False,False
page_04714.html,https://pro.medicin.dk/Medicin/Praeparater/4714#a102,L02BX02,<30 ml/min.,[0],[29],NA,NA,NA,forsigtighed,erfaring savnes,"Dosisjustering er ikke nødvendig ved let til moderat nedsat nyrefunktion. Erfaring savnes ved GFR < 30 ml/min. Der findes ingen data, og forsigtighed tilrådes.",True,False
page_04715.html,https://pro.medicin.dk/Medicin/Praeparater/4715#a102,A02BC02,NA,NA,NA,NA,NA,NA,NA,NA,NA,False,False
page_04720.html,https://pro.medicin.dk/Medicin/Praeparater/4720#a102,B02BD01,NA,NA,NA,NA,NA,NA,NA,NA,NA,False,False
page_04726.html,https://pro.medicin.dk/Medicin/Praeparater/4726#a102,B05BB01,<60 ml/min.,[0],[59],NA,NA,NA,forsigtighed,monitorering,"Monitorering af væske-, elektrolyt- og syre-base-status.Risiko for hyperkaliæmi.",True,False
page_04727.html,https://pro.medicin.dk/Medicin/Praeparater/4727#a102,A02BC05,NA,NA,NA,NA,NA,NA,NA,NA,NA,False,False
page_04728.html,https://pro.medicin.dk/Medicin/Praeparater/4728#a102,G03GA04,NA,NA,NA,NA,NA,NA,NA,NA,NA,False,False
page_04730.html,https://pro.medicin.dk/Medicin/Praeparater/4730#a102,J07BA02,NA,NA,NA,NA,NA,NA,NA,NA,NA,False,False
page_04733.html,https://pro.medicin.dk/Medicin/Praeparater/4733#a102,N06AX22,<60 ml/min.,[0],[59],NA,NA,NA,forsigtighed,ingen eller begrænset erfaring,Forsigtighed tilrådes ved moderat til stærkt nedsat nyrefunktion.,True,False
page_04736.html,https://pro.medicin.dk/Medicin/Praeparater/4736#a102,S01EA05,NA,NA,NA,NA,NA,NA,NA,NA,NA,False,False
page_04737.html,https://pro.medicin.dk/Medicin/Praeparater/4737#a102,L01XD04,NA,NA,NA,NA,NA,NA,NA,NA,NA,False,False
page_04738.html,https://pro.medicin.dk/Medicin/Praeparater/4738#a102,A16AX07,NA,NA,NA,NA,NA,NA,NA,NA,NA,False,False
page_04741.html,https://pro.medicin.dk/Medicin/Praeparater/4741#a102,A07BA01,NA,NA,NA,NA,NA,NA,NA,NA,NA,False,False
page_04744.html,https://pro.medicin.dk/Medicin/Praeparater/4744#a102,N05AH03,NA,NA,NA,NA,NA,NA,NA,NA,NA,False,False
page_04745.html,https://pro.medicin.dk/Medicin/Praeparater/4745#a102,V03AE02,NA,NA,NA,NA,NA,NA,NA,NA,NA,False,False
page_04746.html,https://pro.medicin.dk/Medicin/Praeparater/4746#a102,R03AC02,NA,NA,NA,NA,NA,NA,NA,NA,NA,False,False
page_04747.html,https://pro.medicin.dk/Medicin/Praeparater/4747#a102,J06BA02,NA,NA,NA,NA,NA,NA,NA,NA,NA,False,False
page_04750.html,https://pro.medicin.dk/Medicin/Praeparater/4750#a102,N06AB10,<30 ml/min.,[0],[29],NA,NA,NA,forsigtighed,erfaring savnes,Forsigtighed ved GFR < 30 ml/min. pga. manglende erfaring.,True,False
page_04752.html,https://pro.medicin.dk/Medicin/Praeparater/4752#a102,A10BJ02,NA,NA,NA,NA,NA,NA,NA,NA,NA,False,False
page_04756.html,https://pro.medicin.dk/Medicin/Praeparater/4756#a102,A02BC02,NA,NA,NA,NA,NA,NA,NA,NA,NA,False,False
page_04757.html,https://pro.medicin.dk/Medicin/Praeparater/4757#a102,M03AX01,NA,NA,NA,NA,NA,NA,NA,NA,NA,False,False
page_04758.html,https://pro.medicin.dk/Medicin/Praeparater/4758#a102,J01GB03,<90 ml/min.,[0],[89],NA,NA,NA,forsigtighed,dosisjustering,"Behandling foregår oftest i højst 3 dage, og det er ikke nødvendigt at monitorere P-gentamicin de første 3 dage.1. dosis (uafhængig af nyrefunktion):Voksne. 5 mg/kg legemsvægt.2. og 3. dosis:GFR ≥ 60 ml/min.Højst 3 doser (samme dosis som 1. dosis):2. dosis gives tidligst 16 timer efter 1. dosis (kl. 8, 14 eller 20)3. dosis gives døgnet efter 2. dosis (samme klokkeslæt som 2. dosis).GFR 45-60 ml/min.Højst 2 doser (samme dosis som 1. dosis):2. dosis gives tidligst 36-48 timer efter 1. dosis.GFR < 45 ml/min. Højst 1 dosis (kun 1. dosis).Bemærk:Forovervægtige(BMI > 25) udregnes en korrigeret legemsvægt (ABW) ud fra højde i cm og vægt i kg, se Doseringsforslag i præparatbeskrivelsen.GFR benyttes her som estimat for kreatininclearance. Der er dog en række fejlkilder knyttet til brugen af GFR - bl.a. hastige/akutte ændringer i patientens nyrefunktion, kropsstørrelse, som afviger meget fra det normale, og afvigende muskelmasse (fx bodybuildere, patienter med lammelser og amputerede patienter).",True,False
page_04761.html,https://pro.medicin.dk/Medicin/Praeparater/4761#a102,G03AB08,NA,NA,NA,NA,NA,NA,NA,NA,NA,False,False
page_04762.html,https://pro.medicin.dk/Medicin/Praeparater/4762#a102,B01AC04,NA,NA,NA,NA,NA,NA,NA,NA,NA,False,False
page_04765.html,https://pro.medicin.dk/Medicin/Praeparater/4765#a102,N06AX11,<40 ml/min.,[0],[39],NA,NA,NA,forsigtighed,dosisjustering,"Lav initialdosis (7,5-15 mg) og langsom optitrering.Tæt monitorering anbefales pga. fald i clearance på 30 % ved GFR < 40 ml/min og på 50 % ved GFR < 10 ml/min.",True,False
page_04768.html,https://pro.medicin.dk/Medicin/Praeparater/4768#a102,M05BA04,<35 ml/min.,[0],[34],NA,NA,NA,kontraindiceret,erfaring savnes,"Erfaring savnes ved GFR < 35 ml/min, og anvendelse kan ikke anbefales.",True,False
page_04769.html,https://pro.medicin.dk/Medicin/Praeparater/4769#a102,A10BA02,<30 ml/min.; 30-45 ml/min.,"[0, 30]","[29, 45]",NA; ≥10 år,"['NA', 10]","['NA', 150]",kontraindiceret; forsigtighed,NA; dosisjustering,"Mulige alternativer, se Type 2-diabetes; Højst 500 mg metformin 2 gange dgl.",True,False
page_04770.html,https://pro.medicin.dk/Medicin/Praeparater/4770#a102,L03AX16,<50 ml/min.,[0],[49],NA,NA,NA,forsigtighed,dosisjustering,"Voksne.Dosis nedsættes til 0,16 mg/kg legemsvægt/døgn, dog højst 27 mg/døgn.Erfaring savnes ved GFR < 20 ml/min.",True,False
page_04779.html,https://pro.medicin.dk/Medicin/Praeparater/4779#a102,N03AF04,<60 ml/min.; <60 ml/min.; <60 ml/min.,"[0, 0, 0]","[59, 59, 59]",6-17 år; ≥60 KG; ≥17 år,"[6, 60, 17]","[17, 150, 150]",forsigtighed; forsigtighed; forsigtighed,dosisjustering; dosisjustering; dosisjustering,Højst 15 mg/kg legemsvægt (højst 600 mg) dgl.Initialdosis 10 mg/kg legemsvægt hver 2. dag i 2 uger.Herefter 10 mg/kg legemsvægt dgl. evt. højere afhængig af respons.; Højst 800 mg dgl.Initialdosis 400 mg hver 2. dag i 2 uger.Herefter 400 mg dgl. evt. højere afhængig af respons.; Højst 800 mg dgl.Initialdosis 200 mg 1 gang dgl.eller400 mg hver 2. dag i 2 uger.Herefter 400 mg dgl. evt. højere afhængig af respons.,True,False
page_04780.html,https://pro.medicin.dk/Medicin/Praeparater/4780#a102,B06AC01,NA,NA,NA,NA,NA,NA,NA,NA,NA,False,False
page_04782.html,https://pro.medicin.dk/Medicin/Praeparater/4782#a102,B05BA02,<30 ml/min.,[0],[29],NA,NA,NA,forsigtighed,betinget,"Kontraindiceret ved alvorlig nyreinsufficiens uden samtidig renal substitutionsbehandling (fx hæmodialyse, hæmofiltrering).Ved mistanke om nedsat fedtelimination, bør plasma-triglycerid indledningsvis kontrolleres 1-2 gange om ugen.",True,False
page_04784.html,https://pro.medicin.dk/Medicin/Praeparater/4784#a102,M01AE01,<30 ml/min.; 30-60 ml/min.,"[0, 30]","[29, 60]",NA; NA,"['NA', 'NA']","['NA', 'NA']",kontraindiceret; forsigtighed,øget bivirkningsrisiko; monitorering,Prostaglandiner har betydning for opretholdelse af normal nyregennemblødning. NSAID's hæmning af prostaglandinsyntesen kan derfor forårsage nedsat nyregennemblødning og dermed forværret nyrefunktion.; Prostaglandiner har betydning for opretholdelse af normal nyregennemblødning. NSAID's hæmning af prostaglandinsyntesen kan derfor forårsage nedsat nyregennemblødning og dermed forværret nyrefunktion. Tæt monitorering af nyrefunktionen tilrådes.,True,False
page_04785.html,https://pro.medicin.dk/Medicin/Praeparater/4785#a102,N05AD08,<60 ml/min.,[0],[59],≥17 år,[17],[150],forsigtighed,dosisjustering,"Højst 0,625 mg i.v. hver 6. time.",True,False
page_04789.html,https://pro.medicin.dk/Medicin/Praeparater/4789#a102,C03XA01,<60 ml/min.,[0],[59],NA,NA,NA,forsigtighed,monitorering,Væske- og elektrolytbalance skal kontrolleres jævnligt.Erfaring savnes ved GFR < 30 ml/min.,True,False
page_04796.html,https://pro.medicin.dk/Medicin/Praeparater/4796#a102,N06AB05,<30 ml/min.,[0],[29],≥18 år,[18],[150],forsigtighed,dosisjustering,Højst 40 mg dgl.Øgede plasmakoncentrationer af paroxetin ses ved svært nedsat nyrefunktion. Der anbefales dosering i den lave del af dosisområdet.,True,False
page_04797.html,https://pro.medicin.dk/Medicin/Praeparater/4797#a102,L01EG02,NA,NA,NA,NA,NA,NA,NA,NA,NA,False,False
page_04800.html,https://pro.medicin.dk/Medicin/Praeparater/4800#a102,B01AC04,NA,NA,NA,NA,NA,NA,NA,NA,NA,False,False
page_04802.html,https://pro.medicin.dk/Medicin/Praeparater/4802#a102,C07AB02,NA,NA,NA,NA,NA,NA,NA,NA,NA,False,False
page_04805.html,https://pro.medicin.dk/Medicin/Praeparater/4805#a102,A10BH03,<10 ml/min.; 10-45 ml/min.,"[0, 10]","[9, 45]",NA; ≥18 år,"['NA', 18]","['NA', 150]",kontraindiceret; forsigtighed,NA; dosisjustering,"Bør ikke anvendes ved nyresygdom i slutstadiet eller ved hæmodialyse.; Højst 2,5 mg saxagliptin dgl.",True,False
page_04810.html,https://pro.medicin.dk/Medicin/Praeparater/4810#a102,N02BE01,NA,NA,NA,NA,NA,NA,NA,NA,"Oral administration, Det anbefales at:, ved GFR 10-50 ml/min: dosis hver 6. time, ved GFR < 10 ml/min: dosis hver 8. time",True,False
page_04811.html,https://pro.medicin.dk/Medicin/Praeparater/4811#a102,L04AB05,NA,NA,NA,NA,NA,NA,NA,NA,NA,False,False
page_04812.html,https://pro.medicin.dk/Medicin/Praeparater/4812#a102,C07AB07,<15 ml/min.,[0],[14],≥17 år,[17],[150],forsigtighed,dosisjustering,Højst 10 mg dgl.,True,False
page_04814.html,https://pro.medicin.dk/Medicin/Praeparater/4814#a102,R06AE09,10-30 ml/min.; 10-50 ml/min.; 30-50 ml/min.,"[10, 10, 30]","[30, 50, 50]",≥6 år; 2-6 år; ≥6 år,"[6, 2, 6]","[150, 6, 150]",forsigtighed; forsigtighed; forsigtighed,dosisjustering; dosisjustering; dosisjustering,"Højst 5 mg hver 3. dag.; Højst 1,25 mg i døgnet.; Højst 5 mg hver 2. dag.",True,False
page_04815.html,https://pro.medicin.dk/Medicin/Praeparater/4815#a102,L04AB06,NA,NA,NA,NA,NA,NA,NA,NA,NA,False,False
page_04817.html,https://pro.medicin.dk/Medicin/Praeparater/4817#a102,A11HA08,<60 ml/min.,[0],[59],NA,NA,NA,forsigtighed,monitorering,Hyppig kontrol af nyrefunktion og P-osmolaritet.,True,False
page_04818.html,https://pro.medicin.dk/Medicin/Praeparater/4818#a102,G03FA01,NA,NA,NA,NA,NA,NA,NA,NA,NA,False,False
page_04819.html,https://pro.medicin.dk/Medicin/Praeparater/4819#a102,C08CA09,NA,NA,NA,NA,NA,NA,NA,NA,NA,False,False
page_04820.html,https://pro.medicin.dk/Medicin/Praeparater/4820#a102,C10AC01,NA,NA,NA,NA,NA,NA,NA,NA,NA,False,False
page_04821.html,https://pro.medicin.dk/Medicin/Praeparater/4821#a102,N03AX11,<20 ml/min.; <20 ml/min.,"[0, 0]","[19, 19]",2-17 år,[2],[17],forsigtighed,dosisjustering,Epilepsi: 15 mg pr. kg legemsvægt dgl.; Forebyggelse af migræne: Anvendes ikke til børn pga.manglende erfaring: Anvendes ikke til børn pga.manglende erfaring,True,True
page_04822.html,https://pro.medicin.dk/Medicin/Praeparater/4822#a102,G03AD02,NA,NA,NA,NA,NA,NA,NA,NA,NA,False,False
page_04824.html,https://pro.medicin.dk/Medicin/Praeparater/4824#a102,N04BA02,NA,NA,NA,NA,NA,NA,NA,NA,NA,False,False
page_04828.html,https://pro.medicin.dk/Medicin/Praeparater/4828#a102,R01AD05,NA,NA,NA,NA,NA,NA,NA,NA,NA,False,False
page_04829.html,https://pro.medicin.dk/Medicin/Praeparater/4829#a102,A10BB12,<30 ml/min.; 30-60 ml/min.,"[0, 30]","[29, 60]",NA; NA,"['NA', 'NA']","['NA', 'NA']",kontraindiceret; forsigtighed,øget bivirkningsrisiko; NA,"Kontraindiceret pga. stor risiko for hypoglykæmi. Alternativer, seβ-cellestimulerende midler.; Startdosis er 1 mg dgl.Optitrér langsomt for at undgå hypoglykæmi.",True,False
page_04830.html,https://pro.medicin.dk/Medicin/Praeparater/4830#a102,L04AX03,<20 ml/min.; 20-50 ml/min.; 20-50 ml/min.,"[0, 20, 20]","[19, 50, 50]",NA; 3-17 år; ≥17 år,"['NA', 3, 17]","['NA', 17, 150]",kontraindiceret; forsigtighed; forsigtighed,øget bivirkningsrisiko; dosisjustering; dosisjustering,"Elimination af methotrexat er nedsat, da det hovedsageligt udskilles gennem nyrerne.; Juvenil reumatoid artritis: Dosis nedsættes til 50 % af normaldosis. Højst 10 mg pr. m2legemsoverflade1 gang om ugen.; Morbus Crohn: 12,5 mg1 gang om ugen.; Psoriasis, psoriasisartritis, reumatoid artritis: 15 mg1 gang om ugen.: 15 mg1 gang om ugen.",True,True
page_04831.html,https://pro.medicin.dk/Medicin/Praeparater/4831#a102,L01DB03,NA,NA,NA,NA,NA,NA,NA,NA,NA,False,False
page_04832.html,https://pro.medicin.dk/Medicin/Praeparater/4832#a102,J01DD02,<50 ml/min.,[0],[49],"GFR(ml/min)Intermitterende infusionKontinuerlig infusionVoksne ogbørn > 40 kgBørn < 40 kgog > 2 mdr.Voksne ogbørn > 40 kgBørn < 40 kgog > 2 mdr.31-501 g hver 12. time25 mg/kghver 12. time2 g efterfulgt af1-3 g hver 24. time-*16-301 g hver 24. time25 mg/kghver 24. time2 g efterfulgt af1 g hver 24. time-*6-150,5 g hver 24. time12,5 mg/kghver 24. time-*-*< 50,5 g hver 48. time12,5 mg/kghver 48. time-*-*Hæmodialyse.1 g i.v. dgl. ved slutningen af hver dialyse.Peritonealdialyse.125-250 mg pr. 2 l dialysevæske.* Ikke undersøgt",,,forsigtighed,dosisjustering,"Voksne ogbørn > 40 kg: Børn < 40 kgog > 2 mdr.: Voksne ogbørn > 40 kg: Børn < 40 kgog > 2 mdr.; 31-50: 1 g hver 12. time: 25 mg/kghver 12. time: 2 g efterfulgt af1-3 g hver 24. time: -*; 16-30: 1 g hver 24. time: 25 mg/kghver 24. time: 2 g efterfulgt af1 g hver 24. time: -*; 6-15: 0,5 g hver 24. time: 12,5 mg/kghver 24. time: -*: -*; < 5: 0,5 g hver 48. time: 12,5 mg/kghver 48. time: -*: -*; Hæmodialyse.1 g i.v. dgl. ved slutningen af hver dialyse.; Peritonealdialyse.125-250 mg pr. 2 l dialysevæske.; * Ikke undersøgt: * Ikke undersøgt",True,True
page_04835.html,https://pro.medicin.dk/Medicin/Praeparater/4835#a102,N05AF05,NA,NA,NA,NA,NA,NA,NA,NA,NA,False,False
page_04838.html,https://pro.medicin.dk/Medicin/Praeparater/4838#a102,J01CR05,<20 ml/min.; 20-40 ml/min.; 40-50 ml/min.,"[0, 20, 40]","[19, 40, 50]",NA; NA; NA,"['NA', 'NA', 'NA']","['NA', 'NA', 'NA']",forsigtighed; forsigtighed; forsigtighed,dosisjustering; dosisjustering; dosisjustering,"Voksne og børn > 12 år:Maksimalt 4 g/0,5 g i.v. hver 12. time.Børn 2 - 12 år:70 mg/8,75 mg pr. kg legemsvægt i.v. hver 8. time.HæmodialyseVoksne og børn > 12 år:Maksimalt 4 g/0,5 g i.v. hver 12. time samt 2 g/0,25 g i.v. efter hver dialyse.Børn 2 - 12 år:70 mg/8,75 mg pr. kg legemsvægt i.v. hver 8. time samt 40 mg/5 mg pr. kg legemsvægt i.v. efter hver dialyse.; Voksne og børn > 12 år:Maksimalt 4 g/0,5 g i.v. hver 8. time.Børn 2 - 12 år:70 mg/8,75 mg pr. kg legemsvægt i.v. hver 8. time.; Voksne og børn > 12 år:Ingen dosisjustering.Børn 2 - 12 år:70 mg/8,75 mg pr. kg legemsvægt i.v. hver 8. time.",True,False
page_04841.html,https://pro.medicin.dk/Medicin/Praeparater/4841#a102,N05AX08,<10 ml/min.,[0],[9],≥17 år,[17],[150],forsigtighed,dosisjustering,"Højst 25 mg hver 2. uge. Kan gives, hvis oral behandling med 2 mg dgl. tolereres godt.",True,False
page_04844.html,https://pro.medicin.dk/Medicin/Praeparater/4844#a102,A10BA02,<30 ml/min.; 30-45 ml/min.,"[0, 30]","[29, 45]",NA; ≥10 år,"['NA', 10]","['NA', 150]",kontraindiceret; forsigtighed,NA; dosisjustering,"Mulige alternativer, se Type 2-diabetes; Højst 500 mg metformin 2 gange dgl.",True,False
page_04846.html,https://pro.medicin.dk/Medicin/Praeparater/4846#a102,H03AA01,NA,NA,NA,NA,NA,NA,NA,NA,NA,False,False
page_04847.html,https://pro.medicin.dk/Medicin/Praeparater/4847#a102,J05AB11,<10 ml/min.,[0],[9],≥12 år,[12],[150],forsigtighed,dosisjustering,Herpes zoster: 500 mg 1 gang dgl.; HSV-infektion: 500 mg 1 gang dgl.Immuninkompetente: 1.000 mg 1 gang dgl.Herpes labialis: 500 mg som éngangsdosis.; Profylakse mod HSV-infektion: 250 mg 1 gang dgl.Immuninkompetente: 500 mg 1 gang dgl.; Profylakse mod cytomegalovirus ved organtransplantation: 1.500 mg 1 gang dgl.: 1.500 mg 1 gang dgl.,True,True
page_04851.html,https://pro.medicin.dk/Medicin/Praeparater/4851#a102,N05AL05,<10 ml/min.; 10-30 ml/min.; 30-60 ml/min.,"[0, 10, 30]","[9, 30, 60]",≥17 år; ≥17 år; ≥17 år,"[17, 17, 17]","[150, 150, 150]",forsigtighed; forsigtighed; forsigtighed,dosisjustering; dosisjustering; dosisjustering,Lav initialdosis. Optitrer til højst 200 mg dgl. under forsigtighed.; Dosisjustering til 33 % af normaldosis. Højst 200 mg 2 gange dgl.; Dosisjustering til 50% af normaldosis. Højst 300 mg 2 gange dgl.,True,False
page_04853.html,https://pro.medicin.dk/Medicin/Praeparater/4853#a102,N03AX11,<20 ml/min.; <20 ml/min.,"[0, 0]","[19, 19]",2-17 år,[2],[17],forsigtighed,dosisjustering,Epilepsi: 15 mg pr. kg legemsvægt dgl.; Forebyggelse af migræne: Anvendes ikke til børn pga.manglende erfaring: Anvendes ikke til børn pga.manglende erfaring,True,True
page_04856.html,https://pro.medicin.dk/Medicin/Praeparater/4856#a102,L01CA05,<20 ml/min.; 20-40 ml/min.; 40-60 ml/min.,"[0, 20, 40]","[19, 40, 60]",NA; NA; NA,"['NA', 'NA', 'NA']","['NA', 'NA', 'NA']",forsigtighed; forsigtighed; forsigtighed,erfaring savnes; dosisjustering; dosisjustering,Ingen oplysninger.; Voksne.Dosis nedsættes til 250 mg/m2hver 3. uge.; Voksne.Dosis nedsættes til 280 mg/m2hver 3. uge.,True,False
page_04863.html,https://pro.medicin.dk/Medicin/Praeparater/4863#a102,M01AX05,NA,NA,NA,NA,NA,NA,NA,NA,NA,False,False
page_04871.html,https://pro.medicin.dk/Medicin/Praeparater/4871#a102,J05AB11,<10 ml/min.,[0],[9],≥12 år,[12],[150],forsigtighed,dosisjustering,Herpes zoster: 500 mg 1 gang dgl.; HSV-infektion: 500 mg 1 gang dgl.Immuninkompetente: 1.000 mg 1 gang dgl.Herpes labialis: 500 mg som éngangsdosis.; Profylakse mod HSV-infektion: 250 mg 1 gang dgl.Immuninkompetente: 500 mg 1 gang dgl.; Profylakse mod cytomegalovirus ved organtransplantation: 1.500 mg 1 gang dgl.: 1.500 mg 1 gang dgl.,True,True
page_04875.html,https://pro.medicin.dk/Medicin/Praeparater/4875#a102,N06AX16,30-60 ml/min.; <30 ml/min.,"[30, 0]","[60, 29]",NA; ≥18 år,"['NA', 18]","['NA', 150]",forsigtighed; forsigtighed,monitorering; dosisjustering,"Dosisjustering er ikke nødvendig, men forsigtighed tilrådes. Anvend lavest mulige dosis og overvåg patienten omhyggeligt, hvis en dosisøgning er nødvendig.; Angst, panikangst og socialfobi: Højst 113 mg dgl.; Depression, forebyggelse af depression: Højst 188 mg dgl.: Højst 188 mg dgl.",True,True
page_04876.html,https://pro.medicin.dk/Medicin/Praeparater/4876#a102,N06AB05,<30 ml/min.,[0],[29],≥18 år,[18],[150],forsigtighed,dosisjustering,Højst 40 mg dgl.Øgede plasmakoncentrationer af paroxetin ses ved svært nedsat nyrefunktion. Der anbefales dosering i den lave del af dosisområdet.,True,False
page_04877.html,https://pro.medicin.dk/Medicin/Praeparater/4877#a102,C01BD07,<30 ml/min.,[0],[29],NA,NA,NA,kontraindiceret,erfaring savnes,Kontraindiceret pga. manglende data.,True,False
page_04878.html,https://pro.medicin.dk/Medicin/Praeparater/4878#a102,S01AE07,NA,NA,NA,NA,NA,NA,NA,NA,NA,False,False
page_04879.html,https://pro.medicin.dk/Medicin/Praeparater/4879#a102,J07AL02,NA,NA,NA,NA,NA,NA,NA,NA,NA,False,False
page_04884.html,https://pro.medicin.dk/Medicin/Praeparater/4884#a102,L02AE03,NA,NA,NA,NA,NA,NA,NA,NA,NA,False,False
page_04887.html,https://pro.medicin.dk/Medicin/Praeparater/4887#a102,C08CA13,30-60 ml/min.; <30 ml/min.,"[30, 0]","[60, 29]",NA; NA,"['NA', 'NA']","['NA', 'NA']",forsigtighed; kontraindiceret,øget bivirkningsrisiko; øget bivirkningsrisiko,Lav initialdosis. Forsigtighed ved dosisøgning.; ,True,False
page_04888.html,https://pro.medicin.dk/Medicin/Praeparater/4888#a102,L04AC08,NA,NA,NA,NA,NA,NA,NA,NA,NA,False,False
page_04889.html,https://pro.medicin.dk/Medicin/Praeparater/4889#a102,R03AC18,NA,NA,NA,NA,NA,NA,NA,NA,NA,False,False
page_04892.html,https://pro.medicin.dk/Medicin/Praeparater/4892#a102,C09CA01,<30 ml/min.,[0],[29],NA,NA,NA,forsigtighed,monitorering,Rutinemæssig monitorering af P-kalium og P-kreatinin.,True,False
page_04893.html,https://pro.medicin.dk/Medicin/Praeparater/4893#a102,C09CA01,<30 ml/min.,[0],[29],NA,NA,NA,forsigtighed,monitorering,Rutinemæssig monitorering af P-kalium og P-kreatinin.,True,False
page_04894.html,https://pro.medicin.dk/Medicin/Praeparater/4894#a102,C09CA01,<30 ml/min.,[0],[29],NA,NA,NA,forsigtighed,monitorering,Rutinemæssig monitorering af P-kalium og P-kreatinin.,True,False
page_04895.html,https://pro.medicin.dk/Medicin/Praeparater/4895#a102,C09CA01,<30 ml/min.,[0],[29],NA,NA,NA,forsigtighed,monitorering,Rutinemæssig monitorering af P-kalium og P-kreatinin.,True,False
page_04898.html,https://pro.medicin.dk/Medicin/Praeparater/4898#a102,C09CA01,<30 ml/min.,[0],[29],NA,NA,NA,forsigtighed,monitorering,Rutinemæssig monitorering af P-kalium og P-kreatinin.,True,False
page_04904.html,https://pro.medicin.dk/Medicin/Praeparater/4904#a102,C09DA01,<30 ml/min.,[0],[29],NA,NA,NA,forsigtighed,monitorering,Rutinemæssig monitorering af P-kalium og P-kreatinin.,True,False
page_04905.html,https://pro.medicin.dk/Medicin/Praeparater/4905#a102,A02BC05,NA,NA,NA,NA,NA,NA,NA,NA,NA,False,False
page_04906.html,https://pro.medicin.dk/Medicin/Praeparater/4906#a102,C09DA01,<30 ml/min.,[0],[29],NA,NA,NA,forsigtighed,monitorering,Rutinemæssig monitorering af P-kalium og P-kreatinin.,True,False
page_04907.html,https://pro.medicin.dk/Medicin/Praeparater/4907#a102,C09DA01,<30 ml/min.,[0],[29],NA,NA,NA,forsigtighed,monitorering,Rutinemæssig monitorering af P-kalium og P-kreatinin.,True,False
page_04909.html,https://pro.medicin.dk/Medicin/Praeparater/4909#a102,C09DA01,<30 ml/min.,[0],[29],NA,NA,NA,forsigtighed,monitorering,Rutinemæssig monitorering af P-kalium og P-kreatinin.,True,False
page_04918.html,https://pro.medicin.dk/Medicin/Praeparater/4918#a102,H03BB02,NA,NA,NA,NA,NA,NA,NA,NA,NA,False,False
page_04922.html,https://pro.medicin.dk/Medicin/Praeparater/4922#a102,A04AA01,NA,NA,NA,NA,NA,NA,NA,NA,NA,False,False
page_04923.html,https://pro.medicin.dk/Medicin/Praeparater/4923#a102,N06BA07,NA,NA,NA,NA,NA,NA,NA,NA,NA,False,False
page_04924.html,https://pro.medicin.dk/Medicin/Praeparater/4924#a102,B01AC04,NA,NA,NA,NA,NA,NA,NA,NA,NA,False,False
page_04925.html,https://pro.medicin.dk/Medicin/Praeparater/4925#a102,M01AB05,30-60 ml/min.; <30 ml/min.,"[30, 0]","[60, 29]",NA; NA,"['NA', 'NA']","['NA', 'NA']",forsigtighed; kontraindiceret,monitorering; øget bivirkningsrisiko,Prostaglandiner har betydning for opretholdelse af normal nyregennemblødning. NSAID's hæmning af prostaglandinsyntesen kan derfor forårsage nedsat nyregennemblødning og dermed forværret nyrefunktion. Tæt monitorering af nyrefunktionen tilrådes.; Prostaglandiner har betydning for opretholdelse af normal nyregennemblødning. NSAID's hæmning af prostaglandinsyntesen kan derfor forårsage nedsat nyregennemblødning og dermed forværret nyrefunktion.,True,False
page_04928.html,https://pro.medicin.dk/Medicin/Praeparater/4928#a102,C07AB02,NA,NA,NA,NA,NA,NA,NA,NA,NA,False,False
page_04929.html,https://pro.medicin.dk/Medicin/Praeparater/4929#a102,L01AX03,NA,NA,NA,NA,NA,NA,NA,NA,NA,False,False
page_04930.html,https://pro.medicin.dk/Medicin/Praeparater/4930#a102,B05ZB,NA,NA,NA,NA,NA,NA,NA,NA,NA,False,False
page_04931.html,https://pro.medicin.dk/Medicin/Praeparater/4931#a102,G03GA09,<60 ml/min.,[0],[59],NA,NA,NA,forsigtighed,erfaring savnes,Udskillelsen af corifollitropin alfa kan være nedsat ved nyreinsufficiens. Bør ikke anvendes pga. manglende erfaring.,True,False
page_04932.html,https://pro.medicin.dk/Medicin/Praeparater/4932#a102,B02BX05,<60 ml/min.,[0],[59],NA,NA,NA,forsigtighed,monitorering,Tæt monitorering af nyrefunktion anbefales.,True,False
page_04934.html,https://pro.medicin.dk/Medicin/Praeparater/4934#a102,J05AB11,<10 ml/min.,[0],[9],≥12 år,[12],[150],forsigtighed,dosisjustering,Herpes zoster: 500 mg 1 gang dgl.; HSV-infektion: 500 mg 1 gang dgl.Immuninkompetente: 1.000 mg 1 gang dgl.Herpes labialis: 500 mg som éngangsdosis.; Profylakse mod HSV-infektion: 250 mg 1 gang dgl.Immuninkompetente: 500 mg 1 gang dgl.; Profylakse mod cytomegalovirus ved organtransplantation: 1.500 mg 1 gang dgl.: 1.500 mg 1 gang dgl.,True,True
page_04937.html,https://pro.medicin.dk/Medicin/Praeparater/4937#a102,N06AB05,<30 ml/min.,[0],[29],≥18 år,[18],[150],forsigtighed,dosisjustering,Højst 40 mg dgl.Øgede plasmakoncentrationer af paroxetin ses ved svært nedsat nyrefunktion. Der anbefales dosering i den lave del af dosisområdet.,True,False
page_04942.html,https://pro.medicin.dk/Medicin/Praeparater/4942#a102,C09DA01,<30 ml/min.,[0],[29],NA,NA,NA,forsigtighed,monitorering,Rutinemæssig monitorering af P-kalium og P-kreatinin.,True,False
page_04943.html,https://pro.medicin.dk/Medicin/Praeparater/4943#a102,C03BA11,<10 ml/min.,[0],[9],NA,NA,NA,kontraindiceret,NA,"Relativt kontraindiceret pga. indapamid (thiazidlignende diuretikum). Thiazider og beslægtede diuretika har kun fuld diuretisk effekt, når nyrefunktionen er normal eller kun lettere nedsat.",True,False
page_04944.html,https://pro.medicin.dk/Medicin/Praeparater/4944#a102,B01AC04,NA,NA,NA,NA,NA,NA,NA,NA,NA,False,False
page_04948.html,https://pro.medicin.dk/Medicin/Praeparater/4948#a102,B03AC,NA,NA,NA,NA,NA,NA,NA,NA,NA,False,False
page_04949.html,https://pro.medicin.dk/Medicin/Praeparater/4949#a102,A06AB58,<30 ml/min.,[0],[29],NA,NA,NA,kontraindiceret,øget bivirkningsrisiko,Kontraindiceret pga. risiko for magnesiumforgiftning.,True,False
page_04951.html,https://pro.medicin.dk/Medicin/Praeparater/4951#a102,C03BA11,<10 ml/min.,[0],[9],NA,NA,NA,kontraindiceret,NA,"Relativt kontraindiceret pga. indapamid (thiazidlignende diuretikum). Thiazider og beslægtede diuretika har kun fuld diuretisk effekt, når nyrefunktionen er normal eller kun lettere nedsat.",True,False
page_04952.html,https://pro.medicin.dk/Medicin/Praeparater/4952#a102,N05CD08,<10 ml/min.; 10-30 ml/min.,"[0, 10]","[9, 30]",NA; NA,"['NA', 'NA']","['NA', 'NA']",forsigtighed; forsigtighed,betinget; betinget,"Farmakokinetikken for ubunden midazolam efter en i.v-enkeltdosis svarer til raskes. Forlænget sederende effekt er dog set efter længerevarende infusion - sandsynligvis pga. akkumulation af den aktive metabolit alfa-hydroxymidazolamglukuronid. Ingen specifikke data for induktion af anæstesi.; Mere udtalt og langvarig sedation, evt. inklusive respirationsdepression og kardiovaskulær depression er forekommet. Midazolam bør derfor doseres omhyggeligt og titreres for den ønskede virkning.",True,False
page_04953.html,https://pro.medicin.dk/Medicin/Praeparater/4953#a102,A07EC02,<30 ml/min.,[0],[29],NA,NA,NA,kontraindiceret,øget bivirkningsrisiko,Risiko for mesalazininduceret nyreskade.,True,False
page_04968.html,https://pro.medicin.dk/Medicin/Praeparater/4968#a102,N01AX63,NA,NA,NA,NA,NA,NA,NA,NA,NA,False,False
page_04978.html,https://pro.medicin.dk/Medicin/Praeparater/4978#a102,L01EX03,NA,NA,NA,NA,NA,NA,NA,NA,NA,False,False
page_04983.html,https://pro.medicin.dk/Medicin/Praeparater/4983#a102,C07AB02,NA,NA,NA,NA,NA,NA,NA,NA,NA,False,False
page_04984.html,https://pro.medicin.dk/Medicin/Praeparater/4984#a102,C08CA13,30-60 ml/min.; <30 ml/min.,"[30, 0]","[60, 29]",NA; NA,"['NA', 'NA']","['NA', 'NA']",forsigtighed; kontraindiceret,øget bivirkningsrisiko; øget bivirkningsrisiko,Lav initialdosis. Forsigtighed ved dosisøgning.; ,True,False
page_04985.html,https://pro.medicin.dk/Medicin/Praeparater/4985#a102,M05BX04,<30 ml/min.,[0],[29],NA,NA,NA,forsigtighed,monitorering,Svær nyreinsufficiens kan i sig selv føre til en meget lav knogleomsætning.Øget risiko for hypocalcæmi. Tæt monitorering tilrådes.Erfaring savnes vedr. nyrepatienter med langvarig systemisk glukokortikoidbehandling.,True,False
page_04990.html,https://pro.medicin.dk/Medicin/Praeparater/4990#a102,A04AA01,NA,NA,NA,NA,NA,NA,NA,NA,NA,False,False
page_04991.html,https://pro.medicin.dk/Medicin/Praeparater/4991#a102,N02AB03,<60 ml/min.,[0],[59],NA,NA,NA,forsigtighed,monitorering,Lav initialdosis og forsigtig dosistitrering til respons.,True,False
page_04992.html,https://pro.medicin.dk/Medicin/Praeparater/4992#a102,C09AA03,<30 ml/min.,[0],[29],≥16 år,[16],[150],forsigtighed,dosisjustering,"Hypertension: Initialdosis 2,5-5 mg dgl. Højst 40 mg dgl. Rutinemæssig monitorering af P-kalium og P-kreatinin. Ved opstart accepteres et fald i eGFR på op til 30 %.",True,False
page_04995.html,https://pro.medicin.dk/Medicin/Praeparater/4995#a102,D07AC01,NA,NA,NA,NA,NA,NA,NA,NA,NA,False,False
page_05314.html,https://pro.medicin.dk/Medicin/Praeparater/5314#a102,C08CA01,NA,NA,NA,NA,NA,NA,NA,NA,NA,False,False
page_05646.html,https://pro.medicin.dk/Medicin/Praeparater/5646#a102,A06AB58,<30 ml/min.,[0],[29],NA,NA,NA,kontraindiceret,øget bivirkningsrisiko,Kontraindiceret pga. risiko for magnesiumforgiftning.,True,False
page_05651.html,https://pro.medicin.dk/Medicin/Praeparater/5651#a102,A02BX13,NA,NA,NA,NA,NA,NA,NA,NA,NA,False,False
page_05843.html,https://pro.medicin.dk/Medicin/Praeparater/5843#a102,R03DX07,NA,NA,NA,NA,NA,NA,NA,NA,NA,False,False
page_05933.html,https://pro.medicin.dk/Medicin/Praeparater/5933#a102,J01DF01,NA,NA,NA,NA,NA,NA,NA,NA,NA,False,False
page_05938.html,https://pro.medicin.dk/Medicin/Praeparater/5938#a102,J07AH08,NA,NA,NA,NA,NA,NA,NA,NA,NA,False,False
page_05940.html,https://pro.medicin.dk/Medicin/Praeparater/5940#a102,"B05BB01, B05XA19",<60 ml/min.,[0],[59],NA,NA,NA,forsigtighed,monitorering,"Ved nyreinsufficiens, nyresten og hypercalciuri bør behandlingen kun ske under samtidig kontrol af P-calcium og U-calcium.Forsigtighed ved anamnese med nyresten.",True,False
page_05945.html,https://pro.medicin.dk/Medicin/Praeparater/5945#a102,A06AD11,NA,NA,NA,NA,NA,NA,NA,NA,NA,False,False
page_05946.html,https://pro.medicin.dk/Medicin/Praeparater/5946#a102,L01AX03,NA,NA,NA,NA,NA,NA,NA,NA,NA,False,False
page_05948.html,https://pro.medicin.dk/Medicin/Praeparater/5948#a102,G03DA04,NA,NA,NA,NA,NA,NA,NA,NA,NA,False,False
page_05950.html,https://pro.medicin.dk/Medicin/Praeparater/5950#a102,A16AB10,NA,NA,NA,NA,NA,NA,NA,NA,NA,False,False
page_05953.html,https://pro.medicin.dk/Medicin/Praeparater/5953#a102,B05BA10,<60 ml/min.,[0],[59],NA,NA,NA,forsigtighed,monitorering,"Dosistilpasning under hensyn til patientbehov og sværhedsgrad af nyreinsufficiens.Tæt monitorering af væske-, elektrolyt- og syre-base-status.Kontraindiceret ved alvorlig nyreinsufficiens uden samtidig renal substitutionsbehandling (fx hæmodialyse, hæmofiltrering).",True,False
page_05957.html,https://pro.medicin.dk/Medicin/Praeparater/5957#a102,A10BA02,<30 ml/min.; 30-45 ml/min.,"[0, 30]","[29, 45]",NA; ≥10 år,"['NA', 10]","['NA', 150]",kontraindiceret; forsigtighed,NA; dosisjustering,"Mulige alternativer, se Type 2-diabetes; Højst 500 mg metformin 2 gange dgl.",True,False
page_05958.html,https://pro.medicin.dk/Medicin/Praeparater/5958#a102,N01BB01,<30 ml/min.,[0],[29],NA,NA,NA,forsigtighed,øget bivirkningsrisiko,Forsigtighed tilrådes ved langvarig eller gentagen administration.,True,False
page_05961.html,https://pro.medicin.dk/Medicin/Praeparater/5961#a102,N02BE01,NA,NA,NA,NA,NA,NA,NA,NA,"Oral administration, Det anbefales at:, ved GFR 10-50 ml/min: dosis hver 6. time, ved GFR < 10 ml/min: dosis hver 8. time",True,False
page_05962.html,https://pro.medicin.dk/Medicin/Praeparater/5962#a102,S01BA01,NA,NA,NA,NA,NA,NA,NA,NA,NA,False,False
page_05963.html,https://pro.medicin.dk/Medicin/Praeparater/5963#a102,L01BC05,NA,NA,NA,NA,NA,NA,NA,NA,NA,False,False
page_05964.html,https://pro.medicin.dk/Medicin/Praeparater/5964#a102,N01BX04,NA,NA,NA,NA,NA,NA,NA,NA,NA,False,False
page_05965.html,https://pro.medicin.dk/Medicin/Praeparater/5965#a102,J01FA10,<10 ml/min.; <60 ml/min.,"[0, 0]","[9, 59]",NA; NA,"['NA', 'NA']","['NA', 'NA']",forsigtighed; forsigtighed,øget bivirkningsrisiko; hjælpestoffer,"En stigning i AUC på 33% for azithromycin er set ved GFR < 10 ml/min. Forsigtighed tilrådes.; Azithromycin ""Stada"", pulver til oral suspensionindeholder benzylakhohol der skal bruges med forsigtighed ved nedsat nyre- og leverfunktion. Læs mereher.",True,False
page_05967.html,https://pro.medicin.dk/Medicin/Praeparater/5967#a102,D06BX01,NA,NA,NA,NA,NA,NA,NA,NA,NA,False,False
page_05973.html,https://pro.medicin.dk/Medicin/Praeparater/5973#a102,N01BB02,<30 ml/min.,[0],[29],NA,NA,NA,forsigtighed,øget bivirkningsrisiko,Forsigtighed tilrådes ved langvarig eller gentagen administration.,True,False
page_05976.html,https://pro.medicin.dk/Medicin/Praeparater/5976#a102,N02AX06,<30 ml/min.,[0],[29],NA,NA,NA,forsigtighed,erfaring savnes,"Bør ikke anvendes pga. manglende erfaring.Mulige alternativer, se Opioider (analgetika).",True,False
page_05977.html,https://pro.medicin.dk/Medicin/Praeparater/5977#a102,B01AA03,<30 ml/min.,[0],[29],NA,NA,NA,forsigtighed,monitorering,Tæt monitorering ved nedsat nyrefunktion pga. øget blødningsrisiko.,True,False
page_05980.html,https://pro.medicin.dk/Medicin/Praeparater/5980#a102,J01DH02,<10 ml/min.; 10-25 ml/min.; 25-50 ml/min.,"[0, 10, 25]","[9, 25, 50]",NA; NA; NA,"['NA', 'NA', 'NA']","['NA', 'NA', 'NA']",forsigtighed; forsigtighed; forsigtighed,dosisjustering; dosisjustering; dosisjustering,Halv dosis hver 24. time.; Halv dosis hver 12. time.; Normal dosis hver 12. time.,True,False
page_05981.html,https://pro.medicin.dk/Medicin/Praeparater/5981#a102,N01BB09,<30 ml/min.,[0],[29],NA,NA,NA,forsigtighed,øget bivirkningsrisiko,Forsigtighed tilrådes ved langvarig eller gentagen administration.,True,False
page_05982.html,https://pro.medicin.dk/Medicin/Praeparater/5982#a102,A04AA01,NA,NA,NA,NA,NA,NA,NA,NA,NA,False,False
page_05984.html,https://pro.medicin.dk/Medicin/Praeparater/5984#a102,L01CD01,NA,NA,NA,NA,NA,NA,NA,NA,NA,False,False
page_05985.html,https://pro.medicin.dk/Medicin/Praeparater/5985#a102,J02AC01,<30 ml/min.; <30 ml/min.,"[0, 0]","[29, 29]",2-12 år,[2],[12],forsigtighed,dosisjustering,"Trøske, oral candidiasis: 1, 5 mg pr. kg legemsvægt 1 gang dgl.; Forebyggelse og behandling af candidiasis: 3 mg pr. kg legemsvægt 1 gang dgl.; Systemisk candidiasisKryptokokmeningitis: 6 mg pr. kg legemsvægt 1 gang dgl.: 6 mg pr. kg legemsvægt 1 gang dgl.",True,True
page_05987.html,https://pro.medicin.dk/Medicin/Praeparater/5987#a102,L01CE02,NA,NA,NA,NA,NA,NA,NA,NA,NA,False,False
page_05988.html,https://pro.medicin.dk/Medicin/Praeparater/5988#a102,J01DC02,<20 ml/min.,[0],[19],Nedsat nyrefunktionDosis i.v. (voksne)GFR 10-20 ml/min.750 mg i.v. 2 gange dgl.GFR < 10 ml/min.750 mg i.v. 1 gang dgl.Hæmodialyse750 mg i.v./i.m. efter hver dialysePeritonealdialyse250 mg pr. 2 liter dialysevæskeCAVH eller high-flux-hæmofiltration*750 mg 2 gange dgl.* Ved low-flux hæmofiltration følges dosering svarende til GFR ovenfor.,,,forsigtighed,dosisjustering,GFR 10-20 ml/min.: 750 mg i.v. 2 gange dgl.; GFR < 10 ml/min.: 750 mg i.v. 1 gang dgl.; Hæmodialyse: 750 mg i.v./i.m. efter hver dialyse; Peritonealdialyse: 250 mg pr. 2 liter dialysevæske; CAVH eller high-flux-hæmofiltration*: 750 mg 2 gange dgl.; * Ved low-flux hæmofiltration følges dosering svarende til GFR ovenfor.: * Ved low-flux hæmofiltration følges dosering svarende til GFR ovenfor.,True,True
page_05991.html,https://pro.medicin.dk/Medicin/Praeparater/5991#a102,L01XA03,<30 ml/min.; 30-60 ml/min.,"[0, 30]","[29, 60]",NA; NA,"['NA', 'NA']","['NA', 'NA']",kontraindiceret; forsigtighed,øget bivirkningsrisiko; monitorering,"Kontraindiceret pga. øget risiko for toksicitet.; Tæt monitorering tilrådes, dosis skal evt. justeres.",True,False
page_05994.html,https://pro.medicin.dk/Medicin/Praeparater/5994#a102,A04AA01,NA,NA,NA,NA,NA,NA,NA,NA,NA,False,False
page_05995.html,https://pro.medicin.dk/Medicin/Praeparater/5995#a102,A04AA02,NA,NA,NA,NA,NA,NA,NA,NA,NA,False,False
page_05997.html,https://pro.medicin.dk/Medicin/Praeparater/5997#a102,B06AC04,NA,NA,NA,NA,NA,NA,NA,NA,NA,False,False
page_06001.html,https://pro.medicin.dk/Medicin/Praeparater/6001#a102,N02BF01,<15 ml/min.; 15-30 ml/min.; 30-60 ml/min.; 60-80 ml/min.,"[0, 15, 30, 60]","[14, 30, 60, 80]",≥12 år; ≥12 år; ≥12 år; ≥12 år,"[12, 12, 12, 12]","[150, 150, 150, 150]",forsigtighed; forsigtighed; forsigtighed; forsigtighed,dosisjustering; dosisjustering; dosisjustering; dosisjustering,"Højst 150-300 mg 1 gang i døgnet. Døgndoser på 150 mg gives som 300 mg hver 2. dag.Daglig dosis bør nedsættes i forhold til GFR (ved GFR < 7,5 ml/min. halvt så stor daglig dosis som ved en GFR på 15 ml/min.).; Højst 150-600 mg i døgnet, så vidt muligt fordelt på flere daglige doser.Døgndoser på 150 mg gives som 300 mg hver 2. dag.; Højst 300-900 mg i døgnet, så vidt muligt fordelt på flere daglige doser.; Højst 600-1.800 mg i døgnet fordelt på 3 daglige doser.",True,False
page_06003.html,https://pro.medicin.dk/Medicin/Praeparater/6003#a102,J01CR05,<20 ml/min.; 20-40 ml/min.; 40-50 ml/min.,"[0, 20, 40]","[19, 40, 50]",NA; NA; NA,"['NA', 'NA', 'NA']","['NA', 'NA', 'NA']",forsigtighed; forsigtighed; forsigtighed,dosisjustering; dosisjustering; dosisjustering,"Voksne og børn > 12 år:Maksimalt 4 g/0,5 g i.v. hver 12. time.Børn 2 - 12 år:70 mg/8,75 mg pr. kg legemsvægt i.v. hver 8. time.HæmodialyseVoksne og børn > 12 år:Maksimalt 4 g/0,5 g i.v. hver 12. time samt 2 g/0,25 g i.v. efter hver dialyse.Børn 2 - 12 år:70 mg/8,75 mg pr. kg legemsvægt i.v. hver 8. time samt 40 mg/5 mg pr. kg legemsvægt i.v. efter hver dialyse.; Voksne og børn > 12 år:Maksimalt 4 g/0,5 g i.v. hver 8. time.Børn 2 - 12 år:70 mg/8,75 mg pr. kg legemsvægt i.v. hver 8. time.; Voksne og børn > 12 år:Ingen dosisjustering.Børn 2 - 12 år:70 mg/8,75 mg pr. kg legemsvægt i.v. hver 8. time.",True,False
page_06004.html,https://pro.medicin.dk/Medicin/Praeparater/6004#a102,J05AB11,<10 ml/min.,[0],[9],≥12 år,[12],[150],forsigtighed,dosisjustering,Herpes zoster: 500 mg 1 gang dgl.; HSV-infektion: 500 mg 1 gang dgl.Immuninkompetente: 1.000 mg 1 gang dgl.Herpes labialis: 500 mg som éngangsdosis.; Profylakse mod HSV-infektion: 250 mg 1 gang dgl.Immuninkompetente: 500 mg 1 gang dgl.; Profylakse mod cytomegalovirus ved organtransplantation: 1.500 mg 1 gang dgl.: 1.500 mg 1 gang dgl.,True,True
page_06005.html,https://pro.medicin.dk/Medicin/Praeparater/6005#a102,N04BC05,<20 ml/min.,[0],[19],≥18 år,[18],[150],forsigtighed,dosisjustering,"Parkinsons sygdom: Initialdosis 0,09 mg dgl. Højst 1,1 mg dgl.; Restless legs: Højst 0,54 mg dgl.: Højst 0,54 mg dgl.",True,True
page_06006.html,https://pro.medicin.dk/Medicin/Praeparater/6006#a102,N04BC05,<20 ml/min.,[0],[19],≥18 år,[18],[150],forsigtighed,dosisjustering,"Parkinsons sygdom: Initialdosis 0,09 mg dgl. Højst 1,1 mg dgl.; Restless legs: Højst 0,54 mg dgl.: Højst 0,54 mg dgl.",True,True
page_06008.html,https://pro.medicin.dk/Medicin/Praeparater/6008#a102,N04BC05,<20 ml/min.,[0],[19],≥18 år,[18],[150],forsigtighed,dosisjustering,"Parkinsons sygdom: Initialdosis 0,09 mg dgl. Højst 1,1 mg dgl.; Restless legs: Højst 0,54 mg dgl.: Højst 0,54 mg dgl.",True,True
page_06012.html,https://pro.medicin.dk/Medicin/Praeparater/6012#a102,B05BB02,<60 ml/min.,[0],[59],NA,NA,NA,forsigtighed,monitorering,Monitorering af P-kalium pga. risiko for hyperkaliæmi.,True,False
page_06017.html,https://pro.medicin.dk/Medicin/Praeparater/6017#a102,B01AC24,NA,NA,NA,NA,NA,NA,NA,NA,NA,False,False
page_06133.html,https://pro.medicin.dk/Medicin/Praeparater/6133#a102,L04AA06,NA,NA,NA,NA,NA,NA,NA,NA,NA,False,False
page_06208.html,https://pro.medicin.dk/Medicin/Praeparater/6208#a102,L04AD02,<60 ml/min.,[0],[59],NA,NA,NA,forsigtighed,monitorering,"Tacrolimus kan medføre nedsat nyrefunktion efter transplantation. Tæt monitorering pga. risiko for, at akut nyreinsufficiens uden aktiv indgriben kan udvikle sig til kronisk nyreinsufficiens. Det kan evt. være nødvendigt med nedsat dosis. Se også Interaktioner.",True,False
page_06212.html,https://pro.medicin.dk/Medicin/Praeparater/6212#a102,L04AK01,<60 ml/min.,[0],[59],NA,NA,NA,kontraindiceret,erfaring savnes,Dosisjustering er ikke nødvendig ved let nedsat nyrefunktion. Kontraindiceret ved GFR < 60 ml/min. Der findes ingen data.,True,False
page_06213.html,https://pro.medicin.dk/Medicin/Praeparater/6213#a102,J01AA02,NA,NA,NA,NA,NA,NA,NA,NA,NA,False,False
page_06214.html,https://pro.medicin.dk/Medicin/Praeparater/6214#a102,C09AA05,<30 ml/min.,[0],[29],≥16 år,[16],[150],forsigtighed,dosisjustering,"Initialdosis 1,25 mg dgl. Højst 5 mg dgl. Rutinemæssig monitorering af P-kalium og P-kreatinin.Ved opstart accepteres et fald i eGFR på op til 30 %.",True,False
page_06216.html,https://pro.medicin.dk/Medicin/Praeparater/6216#a102,N01BB02,<30 ml/min.,[0],[29],NA,NA,NA,forsigtighed,øget bivirkningsrisiko,Forsigtighed ved øget risiko for systemisk optagelse.,True,False
page_06218.html,https://pro.medicin.dk/Medicin/Praeparater/6218#a102,N01BB58,<30 ml/min.,[0],[29],NA,NA,NA,forsigtighed,øget bivirkningsrisiko,Forsigtighed tilrådes ved langvarig eller gentagen administration.,True,False
page_06219.html,https://pro.medicin.dk/Medicin/Praeparater/6219#a102,H01BA02,<50 ml/min.,[0],[49],NA,NA,NA,kontraindiceret,NA,AUC og halveringstiden øges med øget sværhedsgrad af nedsat nyrefunktion.,True,False
page_06222.html,https://pro.medicin.dk/Medicin/Praeparater/6222#a102,C08CA01,NA,NA,NA,NA,NA,NA,NA,NA,NA,False,False
page_06236.html,https://pro.medicin.dk/Medicin/Praeparater/6236#a102,R06AX26,<60 ml/min.,[0],[59],NA,NA,NA,forsigtighed,erfaring savnes,Forsigtighed pga. manglende erfaring.,True,False
page_06238.html,https://pro.medicin.dk/Medicin/Praeparater/6238#a102,L02BG03,<30 ml/min.,[0],[29],NA,NA,NA,forsigtighed,erfaring savnes,"Dosisjustering er ikke nødvendig ved let til moderat nedsat nyrefunktion. Erfaring savnes ved GFR < 30 ml/min. Der findes ingen data, og forsigtighed tilrådes.",True,False
page_06240.html,https://pro.medicin.dk/Medicin/Praeparater/6240#a102,A07AA11,NA,NA,NA,NA,NA,NA,NA,NA,NA,False,False
page_06243.html,https://pro.medicin.dk/Medicin/Praeparater/6243#a102,"D11AX16, L01XX79",NA,NA,NA,NA,NA,NA,NA,NA,NA,False,False
page_06246.html,https://pro.medicin.dk/Medicin/Praeparater/6246#a102,N02AB03,<50 ml/min.,[0],[49],NA,NA,NA,forsigtighed,dosisjustering,Lav initialdosis og forsigtig dosistitrering.,True,False
page_06271.html,https://pro.medicin.dk/Medicin/Praeparater/6271#a102,N02AB03,<50 ml/min.,[0],[49],NA,NA,NA,forsigtighed,dosisjustering,Lav initialdosis og forsigtig dosistitrering.,True,False
page_06275.html,https://pro.medicin.dk/Medicin/Praeparater/6275#a102,R05DA04,<10 ml/min.; 10-30 ml/min.,"[0, 10]","[9, 30]",≥12 år; ≥12 år,"[12, 12]","[150, 150]",forsigtighed; forsigtighed,dosisjustering; dosisjustering,Dosisjustering til 50% af normaldosis. Højst 125 mg dgl.; Dosisreduktion til 75% af normaldosis. Højst 200 mg dgl.,True,False
page_06276.html,https://pro.medicin.dk/Medicin/Praeparater/6276#a102,N05AF05,NA,NA,NA,NA,NA,NA,NA,NA,NA,False,False
page_06277.html,https://pro.medicin.dk/Medicin/Praeparater/6277#a102,H02AB01,<60 ml/min.,[0],[59],NA,NA,NA,forsigtighed,NA,"Systemisk anvendelse:Glukokortikoider kan medføre hypernatriæmi, hypokaliæmi, væskeretention og forhøjelse af blodtrykket.BenzylalkoholIndeholder benzylalkohol der skal bruges med forsigtighed ved nedsat nyre- og leverfunktion. Læs mereher.",True,False
page_06279.html,https://pro.medicin.dk/Medicin/Praeparater/6279#a102,L01AC01,NA,NA,NA,NA,NA,NA,NA,NA,NA,False,False
page_06388.html,https://pro.medicin.dk/Medicin/Praeparater/6388#a102,S01EE05,NA,NA,NA,NA,NA,NA,NA,NA,NA,False,False
page_06396.html,https://pro.medicin.dk/Medicin/Praeparater/6396#a102,A10BA02,<30 ml/min.; 30-45 ml/min.,"[0, 30]","[29, 45]",NA; ≥10 år,"['NA', 10]","['NA', 150]",kontraindiceret; forsigtighed,NA; dosisjustering,"Mulige alternativer, se Type 2-diabetes; Højst 500 mg metformin 2 gange dgl.",True,False
page_06402.html,https://pro.medicin.dk/Medicin/Praeparater/6402#a102,L01XX41,<60 ml/min.,[0],[59],NA,NA,NA,forsigtighed,monitorering,Tæt monitorering tilrådes.  Dosisreduktion kan være nødvendig ved GFR < 50 ml/min.,True,False
page_06403.html,https://pro.medicin.dk/Medicin/Praeparater/6403#a102,N05AX13,<50 ml/min.; 50-80 ml/min.,"[0, 50]","[49, 80]",NA; Der startes med behandling hver måned (Xeplion):Initialt 100 mg på dag 1 og 75 mg på dag 8 og sædvanlig vedligeholdelsesdosis på 50 mg månedligt (dosis kan justeres i intervallet 25-100 mg månedligt). Der kan herefter skiftes til behandling hver 3. måned efter flg. retningslinjer:Behandling 1 gang om måneden (Xeplion)Behandling hver 3. måned (Trevicta)50 mg månedligt175 mg hver 3. måned75 mg månedligt263 mg hver 3. måned100 mg månedligt350 mg hver 3. måned,['NA'],['NA'],forsigtighed; forsigtighed,erfaring savnes; dosisjustering,Bør ikke anvendes pga. manglende erfaring.; 50 mg månedligt: 175 mg hver 3. måned; 75 mg månedligt: 263 mg hver 3. måned; 100 mg månedligt: 350 mg hver 3. måned: 350 mg hver 3. måned,True,True
page_06404.html,https://pro.medicin.dk/Medicin/Praeparater/6404#a102,L04AE01,NA,NA,NA,NA,NA,NA,NA,NA,NA,False,False
page_06405.html,https://pro.medicin.dk/Medicin/Praeparater/6405#a102,L02AE04,NA,NA,NA,NA,NA,NA,NA,NA,NA,False,False
page_06411.html,https://pro.medicin.dk/Medicin/Praeparater/6411#a102,A10AD04,NA,NA,NA,NA,NA,NA,NA,NA,NA,False,False
page_06416.html,https://pro.medicin.dk/Medicin/Praeparater/6416#a102,C08CA05,NA,NA,NA,NA,NA,NA,NA,NA,NA,False,False
page_06427.html,https://pro.medicin.dk/Medicin/Praeparater/6427#a102,L02AE02,NA,NA,NA,NA,NA,NA,NA,NA,NA,False,False
page_06428.html,https://pro.medicin.dk/Medicin/Praeparater/6428#a102,G03DB08,NA,NA,NA,NA,NA,NA,NA,NA,NA,False,False
page_06430.html,https://pro.medicin.dk/Medicin/Praeparater/6430#a102,B05BA10,<60 ml/min.,[0],[59],NA,NA,NA,forsigtighed,monitorering,"Dosisjustering under hensyn til patientbehov og sværhedsgrad af nyreinsufficiens.Tæt monitorering af væske-, elektrolyt- og syre-base-status.Kontraindiceret ved stærkt nedsat nyrefunktion uden adgang til hæmofiltrering eller hæmodialyse.",True,False
page_06439.html,https://pro.medicin.dk/Medicin/Praeparater/6439#a102,D07CA01,NA,NA,NA,NA,NA,NA,NA,NA,NA,False,False
page_06440.html,https://pro.medicin.dk/Medicin/Praeparater/6440#a102,L01CD01,NA,NA,NA,NA,NA,NA,NA,NA,NA,False,False
page_06441.html,https://pro.medicin.dk/Medicin/Praeparater/6441#a102,B01AF02,<15 ml/min.; 15-30 ml/min.,"[0, 15]","[14, 30]",NA; ≥18 år,"['NA', 18]","['NA', 150]",kontraindiceret; forsigtighed,erfaring savnes; dosisjustering,"Bør ikke anvendes pga. manglende klinisk erfaring.; Knæ- og hoftealloplastik: 2,5 mg 2 gange dgl.; Forebyggelse af apopleksi og systemisk emboli ved non-valvulær atrieflimren (NVAF): 2,5 mg 2 gange dgl.; Forebyggelse af recidiverende DVT og LE: 5 mg 2 gange dgl.; Behandling af DVT og LE: 10 mg 2 gange dgl.: 10 mg 2 gange dgl.",True,True
page_06445.html,https://pro.medicin.dk/Medicin/Praeparater/6445#a102,N03AX11,<20 ml/min.; <20 ml/min.,"[0, 0]","[19, 19]",2-17 år,[2],[17],forsigtighed,dosisjustering,Epilepsi: 15 mg pr. kg legemsvægt dgl.; Forebyggelse af migræne: Anvendes ikke til børn pga.manglende erfaring: Anvendes ikke til børn pga.manglende erfaring,True,True
page_06447.html,https://pro.medicin.dk/Medicin/Praeparater/6447#a102,N07BC01,<30 ml/min.,[0],[29],NA,NA,NA,forsigtighed,øget bivirkningsrisiko,Risiko for ophobning af aktive metabolitter.,True,False
page_06453.html,https://pro.medicin.dk/Medicin/Praeparater/6453#a102,L03AX14,<30 ml/min.,[0],[29],NA,NA,NA,forsigtighed,NA,Nyreinsufficiens kan medføre øget følsomhed for histamins blodtrykssænkende virkning.,True,False
page_06454.html,https://pro.medicin.dk/Medicin/Praeparater/6454#a102,A02AH,NA,NA,NA,NA,NA,NA,NA,NA,NA,False,False
page_06456.html,https://pro.medicin.dk/Medicin/Praeparater/6456#a102,N02BG10,<60 ml/min.,[0],[59],NA,NA,NA,forsigtighed,monitorering,Der er ikke gennemført undersøgelser ved nedsat nyrefunktion. Hos denne patientgruppe kan virkningen forstærkes eller forlænges. Hyppig klinisk evaluering af en læge anbefales.,True,False
page_06460.html,https://pro.medicin.dk/Medicin/Praeparater/6460#a102,L03AA02,NA,NA,NA,NA,NA,NA,NA,NA,NA,False,False
page_06462.html,https://pro.medicin.dk/Medicin/Praeparater/6462#a102,N04BC04,<30 ml/min.,[0],[29],NA,NA,NA,kontraindiceret,erfaring savnes,"Erfaring savnes.Mulige alternativer, se Dopaminagonister.",True,False
page_06464.html,https://pro.medicin.dk/Medicin/Praeparater/6464#a102,N06DA04,<10 ml/min.,[0],[9],NA,NA,NA,kontraindiceret,erfaring savnes,"Erfaring savnes.Mulige alternativer, se Midler mod demens.",True,False
page_06470.html,https://pro.medicin.dk/Medicin/Praeparater/6470#a102,C08CA09,NA,NA,NA,NA,NA,NA,NA,NA,NA,False,False
page_06472.html,https://pro.medicin.dk/Medicin/Praeparater/6472#a102,D01AE16,NA,NA,NA,NA,NA,NA,NA,NA,NA,False,False
page_06473.html,https://pro.medicin.dk/Medicin/Praeparater/6473#a102,L04AA28,NA,NA,NA,NA,NA,NA,NA,NA,NA,False,False
page_06475.html,https://pro.medicin.dk/Medicin/Praeparater/6475#a102,L02BG03,<30 ml/min.,[0],[29],NA,NA,NA,forsigtighed,erfaring savnes,"Dosisjustering er ikke nødvendig ved let til moderat nedsat nyrefunktion. Erfaring savnes ved GFR < 30 ml/min. Der findes ingen data, og forsigtighed tilrådes.",True,False
page_06476.html,https://pro.medicin.dk/Medicin/Praeparater/6476#a102,S01EC03,NA,NA,NA,NA,NA,NA,NA,NA,NA,False,False
page_06478.html,https://pro.medicin.dk/Medicin/Praeparater/6478#a102,L02BG04,<10 ml/min.,[0],[9],NA,NA,NA,forsigtighed,erfaring savnes,Dosisjustering er ikke nødvendig ved GFR > 10 ml/min. Erfaring savnes ved GFR < 10 ml/min. Der findes ingen data.,True,False
page_06481.html,https://pro.medicin.dk/Medicin/Praeparater/6481#a102,N07XX06,NA,NA,NA,NA,NA,NA,NA,NA,NA,False,False
page_06482.html,https://pro.medicin.dk/Medicin/Praeparater/6482#a102,L01FX04,NA,NA,NA,NA,NA,NA,NA,NA,NA,False,False
page_06484.html,https://pro.medicin.dk/Medicin/Praeparater/6484#a102,L02BG06,<30 ml/min.,[0],[29],NA,NA,NA,forsigtighed,øget bivirkningsrisiko,"Dosisjustering er ikke nødvendig, men forsigtighed tilrådes.",True,False
page_06488.html,https://pro.medicin.dk/Medicin/Praeparater/6488#a102,L04AG04,NA,NA,NA,NA,NA,NA,NA,NA,NA,False,False
page_06490.html,https://pro.medicin.dk/Medicin/Praeparater/6490#a102,M05BX04,<30 ml/min.,[0],[29],NA,NA,NA,forsigtighed,øget bivirkningsrisiko,Øget risiko for hypocalcæmi og ledsagende stigning i parathyroideahormon (PTH).,True,False
page_06492.html,https://pro.medicin.dk/Medicin/Praeparater/6492#a102,B05BA10,<60 ml/min.,[0],[59],NA,NA,NA,forsigtighed,monitorering,"Dosistilpasning under hensyn til patientbehov og sværhedsgrad af nyreinsufficiens.Tæt monitorering af væske-, elektrolyt- og syre-base-status.Kontraindiceret ved alvorlig nyreinsufficiens uden samtidig renal substitutionsbehandling (fx hæmodialyse, hæmofiltrering).",True,False
page_06498.html,https://pro.medicin.dk/Medicin/Praeparater/6498#a102,L02BG04,<10 ml/min.,[0],[9],NA,NA,NA,forsigtighed,erfaring savnes,Dosisjustering er ikke nødvendig ved GFR > 10 ml/min. Erfaring savnes ved GFR < 10 ml/min. Der findes ingen data.,True,False
page_06501.html,https://pro.medicin.dk/Medicin/Praeparater/6501#a102,L03AA02,NA,NA,NA,NA,NA,NA,NA,NA,NA,False,False
page_06502.html,https://pro.medicin.dk/Medicin/Praeparater/6502#a102,A06AD65,NA,NA,NA,NA,NA,NA,NA,NA,NA,False,False
page_06503.html,https://pro.medicin.dk/Medicin/Praeparater/6503#a102,C01CA24,NA,NA,NA,NA,NA,NA,NA,NA,NA,False,False
page_06504.html,https://pro.medicin.dk/Medicin/Praeparater/6504#a102,J01AA02,NA,NA,NA,NA,NA,NA,NA,NA,NA,False,False
page_06505.html,https://pro.medicin.dk/Medicin/Praeparater/6505#a102,B02BB01,NA,NA,NA,NA,NA,NA,NA,NA,NA,False,False
page_06510.html,https://pro.medicin.dk/Medicin/Praeparater/6510#a102,J07BC20,NA,NA,NA,NA,NA,NA,NA,NA,NA,False,False
page_06515.html,https://pro.medicin.dk/Medicin/Praeparater/6515#a102,N05AH03,<60 ml/min.,[0],[59],NA,NA,NA,forsigtighed,dosisjustering,Voksne.Lavere initialdosis (5 mg) kan overvejes.,True,False
page_06516.html,https://pro.medicin.dk/Medicin/Praeparater/6516#a102,N05AH03,<60 ml/min.,[0],[59],NA,NA,NA,forsigtighed,dosisjustering,Voksne.Lavere initialdosis (5 mg) kan overvejes.,True,False
page_06517.html,https://pro.medicin.dk/Medicin/Praeparater/6517#a102,N05AH03,<60 ml/min.,[0],[59],NA,NA,NA,forsigtighed,dosisjustering,Voksne.Lavere initialdosis (5 mg) kan overvejes.,True,False
page_06519.html,https://pro.medicin.dk/Medicin/Praeparater/6519#a102,N05AH03,<60 ml/min.,[0],[59],NA,NA,NA,forsigtighed,dosisjustering,Voksne.Lavere initialdosis (5 mg) kan overvejes.,True,False
page_06520.html,https://pro.medicin.dk/Medicin/Praeparater/6520#a102,N05AH03,<60 ml/min.,[0],[59],NA,NA,NA,forsigtighed,dosisjustering,Voksne.Lavere initialdosis (5 mg) kan overvejes.,True,False
page_06521.html,https://pro.medicin.dk/Medicin/Praeparater/6521#a102,N05AH03,<60 ml/min.,[0],[59],NA,NA,NA,forsigtighed,dosisjustering,Voksne.Lavere initialdosis (5 mg) kan overvejes.,True,False
page_06522.html,https://pro.medicin.dk/Medicin/Praeparater/6522#a102,N05AH03,<60 ml/min.,[0],[59],NA,NA,NA,forsigtighed,dosisjustering,Voksne.Lavere initialdosis (5 mg) kan overvejes.,True,False
page_06523.html,https://pro.medicin.dk/Medicin/Praeparater/6523#a102,N05AH03,<60 ml/min.,[0],[59],NA,NA,NA,forsigtighed,dosisjustering,Voksne.Lavere initialdosis (5 mg) kan overvejes.,True,False
page_06525.html,https://pro.medicin.dk/Medicin/Praeparater/6525#a102,N07XX07,<50 ml/min.,[0],[49],NA,NA,NA,kontraindiceret,øget bivirkningsrisiko,"Fampridin udskilles primært renalt, heraf ca. 90% som uomdannet stof.",True,False
page_06526.html,https://pro.medicin.dk/Medicin/Praeparater/6526#a102,L02BG04,<10 ml/min.,[0],[9],NA,NA,NA,forsigtighed,erfaring savnes,Dosisjustering er ikke nødvendig ved GFR > 10 ml/min. Erfaring savnes ved GFR < 10 ml/min. Der findes ingen data.,True,False
page_06528.html,https://pro.medicin.dk/Medicin/Praeparater/6528#a102,L02BX03,NA,NA,NA,NA,NA,NA,NA,NA,NA,False,False
page_06529.html,https://pro.medicin.dk/Medicin/Praeparater/6529#a102,A10BH05,NA,NA,NA,NA,NA,NA,NA,NA,NA,False,False
page_06530.html,https://pro.medicin.dk/Medicin/Praeparater/6530#a102,L01EG02,NA,NA,NA,NA,NA,NA,NA,NA,NA,False,False
page_06537.html,https://pro.medicin.dk/Medicin/Praeparater/6537#a102,G03CA03,NA,NA,NA,NA,NA,NA,NA,NA,NA,False,False
page_06538.html,https://pro.medicin.dk/Medicin/Praeparater/6538#a102,A02BC02,NA,NA,NA,NA,NA,NA,NA,NA,NA,False,False
page_06539.html,https://pro.medicin.dk/Medicin/Praeparater/6539#a102,J05AB11,<10 ml/min.,[0],[9],≥12 år,[12],[150],forsigtighed,dosisjustering,Herpes zoster: 500 mg 1 gang dgl.; HSV-infektion: 500 mg 1 gang dgl.Immuninkompetente: 1.000 mg 1 gang dgl.Herpes labialis: 500 mg som éngangsdosis.; Profylakse mod HSV-infektion: 250 mg 1 gang dgl.Immuninkompetente: 500 mg 1 gang dgl.; Profylakse mod cytomegalovirus ved organtransplantation: 1.500 mg 1 gang dgl.: 1.500 mg 1 gang dgl.,True,True
page_06541.html,https://pro.medicin.dk/Medicin/Praeparater/6541#a102,C09AA05,<30 ml/min.,[0],[29],≥16 år,[16],[150],forsigtighed,dosisjustering,"Initialdosis 1,25 mg dgl. Højst 5 mg dgl. Rutinemæssig monitorering af P-kalium og P-kreatinin.Ved opstart accepteres et fald i eGFR på op til 30 %.",True,False
page_06542.html,https://pro.medicin.dk/Medicin/Praeparater/6542#a102,N07XX05,<60 ml/min.; 60-90 ml/min.,"[0, 60]","[59, 90]",NA; NA,"['NA', 'NA']","['NA', 'NA']",forsigtighed; forsigtighed,monitorering; monitorering,Voksne. Initialdosis 5 mg 1 gang dgl. Dosis kan øges med 5 mg hver 7. dag.; Voksne. Initialdosis 5 mg 2 gange dgl. Dosis kan øges med 5 mg hver 7. dag.,True,False
page_06543.html,https://pro.medicin.dk/Medicin/Praeparater/6543#a102,A06AD65,NA,NA,NA,NA,NA,NA,NA,NA,NA,False,False
page_06544.html,https://pro.medicin.dk/Medicin/Praeparater/6544#a102,J01GB01,<60 ml/min.,[0],[59],NA,NA,NA,forsigtighed,monitorering,Plasmakoncentrationen monitoreres tæt pga. øget risiko for oto- og nefrotoksicitet.,True,False
page_06549.html,https://pro.medicin.dk/Medicin/Praeparater/6549#a102,J01CF05,NA,NA,NA,NA,NA,NA,NA,NA,NA,False,False
page_06550.html,https://pro.medicin.dk/Medicin/Praeparater/6550#a102,N05CM18,NA,NA,NA,NA,NA,NA,NA,NA,NA,False,False
page_06552.html,https://pro.medicin.dk/Medicin/Praeparater/6552#a102,J06BA01,NA,NA,NA,NA,NA,NA,NA,NA,NA,False,False
page_06559.html,https://pro.medicin.dk/Medicin/Praeparater/6559#a102,N03AX14,<30 ml/min.; <30 ml/min.; <30 ml/min.; 30-50 ml/min.; 30-50 ml/min.; 30-50 ml/min.; 50-80 ml/min.; 50-80 ml/min.; 50-80 ml/min.,"[0, 0, 0, 30, 30, 30, 50, 50, 50]","[29, 29, 29, 50, 50, 50, 80, 80, 80]",2-17 år; 12-17 år; ≥17 år; 2-17 år; 12-17 år; ≥17 år; 2-17 år; 12-17 år; ≥17 år,"[2, 12, 17, 2, 12, 17, 2, 12, 17]","[17, 17, 150, 17, 17, 150, 17, 17, 150]",forsigtighed; forsigtighed; forsigtighed; forsigtighed; forsigtighed; forsigtighed; forsigtighed; forsigtighed; forsigtighed,dosisjustering; dosisjustering; dosisjustering; dosisjustering; dosisjustering; dosisjustering; dosisjustering; dosisjustering; dosisjustering,Højst 20 mg pr. kg legemsvægt dgl.; Højst 1.000 mg dgl.Samme dosis til patienter i dialyse. Efter dialyse anbefales 250 mg til 500 mg som supplerende dosis.; Højst 1.000 mg dgl.Samme dosis til patienter i dialyse. Efter dialyse anbefales 250 mg til 500 mg som supplerende dosis.; Højst 30 mg pr. kg legemsvægt dgl.; Højst 1.500 mg dgl.; Højst 1.500 mg dgl.; Højst 40 mg pr. kg legemsvægt dgl.; Højst 2.000 mg dgl.; Højst 2.000 mg dgl.,True,False
page_06560.html,https://pro.medicin.dk/Medicin/Praeparater/6560#a102,G03AC08,NA,NA,NA,NA,NA,NA,NA,NA,NA,False,False
page_06561.html,https://pro.medicin.dk/Medicin/Praeparater/6561#a102,N06AB06,NA,NA,NA,NA,NA,NA,NA,NA,NA,False,False
page_06563.html,https://pro.medicin.dk/Medicin/Praeparater/6563#a102,C09AA02,<10 ml/min.; 10-30 ml/min.,"[0, 10]","[9, 30]",≥16 år; ≥16 år,"[16, 16]","[150, 150]",forsigtighed; forsigtighed,dosisjustering; dosisjustering,"Initialdosis 2,5 mg. Højst 10 mg dgl. Rutinemæssig monitorering af P-kalium og P-kreatinin.  Ved opstart accepteres et fald i eGFR på op til 30 %.; Initialdosis 2,5 mg dgl. Højst 20 mg dgl. Rutinemæssig monitorering af P-kalium og P-kreatinin.  Ved opstart accepteres et fald i eGFR på op til 30 %.",True,False
page_06564.html,https://pro.medicin.dk/Medicin/Praeparater/6564#a102,C09CA03,<30 ml/min.,[0],[29],NA,NA,NA,forsigtighed,monitorering,Rutinemæssig monitorering af P-kalium og P-kreatinin.GFR < 10 ml/min:Erfaring savnes vedr. voksne.GFR < 30 ml/min:Erfaring savnes vedr. børn 6-18 år.,True,False
page_06565.html,https://pro.medicin.dk/Medicin/Praeparater/6565#a102,B01AC06,<60 ml/min.,[0],[59],NA,NA,NA,forsigtighed,øget bivirkningsrisiko,Forsigtighed pga. øget risiko for bivirkninger. Behandlingen bør vurderes regelmæssigt.,True,False
page_06567.html,https://pro.medicin.dk/Medicin/Praeparater/6567#a102,N03AX14,<30 ml/min.; <30 ml/min.; <30 ml/min.; 30-50 ml/min.; 30-50 ml/min.; 30-50 ml/min.; 50-80 ml/min.; 50-80 ml/min.; 50-80 ml/min.,"[0, 0, 0, 30, 30, 30, 50, 50, 50]","[29, 29, 29, 50, 50, 50, 80, 80, 80]",2-17 år; 12-17 år; ≥17 år; 2-17 år; 12-17 år; ≥17 år; 2-17 år; 12-17 år; ≥17 år,"[2, 12, 17, 2, 12, 17, 2, 12, 17]","[17, 17, 150, 17, 17, 150, 17, 17, 150]",forsigtighed; forsigtighed; forsigtighed; forsigtighed; forsigtighed; forsigtighed; forsigtighed; forsigtighed; forsigtighed,dosisjustering; dosisjustering; dosisjustering; dosisjustering; dosisjustering; dosisjustering; dosisjustering; dosisjustering; dosisjustering,Højst 20 mg pr. kg legemsvægt dgl.; Højst 1.000 mg dgl.Samme dosis til patienter i dialyse. Efter dialyse anbefales 250 mg til 500 mg som supplerende dosis.; Højst 1.000 mg dgl.Samme dosis til patienter i dialyse. Efter dialyse anbefales 250 mg til 500 mg som supplerende dosis.; Højst 30 mg pr. kg legemsvægt dgl.; Højst 1.500 mg dgl.; Højst 1.500 mg dgl.; Højst 40 mg pr. kg legemsvægt dgl.; Højst 2.000 mg dgl.; Højst 2.000 mg dgl.,True,False
page_06574.html,https://pro.medicin.dk/Medicin/Praeparater/6574#a102,L04AX05,30-50 ml/min.; <30 ml/min.,"[30, 0]","[50, 29]",NA; NA,"['NA', 'NA']","['NA', 'NA']",forsigtighed; kontraindiceret,øget bivirkningsrisiko; øget bivirkningsrisiko,"Forsigtighed tilrådes pga. risiko for ophobning af den aktive metabolit 5-carboxy-pirfenidon (eksponering øges 3,5 gange).; Kontraindiceret pga. mulig ophobning af den aktive metabolit 5-carboxy-pirfenidon (eksponering øges ca. 6 gange).",True,False
page_06581.html,https://pro.medicin.dk/Medicin/Praeparater/6581#a102,B06AC01,NA,NA,NA,NA,NA,NA,NA,NA,NA,False,False
page_06583.html,https://pro.medicin.dk/Medicin/Praeparater/6583#a102,N05CD08,<10 ml/min.; 10-30 ml/min.,"[0, 10]","[9, 30]",NA; NA,"['NA', 'NA']","['NA', 'NA']",forsigtighed; forsigtighed,betinget; betinget,"Farmakokinetikken for ubunden midazolam efter en i.v-enkeltdosis svarer til raskes. Forlænget sederende effekt er dog set efter længerevarende infusion - sandsynligvis pga. akkumulation af den aktive metabolit alfa-hydroxymidazolamglukuronid. Ingen specifikke data for induktion af anæstesi.; Mere udtalt og langvarig sedation, evt. inklusive respirationsdepression og kardiovaskulær depression er forekommet. Midazolam bør derfor doseres omhyggeligt og titreres for den ønskede virkning.",True,False
page_06585.html,https://pro.medicin.dk/Medicin/Praeparater/6585#a102,G03AA07,NA,NA,NA,NA,NA,NA,NA,NA,NA,False,False
page_06587.html,https://pro.medicin.dk/Medicin/Praeparater/6587#a102,N07BC01,<30 ml/min.,[0],[29],NA,NA,NA,forsigtighed,øget bivirkningsrisiko,Risiko for ophobning af aktive metabolitter.,True,False
page_06591.html,https://pro.medicin.dk/Medicin/Praeparater/6591#a102,J05AG05,NA,NA,NA,NA,NA,NA,NA,NA,NA,False,False
page_06592.html,https://pro.medicin.dk/Medicin/Praeparater/6592#a102,A08AB01,NA,NA,NA,NA,NA,NA,NA,NA,NA,False,False
page_06593.html,https://pro.medicin.dk/Medicin/Praeparater/6593#a102,N02AE01,<30 ml/min.,[0],[29],NA,NA,NA,forsigtighed,øget bivirkningsrisiko,Risiko for akkumulering af aktive metabolitter.,True,False
page_06599.html,https://pro.medicin.dk/Medicin/Praeparater/6599#a102,J05AB11,<10 ml/min.,[0],[9],≥12 år,[12],[150],forsigtighed,dosisjustering,Herpes zoster: 500 mg 1 gang dgl.; HSV-infektion: 500 mg 1 gang dgl.Immuninkompetente: 1.000 mg 1 gang dgl.Herpes labialis: 500 mg som éngangsdosis.; Profylakse mod HSV-infektion: 250 mg 1 gang dgl.Immuninkompetente: 500 mg 1 gang dgl.; Profylakse mod cytomegalovirus ved organtransplantation: 1.500 mg 1 gang dgl.: 1.500 mg 1 gang dgl.,True,True
page_06600.html,https://pro.medicin.dk/Medicin/Praeparater/6600#a102,S01EE01,NA,NA,NA,NA,NA,NA,NA,NA,NA,False,False
page_06603.html,https://pro.medicin.dk/Medicin/Praeparater/6603#a102,B02BD10,NA,NA,NA,NA,NA,NA,NA,NA,NA,False,False
page_06605.html,https://pro.medicin.dk/Medicin/Praeparater/6605#a102,D06BB53,NA,NA,NA,NA,NA,NA,NA,NA,NA,False,False
page_06616.html,https://pro.medicin.dk/Medicin/Praeparater/6616#a102,S01ED51,NA,NA,NA,NA,NA,NA,NA,NA,NA,False,False
page_06617.html,https://pro.medicin.dk/Medicin/Praeparater/6617#a102,S01EE01,NA,NA,NA,NA,NA,NA,NA,NA,NA,False,False
page_06619.html,https://pro.medicin.dk/Medicin/Praeparater/6619#a102,N03AX14,<30 ml/min.; <30 ml/min.; <30 ml/min.; 30-50 ml/min.; 30-50 ml/min.; 30-50 ml/min.; 50-80 ml/min.; 50-80 ml/min.; 50-80 ml/min.,"[0, 0, 0, 30, 30, 30, 50, 50, 50]","[29, 29, 29, 50, 50, 50, 80, 80, 80]",2-17 år; 12-17 år; ≥17 år; 2-17 år; 12-17 år; ≥17 år; 2-17 år; 12-17 år; ≥17 år,"[2, 12, 17, 2, 12, 17, 2, 12, 17]","[17, 17, 150, 17, 17, 150, 17, 17, 150]",forsigtighed; forsigtighed; forsigtighed; forsigtighed; forsigtighed; forsigtighed; forsigtighed; forsigtighed; forsigtighed,dosisjustering; dosisjustering; dosisjustering; dosisjustering; dosisjustering; dosisjustering; dosisjustering; dosisjustering; dosisjustering,Højst 20 mg pr. kg legemsvægt dgl.; Højst 1.000 mg dgl.Samme dosis til patienter i dialyse. Efter dialyse anbefales 250 mg til 500 mg som supplerende dosis.; Højst 1.000 mg dgl.Samme dosis til patienter i dialyse. Efter dialyse anbefales 250 mg til 500 mg som supplerende dosis.; Højst 30 mg pr. kg legemsvægt dgl.; Højst 1.500 mg dgl.; Højst 1.500 mg dgl.; Højst 40 mg pr. kg legemsvægt dgl.; Højst 2.000 mg dgl.; Højst 2.000 mg dgl.,True,False
page_06620.html,https://pro.medicin.dk/Medicin/Praeparater/6620#a102,A10BB07,<30 ml/min.; 30-60 ml/min.,"[0, 30]","[29, 60]",NA; NA,"['NA', 'NA']","['NA', 'NA']",kontraindiceret; forsigtighed,NA; monitorering,"Mulige alternativer, se β-cellestimulerende midler.; Øget risiko for hypoglykæmi.",True,False
page_06621.html,https://pro.medicin.dk/Medicin/Praeparater/6621#a102,"R03AC02, R03CC02",NA,NA,NA,NA,NA,NA,NA,NA,NA,False,False
page_06622.html,https://pro.medicin.dk/Medicin/Praeparater/6622#a102,J05AR08,<50 ml/min.,[0],[49],"Kombinationspræparatet er uegnet pga. manglende mulighed for individuel dosisreduktion.For enkeltstofferne gælder flg. retningslinjer:Emtricitabin:GFR 15-30 ml/min: Dosis nedsættes til 200 mg hver 72. time.GFR < 15 ml/min: Dosis nedsættes til 200 mg hver 96. time.Rilpivirin:Ingen særlige forbehold.Tenofovirdisoproxil:GFRml/minutDosis (voksne)30-50132 mg 1 gang dgl.20-3066 mg 1 gang dgl.10-2033 mg 1 gang dgl.< 10Bør kun anvendes i forbindelse med dialyse: 16,5 mg efter afslutning af hver 4-timers dialyseBemærk:GFR < 50 ml/min. Nyrefunktionen skal følges tæt.GFR < 30 ml/min: Bør ikke anvendes, medmindre der ikke findes alternativ behandling.Børn: Bør ikke anvendes.",,,kontraindiceret,NA,"30-50: 132 mg 1 gang dgl.; 20-30: 66 mg 1 gang dgl.; 10-20: 33 mg 1 gang dgl.; < 10: Bør kun anvendes i forbindelse med dialyse: 16,5 mg efter afslutning af hver 4-timers dialyse; Bemærk:GFR < 50 ml/min. Nyrefunktionen skal følges tæt.GFR < 30 ml/min: Bør ikke anvendes, medmindre der ikke findes alternativ behandling.Børn: Bør ikke anvendes.: Bemærk:GFR < 50 ml/min. Nyrefunktionen skal følges tæt.GFR < 30 ml/min: Bør ikke anvendes, medmindre der ikke findes alternativ behandling.Børn: Bør ikke anvendes.",True,True
page_06624.html,https://pro.medicin.dk/Medicin/Praeparater/6624#a102,N06DA02,NA,NA,NA,NA,NA,NA,NA,NA,NA,False,False
page_06627.html,https://pro.medicin.dk/Medicin/Praeparater/6627#a102,V03AN01,NA,NA,NA,NA,NA,NA,NA,NA,NA,False,False
page_06628.html,https://pro.medicin.dk/Medicin/Praeparater/6628#a102,N01AX13,NA,NA,NA,NA,NA,NA,NA,NA,NA,False,False
page_06629.html,https://pro.medicin.dk/Medicin/Praeparater/6629#a102,V03AN05,NA,NA,NA,NA,NA,NA,NA,NA,NA,False,False
page_06630.html,https://pro.medicin.dk/Medicin/Praeparater/6630#a102,N03AF01,NA,NA,NA,NA,NA,NA,NA,NA,NA,False,False
page_06633.html,https://pro.medicin.dk/Medicin/Praeparater/6633#a102,N01AX63,NA,NA,NA,NA,NA,NA,NA,NA,NA,False,False
page_06634.html,https://pro.medicin.dk/Medicin/Praeparater/6634#a102,C09DA01,<30 ml/min.,[0],[29],NA,NA,NA,forsigtighed,monitorering,Rutinemæssig monitorering af P-kalium og P-kreatinin.,True,False
page_06635.html,https://pro.medicin.dk/Medicin/Praeparater/6635#a102,S01AA26,NA,NA,NA,NA,NA,NA,NA,NA,NA,False,False
page_06638.html,https://pro.medicin.dk/Medicin/Praeparater/6638#a102,B02BC30,NA,NA,NA,NA,NA,NA,NA,NA,NA,False,False
page_06639.html,https://pro.medicin.dk/Medicin/Praeparater/6639#a102,L01BB05,<30 ml/min.; 30-70 ml/min.,"[0, 30]","[29, 70]",NA; NA,"['NA', 'NA']","['NA', 'NA']",kontraindiceret; forsigtighed,øget bivirkningsrisiko; dosisjustering,"Elimination af fludarabin er nedsat, da 40-60 % udskilles gennem nyrerne.; Dosis nedsættes med op til 50 % af normaldosis.Tæt monitorering for hæmatologiske parametre tilrådes.",True,False
page_06643.html,https://pro.medicin.dk/Medicin/Praeparater/6643#a102,V03AN01,NA,NA,NA,NA,NA,NA,NA,NA,NA,False,False
page_06644.html,https://pro.medicin.dk/Medicin/Praeparater/6644#a102,N01AX13,NA,NA,NA,NA,NA,NA,NA,NA,NA,False,False
page_06646.html,https://pro.medicin.dk/Medicin/Praeparater/6646#a102,R06AE09,10-30 ml/min.; 10-50 ml/min.; 30-50 ml/min.,"[10, 10, 30]","[30, 50, 50]",≥6 år; 2-6 år; ≥6 år,"[6, 2, 6]","[150, 6, 150]",forsigtighed; forsigtighed; forsigtighed,dosisjustering; dosisjustering; dosisjustering,"Højst 5 mg hver 3. dag.; Højst 1,25 mg i døgnet.; Højst 5 mg hver 2. dag.",True,False
page_06647.html,https://pro.medicin.dk/Medicin/Praeparater/6647#a102,C09DA03,<30 ml/min.,[0],[29],NA,NA,NA,forsigtighed,monitorering,Rutinemæssig monitorering af P-kalium og P-kreatinin.,True,False
page_06654.html,https://pro.medicin.dk/Medicin/Praeparater/6654#a102,M01AE01,<30 ml/min.; 30-60 ml/min.,"[0, 30]","[29, 60]",NA; NA,"['NA', 'NA']","['NA', 'NA']",kontraindiceret; forsigtighed,øget bivirkningsrisiko; monitorering,Prostaglandiner har betydning for opretholdelse af normal nyregennemblødning. NSAID's hæmning af prostaglandinsyntesen kan derfor forårsage nedsat nyregennemblødning og dermed forværret nyrefunktion.; Prostaglandiner har betydning for opretholdelse af normal nyregennemblødning. NSAID's hæmning af prostaglandinsyntesen kan derfor forårsage nedsat nyregennemblødning og dermed forværret nyrefunktion. Tæt monitorering af nyrefunktionen tilrådes.,True,False
page_06655.html,https://pro.medicin.dk/Medicin/Praeparater/6655#a102,N07BC01,<30 ml/min.,[0],[29],NA,NA,NA,forsigtighed,øget bivirkningsrisiko,Risiko for ophobning af aktive metabolitter.,True,False
page_06656.html,https://pro.medicin.dk/Medicin/Praeparater/6656#a102,N06DA02,NA,NA,NA,NA,NA,NA,NA,NA,NA,False,False
page_06657.html,https://pro.medicin.dk/Medicin/Praeparater/6657#a102,N06DA02,NA,NA,NA,NA,NA,NA,NA,NA,NA,False,False
page_06659.html,https://pro.medicin.dk/Medicin/Praeparater/6659#a102,V03AB15,NA,NA,NA,NA,NA,NA,NA,NA,NA,False,False
page_06663.html,https://pro.medicin.dk/Medicin/Praeparater/6663#a102,N06AB08,<15 ml/min.,[0],[14],NA,NA,NA,forsigtighed,dosisjustering,Lav initialdosis og langsom optitrering.,True,False
page_06664.html,https://pro.medicin.dk/Medicin/Praeparater/6664#a102,A07EC02,<30 ml/min.,[0],[29],NA,NA,NA,kontraindiceret,øget bivirkningsrisiko,Risiko for mesalazininduceret nyreskade.,True,False
page_06666.html,https://pro.medicin.dk/Medicin/Praeparater/6666#a102,L01BC53,<30 ml/min.; 30-50 ml/min.,"[0, 30]","[29, 50]",NA; NA,"['NA', 'NA']","['NA', 'NA']",forsigtighed; forsigtighed,øget bivirkningsrisiko; dosisjustering,"Bør ikke anvendes pga. øget risiko for bivirkninger i blod- og lymfesystem.Kontraindiceret ved terminal, dialysekrævende nyreinsufficiens pga. manglende erfaring.; Voksne. Dosis nedsættes til 20 mg tegafur/m22 gange dgl.",True,False
page_06667.html,https://pro.medicin.dk/Medicin/Praeparater/6667#a102,L01EC01,<30 ml/min.,[0],[29],NA,NA,NA,forsigtighed,monitorering,Tæt monitorering tilrådes.,True,False
page_06668.html,https://pro.medicin.dk/Medicin/Praeparater/6668#a102,G03FA01,NA,NA,NA,NA,NA,NA,NA,NA,NA,False,False
page_06669.html,https://pro.medicin.dk/Medicin/Praeparater/6669#a102,L01EX04,<60 ml/min.,[0],[59],NA,NA,NA,forsigtighed,dosisjustering,Voksne: Initialdosis nedsættes til 200 mg 1 gang dgl.Erfaring savnes ved GFR < 30 ml/min.,True,False
page_06674.html,https://pro.medicin.dk/Medicin/Praeparater/6674#a102,N02CC02,<15 ml/min.; 15-60 ml/min.,"[0, 15]","[14, 60]",NA; ≥18 år,"['NA', 18]","['NA', 150]",kontraindiceret; forsigtighed,NA; dosisjustering,"Mulige alternativer, se Triptaner.; Højst 2,5 mg dgl.",True,False
page_06675.html,https://pro.medicin.dk/Medicin/Praeparater/6675#a102,N02CC03,<15 ml/min.,[0],[14],NA,NA,NA,kontraindiceret,NA,"Mulige alternativer, se Triptaner.",True,False
page_06677.html,https://pro.medicin.dk/Medicin/Praeparater/6677#a102,N02AB03,<50 ml/min.,[0],[49],NA,NA,NA,forsigtighed,dosisjustering,Lav initialdosis og forsigtig dosistitrering.,True,False
page_06679.html,https://pro.medicin.dk/Medicin/Praeparater/6679#a102,D07AC13,NA,NA,NA,NA,NA,NA,NA,NA,NA,False,False
page_06682.html,https://pro.medicin.dk/Medicin/Praeparater/6682#a102,L01CE01,<40 ml/min.,[0],[39],NA,NA,NA,forsigtighed,dosisjustering,"ParenteraltGFR 20-40 ml/min: Voksne.0,75 mg/m2/døgn.GFR < 20 ml/min:Erfaring savnes.",True,False
page_06684.html,https://pro.medicin.dk/Medicin/Praeparater/6684#a102,R01AD05,NA,NA,NA,NA,NA,NA,NA,NA,NA,False,False
page_06686.html,https://pro.medicin.dk/Medicin/Praeparater/6686#a102,R06AX27,NA,NA,NA,NA,NA,NA,NA,NA,Anvendes med forsigtighed ved svær nyreinsufficiens.,True,False
page_06687.html,https://pro.medicin.dk/Medicin/Praeparater/6687#a102,R06AX27,NA,NA,NA,NA,NA,NA,NA,NA,Anvendes med forsigtighed ved svær nyreinsufficiens.,True,False
page_06689.html,https://pro.medicin.dk/Medicin/Praeparater/6689#a102,G03AB03,NA,NA,NA,NA,NA,NA,NA,NA,NA,False,False
page_06690.html,https://pro.medicin.dk/Medicin/Praeparater/6690#a102,A07EA06,NA,NA,NA,NA,NA,NA,NA,NA,NA,False,False
page_06691.html,https://pro.medicin.dk/Medicin/Praeparater/6691#a102,G04BD09,<30 ml/min.,[0],[29],≥18 år,[18],[150],forsigtighed,dosisjustering,Højst 20 mg 1 gang dgl. eller 20 mg hver 2. dag.,True,False
page_06695.html,https://pro.medicin.dk/Medicin/Praeparater/6695#a102,N05AH04,NA,NA,NA,NA,NA,NA,NA,NA,NA,False,False
page_06696.html,https://pro.medicin.dk/Medicin/Praeparater/6696#a102,J01CA04,<10 ml/min.,[0],[9],NA,NA,NA,forsigtighed,dosisjustering,Dosis 250 mg -1.000 mg 3 gange dgl. Højst 6 g dgl. ved endocarditis.Ved behandling i kortere tid er dosisreduktion ikke nødvendigt.,True,False
page_06697.html,https://pro.medicin.dk/Medicin/Praeparater/6697#a102,N05AH04,NA,NA,NA,NA,NA,NA,NA,NA,NA,False,False
page_06699.html,https://pro.medicin.dk/Medicin/Praeparater/6699#a102,N05AH04,NA,NA,NA,NA,NA,NA,NA,NA,NA,False,False
page_06700.html,https://pro.medicin.dk/Medicin/Praeparater/6700#a102,N05AH04,NA,NA,NA,NA,NA,NA,NA,NA,NA,False,False
page_06706.html,https://pro.medicin.dk/Medicin/Praeparater/6706#a102,R06AE09,10-30 ml/min.; 10-50 ml/min.; 30-50 ml/min.,"[10, 10, 30]","[30, 50, 50]",≥6 år; 2-6 år; ≥6 år,"[6, 2, 6]","[150, 6, 150]",forsigtighed; forsigtighed; forsigtighed,dosisjustering; dosisjustering; dosisjustering,"Højst 5 mg hver 3. dag.; Højst 1,25 mg i døgnet.; Højst 5 mg hver 2. dag.",True,False
page_06708.html,https://pro.medicin.dk/Medicin/Praeparater/6708#a102,M03BX02,<25 ml/min.,[0],[24],≥18 år,[18],[150],forsigtighed,dosisjustering,"Initialdosis 2 mg dgl. Langsom optitrering til virksom dosis. Det tilrådes at øge daglig dosis langsomt, inden hyppigheden af administration øges.",True,False
page_06709.html,https://pro.medicin.dk/Medicin/Praeparater/6709#a102,N02BF01,<15 ml/min.; 15-30 ml/min.; 30-60 ml/min.; 60-80 ml/min.,"[0, 15, 30, 60]","[14, 30, 60, 80]",≥12 år; ≥12 år; ≥12 år; ≥12 år,"[12, 12, 12, 12]","[150, 150, 150, 150]",forsigtighed; forsigtighed; forsigtighed; forsigtighed,dosisjustering; dosisjustering; dosisjustering; dosisjustering,"Højst 150-300 mg 1 gang i døgnet. Døgndoser på 150 mg gives som 300 mg hver 2. dag.Daglig dosis bør nedsættes i forhold til GFR (ved GFR < 7,5 ml/min. halvt så stor daglig dosis som ved en GFR på 15 ml/min.).; Højst 150-600 mg i døgnet, så vidt muligt fordelt på flere daglige doser.Døgndoser på 150 mg gives som 300 mg hver 2. dag.; Højst 300-900 mg i døgnet, så vidt muligt fordelt på flere daglige doser.; Højst 600-1.800 mg i døgnet fordelt på 3 daglige doser.",True,False
page_06710.html,https://pro.medicin.dk/Medicin/Praeparater/6710#a102,S01BC11,NA,NA,NA,NA,NA,NA,NA,NA,NA,False,False
page_06717.html,https://pro.medicin.dk/Medicin/Praeparater/6717#a102,M04AA01,<10 ml/min.; 10-20 ml/min.,"[0, 10]","[9, 20]",≥2 år; ≥2 år,"[2, 2]","[150, 150]",forsigtighed; forsigtighed,dosisjustering; dosisjustering,"Voksne: Højst 50 mg dgl. eller 100 mg hver 2. dag.Børn 2-15 år: Højst 5 mg/kg legemsvægt (højst 50 mg dgl.)Allopurinol er ikke i sig selv nefrotoksisk, men der er øget risiko for bivirkninger.; Voksne: Højst 200 mg dgl. Initialt 50 mg dgl., gradvis øgning med 50 mg hver 2.-6. uge indtil nået behandlingsmål, eller der evt. kommer bivirkninger.Børn 2-15 år: Højst 10 mg/kg legemsvægt (højst 200 mg dgl.)Allopurinol er ikke i sig selv nefrotoksisk, men der er øget risiko for bivirkninger.",True,False
page_06718.html,https://pro.medicin.dk/Medicin/Praeparater/6718#a102,N06DA02,NA,NA,NA,NA,NA,NA,NA,NA,NA,False,False
page_06720.html,https://pro.medicin.dk/Medicin/Praeparater/6720#a102,N02BF01,<15 ml/min.; 15-30 ml/min.; 30-60 ml/min.; 60-80 ml/min.,"[0, 15, 30, 60]","[14, 30, 60, 80]",≥12 år; ≥12 år; ≥12 år; ≥12 år,"[12, 12, 12, 12]","[150, 150, 150, 150]",forsigtighed; forsigtighed; forsigtighed; forsigtighed,dosisjustering; dosisjustering; dosisjustering; dosisjustering,"Højst 150-300 mg 1 gang i døgnet. Døgndoser på 150 mg gives som 300 mg hver 2. dag.Daglig dosis bør nedsættes i forhold til GFR (ved GFR < 7,5 ml/min. halvt så stor daglig dosis som ved en GFR på 15 ml/min.).; Højst 150-600 mg i døgnet, så vidt muligt fordelt på flere daglige doser.Døgndoser på 150 mg gives som 300 mg hver 2. dag.; Højst 300-900 mg i døgnet, så vidt muligt fordelt på flere daglige doser.; Højst 600-1.800 mg i døgnet fordelt på 3 daglige doser.",True,False
page_06725.html,https://pro.medicin.dk/Medicin/Praeparater/6725#a102,G03AA14,NA,NA,NA,NA,NA,NA,NA,NA,NA,False,False
page_06730.html,https://pro.medicin.dk/Medicin/Praeparater/6730#a102,C09CA06,<30 ml/min.,[0],[29],NA,NA,NA,forsigtighed,monitorering,Rutinemæssig monitorering af P-kalium og P-kreatinin.GFR < 15 ml/min:Begrænset erfaring ved hypertension.,True,False
page_06732.html,https://pro.medicin.dk/Medicin/Praeparater/6732#a102,C09DA06,<30 ml/min.,[0],[29],NA,NA,NA,forsigtighed,monitorering,Tæt monitorering af P-kalium og P-kreatinin pga. indhold af hydrochlorthiazid.GFR < 15 ml/min:Begrænset erfaring med candesartan ved hypertension.,True,False
page_06733.html,https://pro.medicin.dk/Medicin/Praeparater/6733#a102,N02CC03,<15 ml/min.,[0],[14],NA,NA,NA,kontraindiceret,NA,"Mulige alternativer, se Triptaner.",True,False
page_06743.html,https://pro.medicin.dk/Medicin/Praeparater/6743#a102,C08CA13,30-60 ml/min.; <30 ml/min.,"[30, 0]","[60, 29]",NA; NA,"['NA', 'NA']","['NA', 'NA']",forsigtighed; kontraindiceret,øget bivirkningsrisiko; øget bivirkningsrisiko,Lav initialdosis. Forsigtighed ved dosisøgning.; ,True,False
page_06744.html,https://pro.medicin.dk/Medicin/Praeparater/6744#a102,C10AA05,<30 ml/min.,[0],[29],NA,NA,NA,forsigtighed,monitorering,"P-kreatinkinase bør måles før behandlingsstart pga. prædisposition for rhabdomyolyse. Ved P-kreatinkinase > 4 gange øverste normalgrænse bør behandlingen ikke startes.Under behandling:P-kreatininkinase > 10 gange øverste normalgrænse: pauser behandlingen, kontroller nyrefunktionen og monitorer P-kreatininkinase efter to uger.P-kreatininkinase < 10 gange øverste normalgrænse:ingen symptomer, fortsat behandlingen, kontroller P- kreatininkinase indenfor 2-4 uger.P-kreatininkinase < 10 gange øverste normalgrænse:hvis symptomer, pauser statin og afvent normalisering af P-kreatininkinase før genoptagelse med en lavere statindosis.Læs mere:Statiner.",True,False
page_06746.html,https://pro.medicin.dk/Medicin/Praeparater/6746#a102,C09DA06,<30 ml/min.,[0],[29],NA,NA,NA,forsigtighed,monitorering,Tæt monitorering af P-kalium og P-kreatinin pga. indhold af hydrochlorthiazid.GFR < 15 ml/min:Begrænset erfaring med candesartan ved hypertension.,True,False
page_06748.html,https://pro.medicin.dk/Medicin/Praeparater/6748#a102,C10AA05,<30 ml/min.,[0],[29],NA,NA,NA,forsigtighed,monitorering,"P-kreatinkinase bør måles før behandlingsstart pga. prædisposition for rhabdomyolyse. Ved P-kreatinkinase > 4 gange øverste normalgrænse bør behandlingen ikke startes.Under behandling:P-kreatininkinase > 10 gange øverste normalgrænse: pauser behandlingen, kontroller nyrefunktionen og monitorer P-kreatininkinase efter to uger.P-kreatininkinase < 10 gange øverste normalgrænse:ingen symptomer, fortsat behandlingen, kontroller P- kreatininkinase indenfor 2-4 uger.P-kreatininkinase < 10 gange øverste normalgrænse:hvis symptomer, pauser statin og afvent normalisering af P-kreatininkinase før genoptagelse med en lavere statindosis.Læs mere:Statiner.",True,False
page_06753.html,https://pro.medicin.dk/Medicin/Praeparater/6753#a102,N03AX14,<30 ml/min.; <30 ml/min.; <30 ml/min.; 30-50 ml/min.; 30-50 ml/min.; 30-50 ml/min.; 50-80 ml/min.; 50-80 ml/min.; 50-80 ml/min.,"[0, 0, 0, 30, 30, 30, 50, 50, 50]","[29, 29, 29, 50, 50, 50, 80, 80, 80]",2-17 år; 12-17 år; ≥17 år; 2-17 år; 12-17 år; ≥17 år; 2-17 år; 12-17 år; ≥17 år,"[2, 12, 17, 2, 12, 17, 2, 12, 17]","[17, 17, 150, 17, 17, 150, 17, 17, 150]",forsigtighed; forsigtighed; forsigtighed; forsigtighed; forsigtighed; forsigtighed; forsigtighed; forsigtighed; forsigtighed,dosisjustering; dosisjustering; dosisjustering; dosisjustering; dosisjustering; dosisjustering; dosisjustering; dosisjustering; dosisjustering,Højst 20 mg pr. kg legemsvægt dgl.; Højst 1.000 mg dgl.Samme dosis til patienter i dialyse. Efter dialyse anbefales 250 mg til 500 mg som supplerende dosis.; Højst 1.000 mg dgl.Samme dosis til patienter i dialyse. Efter dialyse anbefales 250 mg til 500 mg som supplerende dosis.; Højst 30 mg pr. kg legemsvægt dgl.; Højst 1.500 mg dgl.; Højst 1.500 mg dgl.; Højst 40 mg pr. kg legemsvægt dgl.; Højst 2.000 mg dgl.; Højst 2.000 mg dgl.,True,False
page_06754.html,https://pro.medicin.dk/Medicin/Praeparater/6754#a102,N03AF01,NA,NA,NA,NA,NA,NA,NA,NA,NA,False,False
page_06755.html,https://pro.medicin.dk/Medicin/Praeparater/6755#a102,N07XX08,<30 ml/min.,[0],[29],NA,NA,NA,forsigtighed,ingen eller begrænset erfaring,Begrænset erfaring ved svært nedsat nyrefunktion.,True,False
page_06758.html,https://pro.medicin.dk/Medicin/Praeparater/6758#a102,C10AA05,<30 ml/min.,[0],[29],NA,NA,NA,forsigtighed,monitorering,"P-kreatinkinase bør måles før behandlingsstart pga. prædisposition for rhabdomyolyse. Ved P-kreatinkinase > 4 gange øverste normalgrænse bør behandlingen ikke startes.Under behandling:P-kreatininkinase > 10 gange øverste normalgrænse: pauser behandlingen, kontroller nyrefunktionen og monitorer P-kreatininkinase efter to uger.P-kreatininkinase < 10 gange øverste normalgrænse:ingen symptomer, fortsat behandlingen, kontroller P- kreatininkinase indenfor 2-4 uger.P-kreatininkinase < 10 gange øverste normalgrænse:hvis symptomer, pauser statin og afvent normalisering af P-kreatininkinase før genoptagelse med en lavere statindosis.Læs mere:Statiner.",True,False
page_06760.html,https://pro.medicin.dk/Medicin/Praeparater/6760#a102,C10AA05,<30 ml/min.,[0],[29],NA,NA,NA,forsigtighed,monitorering,"P-kreatinkinase bør måles før behandlingsstart pga. prædisposition for rhabdomyolyse. Ved P-kreatinkinase > 4 gange øverste normalgrænse bør behandlingen ikke startes.Under behandling:P-kreatininkinase > 10 gange øverste normalgrænse: pauser behandlingen, kontroller nyrefunktionen og monitorer P-kreatininkinase efter to uger.P-kreatininkinase < 10 gange øverste normalgrænse:ingen symptomer, fortsat behandlingen, kontroller P- kreatininkinase indenfor 2-4 uger.P-kreatininkinase < 10 gange øverste normalgrænse:hvis symptomer, pauser statin og afvent normalisering af P-kreatininkinase før genoptagelse med en lavere statindosis.Læs mere:Statiner.",True,False
page_06761.html,https://pro.medicin.dk/Medicin/Praeparater/6761#a102,N05AH04,NA,NA,NA,NA,NA,NA,NA,NA,NA,False,False
page_06766.html,https://pro.medicin.dk/Medicin/Praeparater/6766#a102,N03AX09,NA,NA,NA,NA,NA,NA,NA,NA,"Kronisk nyresvigt påvirker ikke plasmakoncentrationen af lamotrigin, men der kan forventes akkumulering af glucuronidmetabolitten. Ved patienter med nyresvigt i slutstadiet skal initialdosis baseres på de lægemidler, som patienten tager samtidigt, og lavere vedligeholdelsesdoser kan være effektive.",True,False
page_06769.html,https://pro.medicin.dk/Medicin/Praeparater/6769#a102,C03DA01,<50 ml/min.,[0],[49],≥17 år,[17],[150],forsigtighed,dosisjustering,"Primær hyperaldosteronisme, ødemer: Initialdosis 12,5 mg dgl. stigende til højst 300 mg dgl.; Hjerteinsufficiens: Initialdosis 12,5 mg dgl. stigende til højst 25 mg dgl.: Initialdosis 12,5 mg dgl. stigende til højst 25 mg dgl.",True,True
page_06776.html,https://pro.medicin.dk/Medicin/Praeparater/6776#a102,J01CR02,<10 ml/min.,[0],[9],NA,NA,NA,forsigtighed,dosisjustering,"Højst 500 mg/125 mg 3 gange dgl.Ved behandling i kortere tid, op til 1 uge, er der ikke behov for dosisreduktion.",True,False
page_06780.html,https://pro.medicin.dk/Medicin/Praeparater/6780#a102,A07AA12,NA,NA,NA,NA,NA,NA,NA,NA,NA,False,False
page_06783.html,https://pro.medicin.dk/Medicin/Praeparater/6783#a102,J07BC01,NA,NA,NA,NA,NA,NA,NA,NA,NA,False,False
page_06786.html,https://pro.medicin.dk/Medicin/Praeparater/6786#a102,N03AX09,NA,NA,NA,NA,NA,NA,NA,NA,"Kronisk nyresvigt påvirker ikke plasmakoncentrationen af lamotrigin, men der kan forventes akkumulering af glucuronidmetabolitten. Ved patienter med nyresvigt i slutstadiet skal initialdosis baseres på de lægemidler, som patienten tager samtidigt, og lavere vedligeholdelsesdoser kan være effektive.",True,False
page_06787.html,https://pro.medicin.dk/Medicin/Praeparater/6787#a102,C09CA06,<30 ml/min.,[0],[29],NA,NA,NA,forsigtighed,monitorering,Rutinemæssig monitorering af P-kalium og P-kreatinin.GFR < 15 ml/min:Begrænset erfaring ved hypertension.,True,False
page_06789.html,https://pro.medicin.dk/Medicin/Praeparater/6789#a102,N05BA12,<60 ml/min.,[0],[59],NA,NA,NA,forsigtighed,dosisjustering,"Depottabletter.Voksne.Fx initialt 0,5-1 mg dgl. fordelt på 1-2 doser. Dosis kan øges gradvist efter behov og tolerans.",True,False
page_06791.html,https://pro.medicin.dk/Medicin/Praeparater/6791#a102,R03AC03,NA,NA,NA,NA,NA,NA,NA,NA,NA,False,False
page_06796.html,https://pro.medicin.dk/Medicin/Praeparater/6796#a102,H01CB05,<30 ml/min.,[0],[29],NA,NA,NA,forsigtighed,øget bivirkningsrisiko,Forsigtighed pga. øget eksponering af ubundet pasireotid.,True,False
page_06797.html,https://pro.medicin.dk/Medicin/Praeparater/6797#a102,L01BB02,NA,NA,NA,NA,NA,NA,NA,NA,NA,False,False
page_06805.html,https://pro.medicin.dk/Medicin/Praeparater/6805#a102,H01BA02,<50 ml/min.,[0],[49],NA,NA,NA,kontraindiceret,NA,AUC og halveringstiden øges med øget sværhedsgrad af nedsat nyrefunktion.,True,False
page_06806.html,https://pro.medicin.dk/Medicin/Praeparater/6806#a102,V07AB,NA,NA,NA,NA,NA,NA,NA,NA,NA,False,False
page_06808.html,https://pro.medicin.dk/Medicin/Praeparater/6808#a102,N01AX13,NA,NA,NA,NA,NA,NA,NA,NA,NA,False,False
page_06809.html,https://pro.medicin.dk/Medicin/Praeparater/6809#a102,V03AN01,NA,NA,NA,NA,NA,NA,NA,NA,NA,False,False
page_06811.html,https://pro.medicin.dk/Medicin/Praeparater/6811#a102,V03AN05,NA,NA,NA,NA,NA,NA,NA,NA,NA,False,False
page_06813.html,https://pro.medicin.dk/Medicin/Praeparater/6813#a102,N06DA03,NA,NA,NA,NA,NA,NA,NA,NA,NA,False,False
page_06814.html,https://pro.medicin.dk/Medicin/Praeparater/6814#a102,M05BA06,<30 ml/min.,[0],[29],≥18 år,[18],[150],forsigtighed,dosisjustering,Tumorinduceret hypercalcæmi og forebyggelse af komplikationer ved osteolytiske knoglemetastaser.: 50 mg 1 gang om ugen; Mod osteoporose: Kontraindiceret.: Kontraindiceret.,True,True
page_06816.html,https://pro.medicin.dk/Medicin/Praeparater/6816#a102,R03BA08,NA,NA,NA,NA,NA,NA,NA,NA,NA,False,False
page_06818.html,https://pro.medicin.dk/Medicin/Praeparater/6818#a102,R06AX27,NA,NA,NA,NA,NA,NA,NA,NA,Anvendes med forsigtighed ved svær nyreinsufficiens.,True,False
page_06820.html,https://pro.medicin.dk/Medicin/Praeparater/6820#a102,N03AX14,<30 ml/min.; <30 ml/min.; <30 ml/min.; 30-50 ml/min.; 30-50 ml/min.; 30-50 ml/min.; 50-80 ml/min.; 50-80 ml/min.; 50-80 ml/min.,"[0, 0, 0, 30, 30, 30, 50, 50, 50]","[29, 29, 29, 50, 50, 50, 80, 80, 80]",2-17 år; 12-17 år; ≥17 år; 2-17 år; 12-17 år; ≥17 år; 2-17 år; 12-17 år; ≥17 år,"[2, 12, 17, 2, 12, 17, 2, 12, 17]","[17, 17, 150, 17, 17, 150, 17, 17, 150]",forsigtighed; forsigtighed; forsigtighed; forsigtighed; forsigtighed; forsigtighed; forsigtighed; forsigtighed; forsigtighed,dosisjustering; dosisjustering; dosisjustering; dosisjustering; dosisjustering; dosisjustering; dosisjustering; dosisjustering; dosisjustering,Højst 20 mg pr. kg legemsvægt dgl.; Højst 1.000 mg dgl.Samme dosis til patienter i dialyse. Efter dialyse anbefales 250 mg til 500 mg som supplerende dosis.; Højst 1.000 mg dgl.Samme dosis til patienter i dialyse. Efter dialyse anbefales 250 mg til 500 mg som supplerende dosis.; Højst 30 mg pr. kg legemsvægt dgl.; Højst 1.500 mg dgl.; Højst 1.500 mg dgl.; Højst 40 mg pr. kg legemsvægt dgl.; Højst 2.000 mg dgl.; Højst 2.000 mg dgl.,True,False
page_06824.html,https://pro.medicin.dk/Medicin/Praeparater/6824#a102,R05CB16,NA,NA,NA,NA,NA,NA,NA,NA,NA,False,False
page_06826.html,https://pro.medicin.dk/Medicin/Praeparater/6826#a102,L01XD04,NA,NA,NA,NA,NA,NA,NA,NA,NA,False,False
page_06827.html,https://pro.medicin.dk/Medicin/Praeparater/6827#a102,S01BA05,NA,NA,NA,NA,NA,NA,NA,NA,NA,False,False
page_06828.html,https://pro.medicin.dk/Medicin/Praeparater/6828#a102,S02CA06,NA,NA,NA,NA,NA,NA,NA,NA,NA,False,False
page_06830.html,https://pro.medicin.dk/Medicin/Praeparater/6830#a102,S01EE01,NA,NA,NA,NA,NA,NA,NA,NA,NA,False,False
page_06832.html,https://pro.medicin.dk/Medicin/Praeparater/6832#a102,C08CA01,NA,NA,NA,NA,NA,NA,NA,NA,NA,False,False
page_06836.html,https://pro.medicin.dk/Medicin/Praeparater/6836#a102,M01AB05,30-60 ml/min.; <30 ml/min.,"[30, 0]","[60, 29]",NA; NA,"['NA', 'NA']","['NA', 'NA']",forsigtighed; kontraindiceret,monitorering; øget bivirkningsrisiko,Prostaglandiner har betydning for opretholdelse af normal nyregennemblødning. NSAID's hæmning af prostaglandinsyntesen kan derfor forårsage nedsat nyregennemblødning og dermed forværret nyrefunktion. Tæt monitorering af nyrefunktionen tilrådes.; Prostaglandiner har betydning for opretholdelse af normal nyregennemblødning. NSAID's hæmning af prostaglandinsyntesen kan derfor forårsage nedsat nyregennemblødning og dermed forværret nyrefunktion.,True,False
page_06838.html,https://pro.medicin.dk/Medicin/Praeparater/6838#a102,J01CA04,<60 ml/min.; <10 ml/min.,"[0, 0]","[59, 9]",NA; NA,"['NA', 'NA']","['NA', 'NA']",forsigtighed; forsigtighed,hjælpestoffer; dosisjustering,Indeholder benzylalkohol der skal bruges med forsigtighed ved nedsat nyre- og leverfunktion. Læs mereher.; Dosis 250 mg -1.000 mg 3 gange dgl. Højst 6 g dgl. ved endocarditis.Ved behandling i kortere tid er dosisreduktion ikke nødvendigt.,True,False
page_06842.html,https://pro.medicin.dk/Medicin/Praeparater/6842#a102,A10BD11,<30 ml/min.; 30-45 ml/min.,"[0, 30]","[29, 45]",NA; ≥17 år,"['NA', 17]","['NA', 150]",kontraindiceret; forsigtighed,NA; dosisjustering,"Kontraindiceret pga. metformin.Mulige alternativer, seType 2-diabetes.; Højst 1 tablet (2,5 mg linagliptin og 1.000 mg metformin) 1 gang dgl.For enkeltstofferne gælder:Metformin:GFR 30-45 ml/min:Højst 1 g dgl.GFR < 30 ml/min: Kontraindiceret.Linagliptin:Dosisjustering ikke nødvendigt.",True,False
page_06843.html,https://pro.medicin.dk/Medicin/Praeparater/6843#a102,L01EJ01,<30 ml/min.,[0],[29],NA,NA,NA,forsigtighed,dosisjustering,Dosis nedsættes til 50% af normaldosis.HæmodialyseTrombocyttal > 200 x 109/l.20 mg efter hver dialyse (evt. givet som 2 gange 10 mg med 12 timers mellemrum).Trombocyttal 100-200 x 109/l.15 mg efter hver dialyse.Polycythaemia vera.10 mg efter hver dialyse (evt. givet som 2 gange 5 mg med 12 timers mellemrum).,True,False
page_06845.html,https://pro.medicin.dk/Medicin/Praeparater/6845#a102,C09CA04,NA,NA,NA,NA,NA,NA,NA,NA,NA,False,False
page_06846.html,https://pro.medicin.dk/Medicin/Praeparater/6846#a102,L04AD02,<60 ml/min.,[0],[59],NA,NA,NA,forsigtighed,monitorering,"Tacrolimus kan medføre nedsat nyrefunktion efter transplantation. Tæt monitorering pga. risiko for, at akut nyreinsufficiens uden aktiv indgriben kan udvikle sig til kronisk nyreinsufficiens. Det kan evt. være nødvendigt med nedsat dosis. Se også Interaktioner.",True,False
page_06848.html,https://pro.medicin.dk/Medicin/Praeparater/6848#a102,N05AH03,<60 ml/min.,[0],[59],NA,NA,NA,forsigtighed,dosisjustering,Voksne.Lavere initialdosis (5 mg) kan overvejes.,True,False
page_06851.html,https://pro.medicin.dk/Medicin/Praeparater/6851#a102,C07AB07,<15 ml/min.,[0],[14],≥17 år,[17],[150],forsigtighed,dosisjustering,Højst 10 mg dgl.,True,False
page_06852.html,https://pro.medicin.dk/Medicin/Praeparater/6852#a102,H02AB09,<60 ml/min.,[0],[59],NA,NA,NA,forsigtighed,øget bivirkningsrisiko,"Glukokortikoider kan medføre hypernatriæmi, hypokaliæmi, væskeretention og forhøjelse af blodtrykket.",True,False
page_06853.html,https://pro.medicin.dk/Medicin/Praeparater/6853#a102,R06AX27,NA,NA,NA,NA,NA,NA,NA,NA,Anvendes med forsigtighed ved svær nyreinsufficiens.,True,False
page_06854.html,https://pro.medicin.dk/Medicin/Praeparater/6854#a102,R03BB05,NA,NA,NA,NA,NA,NA,NA,NA,NA,False,False
page_06855.html,https://pro.medicin.dk/Medicin/Praeparater/6855#a102,N03AX22,NA,NA,NA,NA,NA,NA,NA,NA,NA,False,False
page_06856.html,https://pro.medicin.dk/Medicin/Praeparater/6856#a102,S01ED01,NA,NA,NA,NA,NA,NA,NA,NA,NA,False,False
page_06858.html,https://pro.medicin.dk/Medicin/Praeparater/6858#a102,C03AA03,<30 ml/min.,[0],[29],NA,NA,NA,forsigtighed,monitorering,"Tæt monitorering af P-kalium og P-kreatinin. HCT har formentlig ingen diuretisk effekt, men kan stadig have en antihypertensiv effekt via nedsættelse af den totale perifere modstand.",True,False
page_06865.html,https://pro.medicin.dk/Medicin/Praeparater/6865#a102,J01DI02,<50 ml/min.,[0],[49],"AlderLegems-vægtNyrefunktionGFR30-50 ml/min.GFR15-30 ml/min.Slutstadium af nyresygdom inkl. hæmodialyseVoksne400 mg hver 12. time300 mg hver 12. time200 mg hver 12. timeBørn 12-18 år≥ 33 kg400 mg hver 12. time300 mg hver 12. time200 mg hver 12. time< 33 kg8 mg/kg* legemsvægt hver 8. time6 mg/kg** hver 8. time-Børn 2-12 år8 mg/kg* legemsvægt hver 8. time6 mg/kg** hver 8. time-Børn < 2 år---* Dosis, der gives hver 8. time, må ikke overstige 300 mg.** Dosis, der gives hver 8. time, må ikke overstige 200 mg.",,,forsigtighed,dosisjustering,"GFR30-50 ml/min.: GFR15-30 ml/min.: Slutstadium af nyresygdom inkl. hæmodialyse; Voksne: 400 mg hver 12. time: 300 mg hver 12. time: 200 mg hver 12. time; Børn 12-18 år: ≥ 33 kg: 400 mg hver 12. time: 300 mg hver 12. time: 200 mg hver 12. time; < 33 kg: 8 mg/kg* legemsvægt hver 8. time: 6 mg/kg** hver 8. time: -; Børn 2-12 år: 8 mg/kg* legemsvægt hver 8. time: 6 mg/kg** hver 8. time: -; Børn < 2 år: -: -: -; * Dosis, der gives hver 8. time, må ikke overstige 300 mg.** Dosis, der gives hver 8. time, må ikke overstige 200 mg.: * Dosis, der gives hver 8. time, må ikke overstige 300 mg.** Dosis, der gives hver 8. time, må ikke overstige 200 mg.",True,True
page_06866.html,https://pro.medicin.dk/Medicin/Praeparater/6866#a102,C09CA04,NA,NA,NA,NA,NA,NA,NA,NA,NA,False,False
page_06870.html,https://pro.medicin.dk/Medicin/Praeparater/6870#a102,A06AX05,<30 ml/min.,[0],[29],≥18 år,[18],[150],forsigtighed,dosisjustering,Højst 1 mg dgl. Kontraindiceret ved dialysekrævende nyreinsufficiens.,True,False
page_06871.html,https://pro.medicin.dk/Medicin/Praeparater/6871#a102,L01DB11,NA,NA,NA,NA,NA,NA,NA,NA,NA,False,False
page_06875.html,https://pro.medicin.dk/Medicin/Praeparater/6875#a102,L01EK01,NA,NA,NA,NA,NA,NA,NA,NA,NA,False,False
page_06877.html,https://pro.medicin.dk/Medicin/Praeparater/6877#a102,G03XB02,<30 ml/min.,[0],[29],NA,NA,NA,forsigtighed,monitorering,Dosisjustering er ikke nødvendig ved let til moderat nedsat nyrefunktion. Erfaring savnes ved GFR < 30 ml/min. Tæt monitorering tilrådes.,True,False
page_06879.html,https://pro.medicin.dk/Medicin/Praeparater/6879#a102,C01CA26,NA,NA,NA,NA,NA,NA,NA,NA,NA,False,False
page_06883.html,https://pro.medicin.dk/Medicin/Praeparater/6883#a102,J07AH08,NA,NA,NA,NA,NA,NA,NA,NA,NA,False,False
page_06885.html,https://pro.medicin.dk/Medicin/Praeparater/6885#a102,C01BC04,<35 ml/min.,[0],[34],≥12 år,[12],[150],forsigtighed,dosisjustering,Initialdosis 100 mg og forsigtig dosisøgning til højst 200 mg dgl.Tæt monitorering af plasmakoncentrationen anbefales pga. langsommere elimination af flecainid.,True,False
page_06892.html,https://pro.medicin.dk/Medicin/Praeparater/6892#a102,N02AA05,<10 ml/min.; 10-50 ml/min.,"[0, 10]","[9, 50]",NA; NA,"['NA', 'NA']","['NA', 'NA']",forsigtighed; forsigtighed,dosisjustering; dosisjustering,"50% reduktion af normaldosis. Lav startdosis, fx 10 mg oralt. Individuel titrering til smertekontrol.; 25 % reduktion af normaldosis.",True,False
page_06895.html,https://pro.medicin.dk/Medicin/Praeparater/6895#a102,N04BX02,NA,NA,NA,NA,NA,NA,NA,NA,NA,False,False
page_06898.html,https://pro.medicin.dk/Medicin/Praeparater/6898#a102,R07AX02,<30 ml/min.,[0],[29],NA,NA,NA,forsigtighed,ingen eller begrænset erfaring,Dosisjustering er ikke nødvendig ved let til moderat nedsat nyrefunktion. Forsigtighed tilrådes ved GFR < 30 ml/min.,True,False
page_06903.html,https://pro.medicin.dk/Medicin/Praeparater/6903#a102,A02BC01,NA,NA,NA,NA,NA,NA,NA,NA,NA,False,False
page_06909.html,https://pro.medicin.dk/Medicin/Praeparater/6909#a102,N02AA05,<10 ml/min.; 10-50 ml/min.,"[0, 10]","[9, 50]",NA; NA,"['NA', 'NA']","['NA', 'NA']",forsigtighed; forsigtighed,dosisjustering; dosisjustering,"50% reduktion af normaldosis. Lav startdosis, fx 10 mg oralt. Individuel titrering til smertekontrol.; 25 % reduktion af normaldosis.",True,False
page_06913.html,https://pro.medicin.dk/Medicin/Praeparater/6913#a102,N06DA02,NA,NA,NA,NA,NA,NA,NA,NA,NA,False,False
page_06915.html,https://pro.medicin.dk/Medicin/Praeparater/6915#a102,S01EA05,NA,NA,NA,NA,NA,NA,NA,NA,NA,False,False
page_06917.html,https://pro.medicin.dk/Medicin/Praeparater/6917#a102,V03AB17,<60 ml/min.,[0],[59],NA,NA,NA,forsigtighed,dosisjustering,Voksne og børn > 3 mdr:Forsigtighed og evt. dosisreduktion til < 1 mg/kg pga. begrænset erfaring.,True,False
page_06919.html,https://pro.medicin.dk/Medicin/Praeparater/6919#a102,R03BB06,<30 ml/min.,[0],[29],NA,NA,NA,forsigtighed,monitorering,Den systemiske eksponering kan være øget. Tæt monitorering for potentielle bivirkninger anbefales.,True,False
page_06922.html,https://pro.medicin.dk/Medicin/Praeparater/6922#a102,L01ED01,<30 ml/min.,[0],[29],NA,NA,NA,forsigtighed,dosisjustering,Voksne.Dosis nedsættes til 250 mg 1 gang dgl.,True,False
page_06926.html,https://pro.medicin.dk/Medicin/Praeparater/6926#a102,G03AA09,NA,NA,NA,NA,NA,NA,NA,NA,NA,False,False
page_06936.html,https://pro.medicin.dk/Medicin/Praeparater/6936#a102,C07AB07,<15 ml/min.,[0],[14],≥17 år,[17],[150],forsigtighed,dosisjustering,Højst 10 mg dgl.,True,False
page_06937.html,https://pro.medicin.dk/Medicin/Praeparater/6937#a102,L01FX05,<60 ml/min.,[0],[59],NA,NA,NA,forsigtighed,dosisjustering,"GFR < 60 ml/min.Monitorering for bivirkninger.GFR < 30 ml/min.Dosis nedsættes til 1,2 mg/kg legemsvægt (dog højst 120 mg).",True,False
page_06940.html,https://pro.medicin.dk/Medicin/Praeparater/6940#a102,J01FA10,<10 ml/min.,[0],[9],NA,NA,NA,forsigtighed,øget bivirkningsrisiko,En stigning i AUC på 33% for azithromycin er set ved GFR < 10 ml/min. Forsigtighed tilrådes.,True,False
page_06941.html,https://pro.medicin.dk/Medicin/Praeparater/6941#a102,A10BK01,<25 ml/min.; 25-45 ml/min.,"[0, 25]","[24, 45]",NA; NA,"['NA', 'NA']","['NA', 'NA']",forsigtighed; forsigtighed,betinget; betinget,Behandling af type 2-diabetesBehandling bør ikke initieres som antidiabetikum.Igangværende behandling kan fortsætte med uændret dosis pga. nyrebeskyttende effekt indtil dialyse eller transplantation.Yderligere glucosesænkende behandling bør overvejes.Behandling af kronisk nyresygdom (CKD) eller hjerteinsufficiensBehandling bør ikke initieres.Igangværende behandling kan fortsætte med uændret dosering pga. nyrebeskyttende effekt indtil dialyse eller transplantation.; Behandling af type 2-diabetes:Uændret dosering.Yderligere glucosesænkende behandling bør overvejes.,True,False
page_06943.html,https://pro.medicin.dk/Medicin/Praeparater/6943#a102,B02BD11,NA,NA,NA,NA,NA,NA,NA,NA,NA,False,False
page_06944.html,https://pro.medicin.dk/Medicin/Praeparater/6944#a102,N04BX02,NA,NA,NA,NA,NA,NA,NA,NA,NA,False,False
page_06949.html,https://pro.medicin.dk/Medicin/Praeparater/6949#a102,C01EB21,NA,NA,NA,NA,NA,NA,NA,NA,NA,False,False
page_06952.html,https://pro.medicin.dk/Medicin/Praeparater/6952#a102,C09AA10,<30 ml/min.,[0],[29],≥17 år,[17],[150],forsigtighed,dosisjustering,"Initialdosis 0,5 mg dgl. Højst 1 mg dgl. Rutinemæssig monitorering af P-kalium og P-kreatinin.Ved opstart accepteres et fald i eGFR på op til 30 %.",True,False
page_06954.html,https://pro.medicin.dk/Medicin/Praeparater/6954#a102,R03AK11,NA,NA,NA,NA,NA,NA,NA,NA,NA,False,False
page_06962.html,https://pro.medicin.dk/Medicin/Praeparater/6962#a102,H02AB01,<60 ml/min.,[0],[59],NA,NA,NA,forsigtighed,NA,"Systemisk anvendelse:Glukokortikoider kan medføre hypernatriæmi, hypokaliæmi, væskeretention og forhøjelse af blodtrykket.BenzylalkoholIndeholder benzylalkohol der skal bruges med forsigtighed ved nedsat nyre- og leverfunktion. Læs mereher.",True,False
page_06963.html,https://pro.medicin.dk/Medicin/Praeparater/6963#a102,S01LA05,NA,NA,NA,NA,NA,NA,NA,NA,NA,False,False
page_06983.html,https://pro.medicin.dk/Medicin/Praeparater/6983#a102,N07CA01,NA,NA,NA,NA,NA,NA,NA,NA,NA,False,False
page_06984.html,https://pro.medicin.dk/Medicin/Praeparater/6984#a102,C09CA04,NA,NA,NA,NA,NA,NA,NA,NA,NA,False,False
page_06987.html,https://pro.medicin.dk/Medicin/Praeparater/6987#a102,N06AB05,<30 ml/min.,[0],[29],≥18 år,[18],[150],forsigtighed,dosisjustering,Højst 40 mg dgl.Øgede plasmakoncentrationer af paroxetin ses ved svært nedsat nyrefunktion. Der anbefales dosering i den lave del af dosisområdet.,True,False
page_06991.html,https://pro.medicin.dk/Medicin/Praeparater/6991#a102,D01AE14,NA,NA,NA,NA,NA,NA,NA,NA,NA,False,False
page_06992.html,https://pro.medicin.dk/Medicin/Praeparater/6992#a102,N05BE01,<20 ml/min.; 20-50 ml/min.,"[0, 20]","[19, 50]",NA; ≥17 år,"['NA', 17]","['NA', 150]",kontraindiceret; forsigtighed,øget bivirkningsrisiko; dosisjustering,Op til 63% af buspiron og de aktive metabolitter udskilles via nyrerne. Risiko for akkumulering ved stærkt nedsat nyrefunktion.; Lav initialdosis. Virkning og symptomer bør evalueres omhyggeligt før en evt. dosisøgning  til højst 20 mg 2 gange dgl.,True,False
page_06993.html,https://pro.medicin.dk/Medicin/Praeparater/6993#a102,D07AC13,NA,NA,NA,NA,NA,NA,NA,NA,NA,False,False
page_06995.html,https://pro.medicin.dk/Medicin/Praeparater/6995#a102,A03BA01,NA,NA,NA,NA,NA,NA,NA,NA,NA,False,False
page_06996.html,https://pro.medicin.dk/Medicin/Praeparater/6996#a102,S01EE01,NA,NA,NA,NA,NA,NA,NA,NA,NA,False,False
page_06999.html,https://pro.medicin.dk/Medicin/Praeparater/6999#a102,C09DA06,<30 ml/min.,[0],[29],NA,NA,NA,forsigtighed,monitorering,Tæt monitorering af P-kalium og P-kreatinin pga. indhold af hydrochlorthiazid.GFR < 15 ml/min:Begrænset erfaring med candesartan ved hypertension.,True,False
page_07000.html,https://pro.medicin.dk/Medicin/Praeparater/7000#a102,L01EA04,<30 ml/min.; 30-50 ml/min.,"[0, 30]","[29, 50]",NA; NA,"['NA', 'NA']","['NA', 'NA']",forsigtighed; forsigtighed,dosisjustering; dosisjustering,Nydiagnosticeret:Voksne.200 mg 1 gang dgl. sammen med føde. Dosis kan evt. øges til 300 mg 1 gang dgl.Efter tidligere behandling:Voksne.300 mg 1 gang dgl.; Nydiagnosticeret:Voksne. 300 mg 1 gang dgl. sammen med føde. Dosis kan evt. øges til 400 mg 1 gang dgl.Efter tidligere behandling:Voksne. 400 mg 1 gang dgl. Dosis kan evt. øges til 500 mg 1 gang dgl.,True,False
page_07001.html,https://pro.medicin.dk/Medicin/Praeparater/7001#a102,G04BD12,<15 ml/min.; 15-30 ml/min.,"[0, 15]","[14, 30]",NA; ≥3 år,"['NA', 3]","['NA', 150]",kontraindiceret; forsigtighed,erfaring savnes; dosisjustering,Erfaring savnes.; Højst 25 mg dgl. Samtidig brug af potente CYP3A4-hæmmere er kontraindiceret.,True,False
page_07003.html,https://pro.medicin.dk/Medicin/Praeparater/7003#a102,L01DB03,NA,NA,NA,NA,NA,NA,NA,NA,NA,False,False
page_07005.html,https://pro.medicin.dk/Medicin/Praeparater/7005#a102,C09CA06,<30 ml/min.,[0],[29],NA,NA,NA,forsigtighed,monitorering,Rutinemæssig monitorering af P-kalium og P-kreatinin.GFR < 15 ml/min:Begrænset erfaring ved hypertension.,True,False
page_07008.html,https://pro.medicin.dk/Medicin/Praeparater/7008#a102,G04BD07,<30 ml/min.,[0],[29],≥17 år,[17],[150],forsigtighed,dosisjustering,Højst 2 mg 1 gang dgl.,True,False
page_07009.html,https://pro.medicin.dk/Medicin/Praeparater/7009#a102,G03AA12,<30 ml/min.,[0],[29],NA,NA,NA,kontraindiceret,NA,Højere serumkoncentration af drospirenon er set ved nedsat nyrefunktion.,True,False
page_07010.html,https://pro.medicin.dk/Medicin/Praeparater/7010#a102,N06DX01,<30 ml/min.,[0],[29],≥17 år,[17],[150],forsigtighed,dosisjustering,Initialdosis 5 mg 1 gang dgl. Efter 1 uge evt. dosisøgning til højst 10 mg 1 gang dgl.,True,False
page_07013.html,https://pro.medicin.dk/Medicin/Praeparater/7013#a102,S01AA27,NA,NA,NA,NA,NA,NA,NA,NA,NA,False,False
page_07015.html,https://pro.medicin.dk/Medicin/Praeparater/7015#a102,R03DC03,NA,NA,NA,NA,NA,NA,NA,NA,NA,False,False
page_07017.html,https://pro.medicin.dk/Medicin/Praeparater/7017#a102,R03DC03,NA,NA,NA,NA,NA,NA,NA,NA,NA,False,False
page_07018.html,https://pro.medicin.dk/Medicin/Praeparater/7018#a102,R03DC03,NA,NA,NA,NA,NA,NA,NA,NA,NA,False,False
page_07020.html,https://pro.medicin.dk/Medicin/Praeparater/7020#a102,R03DC03,NA,NA,NA,NA,NA,NA,NA,NA,NA,False,False
page_07026.html,https://pro.medicin.dk/Medicin/Praeparater/7026#a102,L01XA02,<60 ml/min.,[0],[59],NA,NA,NA,forsigtighed,dosisjustering,Øget risiko for alvorlig myelosuppression.GFR 40-60 ml/min:Initialdosis bør nedsættes til 250 mg/m2i.v.GFR 15-39 ml/min:Initialdosis bør nedsættes til 200 mg/m2i.v.GFR < 15 ml/min:Erfaring savnes.Dosis bør efterfølgende justeres i henhold til tolerans og graden af myelosuppression.,True,False
page_07028.html,https://pro.medicin.dk/Medicin/Praeparater/7028#a102,N05AE04,NA,NA,NA,NA,NA,NA,NA,NA,NA,False,False
page_07029.html,https://pro.medicin.dk/Medicin/Praeparater/7029#a102,A11CC03,<30 ml/min.,[0],[29],NA,NA,NA,forsigtighed,monitorering,Hyppig kontrol af P-calcium og P-fosfat.,True,False
page_07030.html,https://pro.medicin.dk/Medicin/Praeparater/7030#a102,A10AE06,NA,NA,NA,NA,NA,NA,NA,NA,NA,False,False
page_07032.html,https://pro.medicin.dk/Medicin/Praeparater/7032#a102,N06AX16,30-60 ml/min.; <30 ml/min.,"[30, 0]","[60, 29]",NA; ≥18 år,"['NA', 18]","['NA', 150]",forsigtighed; forsigtighed,monitorering; dosisjustering,"Dosisjustering er ikke nødvendig, men forsigtighed tilrådes. Anvend lavest mulige dosis og overvåg patienten omhyggeligt, hvis en dosisøgning er nødvendig.; Angst, panikangst og socialfobi: Højst 113 mg dgl.; Depression, forebyggelse af depression: Højst 188 mg dgl.: Højst 188 mg dgl.",True,True
page_07033.html,https://pro.medicin.dk/Medicin/Praeparater/7033#a102,N04BC07,<60 ml/min.,[0],[59],NA,NA,NA,forsigtighed,øget bivirkningsrisiko,"Alm. doseringsplan følges, men forsigtighed tilrådes.",True,False
page_07038.html,https://pro.medicin.dk/Medicin/Praeparater/7038#a102,S01ED51,NA,NA,NA,NA,NA,NA,NA,NA,NA,False,False
page_07040.html,https://pro.medicin.dk/Medicin/Praeparater/7040#a102,N02AA05,<10 ml/min.; 10-50 ml/min.,"[0, 10]","[9, 50]",NA; NA,"['NA', 'NA']","['NA', 'NA']",forsigtighed; forsigtighed,dosisjustering; dosisjustering,"50% reduktion af normaldosis. Lav startdosis, fx 10 mg oralt. Individuel titrering til smertekontrol.; 25 % reduktion af normaldosis.",True,False
page_07042.html,https://pro.medicin.dk/Medicin/Praeparater/7042#a102,N03AX14,<30 ml/min.; <30 ml/min.; <30 ml/min.; 30-50 ml/min.; 30-50 ml/min.; 30-50 ml/min.; 50-80 ml/min.; 50-80 ml/min.; 50-80 ml/min.,"[0, 0, 0, 30, 30, 30, 50, 50, 50]","[29, 29, 29, 50, 50, 50, 80, 80, 80]",2-17 år; 12-17 år; ≥17 år; 2-17 år; 12-17 år; ≥17 år; 2-17 år; 12-17 år; ≥17 år,"[2, 12, 17, 2, 12, 17, 2, 12, 17]","[17, 17, 150, 17, 17, 150, 17, 17, 150]",forsigtighed; forsigtighed; forsigtighed; forsigtighed; forsigtighed; forsigtighed; forsigtighed; forsigtighed; forsigtighed,dosisjustering; dosisjustering; dosisjustering; dosisjustering; dosisjustering; dosisjustering; dosisjustering; dosisjustering; dosisjustering,Højst 20 mg pr. kg legemsvægt dgl.; Højst 1.000 mg dgl.Samme dosis til patienter i dialyse. Efter dialyse anbefales 250 mg til 500 mg som supplerende dosis.; Højst 1.000 mg dgl.Samme dosis til patienter i dialyse. Efter dialyse anbefales 250 mg til 500 mg som supplerende dosis.; Højst 30 mg pr. kg legemsvægt dgl.; Højst 1.500 mg dgl.; Højst 1.500 mg dgl.; Højst 40 mg pr. kg legemsvægt dgl.; Højst 2.000 mg dgl.; Højst 2.000 mg dgl.,True,False
page_07046.html,https://pro.medicin.dk/Medicin/Praeparater/7046#a102,R01AD58,NA,NA,NA,NA,NA,NA,NA,NA,NA,False,False
page_07048.html,https://pro.medicin.dk/Medicin/Praeparater/7048#a102,S02CA05,NA,NA,NA,NA,NA,NA,NA,NA,NA,False,False
page_07050.html,https://pro.medicin.dk/Medicin/Praeparater/7050#a102,N05AE04,NA,NA,NA,NA,NA,NA,NA,NA,NA,False,False
page_07051.html,https://pro.medicin.dk/Medicin/Praeparater/7051#a102,N03AF01,NA,NA,NA,NA,NA,NA,NA,NA,NA,False,False
page_07054.html,https://pro.medicin.dk/Medicin/Praeparater/7054#a102,L01XA01,<30 ml/min.; 30-60 ml/min.,"[0, 30]","[29, 60]",NA; NA,"['NA', 'NA']","['NA', 'NA']",kontraindiceret; forsigtighed,øget bivirkningsrisiko; dosisjustering,"Risiko for akkumulation, da det primært udskilles gennem nyrerne.; Dosis bør nedsættes.",True,False
page_07055.html,https://pro.medicin.dk/Medicin/Praeparater/7055#a102,L01DB01,<10 ml/min.,[0],[9],NA,NA,NA,forsigtighed,dosisjustering,Dosis bør nedsættes til 75 % af normaldosis.,True,False
page_07056.html,https://pro.medicin.dk/Medicin/Praeparater/7056#a102,L01BC02,<60 ml/min.,[0],[59],NA,NA,NA,forsigtighed,dosisjustering,"Forsigtighed tilrådes:Ved moderat og svært nedsat nyrefunktion kan uracilniveauer i blodet være forhøjede og skal tolkes med forsigtighed. Mulig øget risiko for fejldiagnosticering af DFD-mangel med følgende underdosering.Det angives i produktresume, at dosisreduktion kan være påkrævet ved nedsat nyrefunktion, men i andre kilder(6355)(6356)anbefales dette ikke.",True,False
page_07058.html,https://pro.medicin.dk/Medicin/Praeparater/7058#a102,L01FD02,NA,NA,NA,NA,NA,NA,NA,NA,NA,False,False
page_07060.html,https://pro.medicin.dk/Medicin/Praeparater/7060#a102,R03DC03,NA,NA,NA,NA,NA,NA,NA,NA,NA,False,False
page_07062.html,https://pro.medicin.dk/Medicin/Praeparater/7062#a102,G04BD07,<30 ml/min.,[0],[29],≥17 år,[17],[150],forsigtighed,dosisjustering,Højst 2 mg 1 gang dgl.,True,False
page_07066.html,https://pro.medicin.dk/Medicin/Praeparater/7066#a102,N06BA12,<15 ml/min.; 15-30 ml/min.,"[0, 15]","[14, 30]",≥6 år; ≥6 år,"[6, 6]","[150, 150]",forsigtighed; forsigtighed,dosisjustering; dosisjustering,Højst 30 mg 1 gang dgl.; Højst 50 mg 1 gang dgl.,True,False
page_07068.html,https://pro.medicin.dk/Medicin/Praeparater/7068#a102,J01AA04,<10 ml/min.,[0],[9],NA,NA,NA,kontraindiceret,NA,"Kontraindiceret, da lymecyclin udskilles gennem nyrerne.",True,False
page_07071.html,https://pro.medicin.dk/Medicin/Praeparater/7071#a102,G04BD07,<30 ml/min.,[0],[29],≥17 år,[17],[150],forsigtighed,dosisjustering,Højst 2 mg 1 gang dgl.,True,False
page_07073.html,https://pro.medicin.dk/Medicin/Praeparater/7073#a102,J07BD52,NA,NA,NA,NA,NA,NA,NA,NA,NA,False,False
page_07084.html,https://pro.medicin.dk/Medicin/Praeparater/7084#a102,A08AB01,NA,NA,NA,NA,NA,NA,NA,NA,NA,False,False
page_07085.html,https://pro.medicin.dk/Medicin/Praeparater/7085#a102,R03DC03,NA,NA,NA,NA,NA,NA,NA,NA,NA,False,False
page_07086.html,https://pro.medicin.dk/Medicin/Praeparater/7086#a102,N01AF03,<30 ml/min.,[0],[29],NA,NA,NA,forsigtighed,dosisjustering,Forsigtig dosistitrering og længere postoperativ observation.,True,False
page_07089.html,https://pro.medicin.dk/Medicin/Praeparater/7089#a102,N06DA03,NA,NA,NA,NA,NA,NA,NA,NA,NA,False,False
page_07090.html,https://pro.medicin.dk/Medicin/Praeparater/7090#a102,N06BA04,<60 ml/min.,[0],[59],NA,NA,NA,forsigtighed,erfaring savnes,Der er ingen erfaring med brug af methylphenidat til patienter med nedsat nyrefunktion.,True,False
page_07091.html,https://pro.medicin.dk/Medicin/Praeparater/7091#a102,N05CD08,<60 ml/min.,[0],[59],NA,NA,NA,forsigtighed,øget bivirkningsrisiko,"Dosisjustering er ikke nødvendig, men forsigtighed tilrådes ved kronisk nyreinsufficiens.",True,False
page_07093.html,https://pro.medicin.dk/Medicin/Praeparater/7093#a102,A06AX04,NA,NA,NA,NA,NA,NA,NA,NA,NA,False,False
page_07095.html,https://pro.medicin.dk/Medicin/Praeparater/7095#a102,L01BC08,<30 ml/min.,[0],[29],NA,NA,NA,forsigtighed,ingen eller begrænset erfaring,Forsigtighed tilrådes. Der findes ingen data.,True,False
page_07098.html,https://pro.medicin.dk/Medicin/Praeparater/7098#a102,J01CA04,<10 ml/min.,[0],[9],NA,NA,NA,forsigtighed,dosisjustering,Dosis 250 mg -1.000 mg 3 gange dgl. Højst 6 g dgl. ved endocarditis.Ved behandling i kortere tid er dosisreduktion ikke nødvendigt.,True,False
page_07099.html,https://pro.medicin.dk/Medicin/Praeparater/7099#a102,A02BC05,NA,NA,NA,NA,NA,NA,NA,NA,NA,False,False
page_07100.html,https://pro.medicin.dk/Medicin/Praeparater/7100#a102,N01AX63,NA,NA,NA,NA,NA,NA,NA,NA,NA,False,False
page_07103.html,https://pro.medicin.dk/Medicin/Praeparater/7103#a102,J06BB04,NA,NA,NA,NA,NA,NA,NA,NA,NA,False,False
page_07104.html,https://pro.medicin.dk/Medicin/Praeparater/7104#a102,J06BB04,NA,NA,NA,NA,NA,NA,NA,NA,NA,False,False
page_07106.html,https://pro.medicin.dk/Medicin/Praeparater/7106#a102,N05AE04,NA,NA,NA,NA,NA,NA,NA,NA,NA,False,False
page_07109.html,https://pro.medicin.dk/Medicin/Praeparater/7109#a102,G04CA02,<10 ml/min.,[0],[9],NA,NA,NA,forsigtighed,erfaring savnes,Forsigtighed ved stærkt nedsat nyrefunktion med GFR < 10 ml/min. pga. manglende erfaring.,True,False
page_07113.html,https://pro.medicin.dk/Medicin/Praeparater/7113#a102,C03DA04,<30 ml/min.; 30-50 ml/min.,"[0, 30]","[29, 50]",NA; ≥17 år,"['NA', 17]","['NA', 150]",kontraindiceret; forsigtighed,øget bivirkningsrisiko; dosisjustering,"Risiko for hyperkaliæmi øges med faldende nyrefunktion.; Initialdosis 25 mg hver 2. dag. Højst 50 mg dgl.Herefter dosisjusteres efter P-kalium, som måles regelmæssigt.",True,False
page_07115.html,https://pro.medicin.dk/Medicin/Praeparater/7115#a102,N07XX02,NA,NA,NA,NA,NA,NA,NA,NA,NA,False,False
page_07119.html,https://pro.medicin.dk/Medicin/Praeparater/7119#a102,N07BB04,<10 ml/min.; 10-60 ml/min.,"[0, 10]","[9, 60]",NA; NA,"['NA', 'NA']","['NA', 'NA']",kontraindiceret; forsigtighed,øget bivirkningsrisiko; monitorering,Kontraindiceret pga. øget risiko for ophobning af den aktive metabolit 6-β-naltrexol.; Risiko for ophobning af den aktive metabolit 6-β-naltrexol. Hyppig monitorering anbefales.,True,False
page_07123.html,https://pro.medicin.dk/Medicin/Praeparater/7123#a102,S01XA22,NA,NA,NA,NA,NA,NA,NA,NA,NA,False,False
page_07127.html,https://pro.medicin.dk/Medicin/Praeparater/7127#a102,M04AA03,<30 ml/min.,[0],[29],≥17 år,[17],[150],forsigtighed,dosisjustering,Initialdosis 20-40 mg 1 gang dgl. Titrer forsigtigt til højst 80 mg dgl.,True,False
page_07128.html,https://pro.medicin.dk/Medicin/Praeparater/7128#a102,J01XA01,<60 ml/min.,[0],[59],NA,NA,NA,forsigtighed,dosisjustering,"VoksneGFR 30-59 ml/min.15 mg/kg legemsvægt i.v. hver 12. time.GFR 10-30 ml/min.15 mg/kg legemsvægt i.v. hver 24. time.GFR < 10 ml/min.10-15 mg/kg legemsvægt i.v.Doseringsinterval fastlægges ud fra plasmakoncentrationen af vancomycin.Måling af vancomycin plasmakoncentrationer er kun indiceret ved dosisjusteringer og i tilfælde af moderat til stærkt nedsat nyrefunktion samt ved legemsvægt over 100 kg for at sikre, at doseringen er tilstrækkelig høj.Plasmakoncentrationer for vancomycin måles som den laveste værdi (dalværdien) umiddelbart inden indgift af næste dosis vancomycin. Er plasmakoncentrationen 10-20 mg/l, er doseringen tilstrækkelig, og der fortsættes med uændret dosis. Er plasmakoncentrationen < 10 mg/l, øges dosis. Er den > 40 mg/l, pauseres til ny måling er < 20 mg/l.",True,False
page_07130.html,https://pro.medicin.dk/Medicin/Praeparater/7130#a102,N06DA04,<10 ml/min.,[0],[9],NA,NA,NA,kontraindiceret,erfaring savnes,"Erfaring savnes.Mulige alternativer, se Midler mod demens.",True,False
page_07131.html,https://pro.medicin.dk/Medicin/Praeparater/7131#a102,M05BA06,<30 ml/min.,[0],[29],≥18 år,[18],[150],forsigtighed,dosisjustering,Tumorinduceret hypercalcæmi og forebyggelse af komplikationer ved osteolytiske knoglemetastaser.: 50 mg 1 gang om ugen; Mod osteoporose: Kontraindiceret.: Kontraindiceret.,True,True
page_07134.html,https://pro.medicin.dk/Medicin/Praeparater/7134#a102,N06DX01,<30 ml/min.,[0],[29],≥17 år,[17],[150],forsigtighed,dosisjustering,Initialdosis 5 mg 1 gang dgl. Efter 1 uge evt. dosisøgning til højst 10 mg 1 gang dgl.,True,False
page_07137.html,https://pro.medicin.dk/Medicin/Praeparater/7137#a102,D06BB10,NA,NA,NA,NA,NA,NA,NA,NA,NA,False,False
page_07139.html,https://pro.medicin.dk/Medicin/Praeparater/7139#a102,J05AR09,<70 ml/min.,[0],[69],"Kombinationspræparatet er uegnet pga. manglende mulighed for individuel dosisreduktion.For enkeltstofferne gælder flg. retningslinjer:Tenofovirdisoproxil:GFRml/minutDosis (voksne)30-50132 mg 1 gang dgl.20-3066 mg 1 gang dgl.10-2033 mg 1 gang dgl.< 10Bør kun anvendes i forbindelse med dialyse: 16,5 mg efter afslutning af hver 4-timers dialyseBemærk:GFR < 50 ml/min. Nyrefunktionen skal følges tæt.GFR < 30 ml/min: Bør ikke anvendes, medmindre der ikke findes alternativ behandling.Børn: Bør ikke anvendes.Cobicistat:GFR 0-70 ml/min:Cobicistat hæmmer den tubulære sekretion af kreatinin og medfører derfor en øgning i P-kreatinin og eGFR. Dette kan give problemer ved beregning af dosis for lægemidler, der doseres i henhold til GFR. VedeGFR < 70 ml/min. anbefales, at den sande GFR måles til vurdering af nyrefunktionen. Erfaring savnes vedr. dialysepatienter.Emtricitabin:Findes ikke som enkeltpræparat.Elvitegravir:Findes ikke som enkeltpræparat.",,,kontraindiceret,NA,"30-50: 132 mg 1 gang dgl.; 20-30: 66 mg 1 gang dgl.; 10-20: 33 mg 1 gang dgl.; < 10: Bør kun anvendes i forbindelse med dialyse: 16,5 mg efter afslutning af hver 4-timers dialyse; Bemærk:GFR < 50 ml/min. Nyrefunktionen skal følges tæt.GFR < 30 ml/min: Bør ikke anvendes, medmindre der ikke findes alternativ behandling.Børn: Bør ikke anvendes.: Bemærk:GFR < 50 ml/min. Nyrefunktionen skal følges tæt.GFR < 30 ml/min: Bør ikke anvendes, medmindre der ikke findes alternativ behandling.Børn: Bør ikke anvendes.",True,True
page_07144.html,https://pro.medicin.dk/Medicin/Praeparater/7144#a102,J01FA09,<30 ml/min.; <30 ml/min.,"[0, 0]","[29, 29]",2-12 år; ≥12 år,"[2, 12]","[12, 150]",forsigtighed; forsigtighed,dosisjustering; dosisjustering,"Dosis nedsættes til 50 % af normaldosis. Højst 7,5 mg pr. kg legemsvægt i døgnet.Kontraindiceret ved samtidig alvorligt leversvigt og nedsat nyrefunktion.; Dosis nedsættes til 50 % af normaldosis. Højst 500 mg dgl.Kontraindiceret ved både alvorligt leversvigt og nedsat nyrefunktion.",True,False
page_07148.html,https://pro.medicin.dk/Medicin/Praeparater/7148#a102,G04BE03,NA,NA,NA,NA,NA,NA,NA,NA,"GFR: 0-30 ml/min., Startdosis 25 mg 1 gang dgl. Dosis kan optitreres, hvis det tolereres.",True,False
page_07149.html,https://pro.medicin.dk/Medicin/Praeparater/7149#a102,G04BE03,NA,NA,NA,NA,NA,NA,NA,NA,"GFR: 0-30 ml/min., Startdosis 25 mg 1 gang dgl. Dosis kan optitreres, hvis det tolereres.",True,False
page_07152.html,https://pro.medicin.dk/Medicin/Praeparater/7152#a102,G04BE03,NA,NA,NA,NA,NA,NA,NA,NA,"GFR: 0-30 ml/min., Startdosis 25 mg 1 gang dgl. Dosis kan optitreres, hvis det tolereres.",True,False
page_07154.html,https://pro.medicin.dk/Medicin/Praeparater/7154#a102,G04BE03,NA,NA,NA,NA,NA,NA,NA,NA,"GFR: 0-30 ml/min., Startdosis 25 mg 1 gang dgl. Dosis kan optitreres, hvis det tolereres.",True,False
page_07155.html,https://pro.medicin.dk/Medicin/Praeparater/7155#a102,G04BE03,NA,NA,NA,NA,NA,NA,NA,NA,"GFR: 0-30 ml/min., Startdosis 25 mg 1 gang dgl. Dosis kan optitreres, hvis det tolereres.",True,False
page_07156.html,https://pro.medicin.dk/Medicin/Praeparater/7156#a102,G04BE03,NA,NA,NA,NA,NA,NA,NA,NA,"GFR: 0-30 ml/min., Startdosis 25 mg 1 gang dgl. Dosis kan optitreres, hvis det tolereres.",True,False
page_07159.html,https://pro.medicin.dk/Medicin/Praeparater/7159#a102,N02BE51,<30 ml/min.,[0],[29],NA,NA,NA,forsigtighed,NA,Doseringsintervallet øges til mindst 6 timer ved GFR 10-30 mg/min og til mindst 8 timer ved GFR < 10 mg/min.,True,False
page_07162.html,https://pro.medicin.dk/Medicin/Praeparater/7162#a102,S01BA01,NA,NA,NA,NA,NA,NA,NA,NA,NA,False,False
page_07163.html,https://pro.medicin.dk/Medicin/Praeparater/7163#a102,A07EA06,NA,NA,NA,NA,NA,NA,NA,NA,NA,False,False
page_07169.html,https://pro.medicin.dk/Medicin/Praeparater/7169#a102,R06AE03,NA,NA,NA,NA,NA,NA,NA,NA,NA,False,False
page_07174.html,https://pro.medicin.dk/Medicin/Praeparater/7174#a102,C01DX16,NA,NA,NA,NA,NA,NA,NA,NA,NA,False,False
page_07176.html,https://pro.medicin.dk/Medicin/Praeparater/7176#a102,C10AA01,<30 ml/min.,[0],[29],NA,NA,NA,forsigtighed,monitorering,"P-kreatinkinase bør måles før behandlingsstart pga. prædisposition for rhabdomyolyse. Ved P-kreatinkinase > 4 gange øverste normalgrænse bør behandlingen ikke startes.Under behandling:P-kreatininkinase > 10 gange øverste normalgrænse: pauser behandlingen, kontroller nyrefunktionen og monitorer P-kreatininkinase efter to uger.P-kreatininkinase < 10 gange øverste normalgrænse:ingen symptomer, fortsat behandlingen, kontroller P- kreatininkinase indenfor 2-4 uger.P-kreatininkinase < 10 gange øverste normalgrænse:hvis symptomer, pauser statin og afvent normalisering af P-kreatininkinase før genoptagelse med en lavere statin dosis.VedGFR < 30 ml/minbør der udvises forsigtighed ved doser > 10 mg dgl.Læs mere:Statiner",True,False
page_07178.html,https://pro.medicin.dk/Medicin/Praeparater/7178#a102,G03AC09,NA,NA,NA,NA,NA,NA,NA,NA,NA,False,False
page_07179.html,https://pro.medicin.dk/Medicin/Praeparater/7179#a102,R03AC02,NA,NA,NA,NA,NA,NA,NA,NA,NA,False,False
page_07181.html,https://pro.medicin.dk/Medicin/Praeparater/7181#a102,N04BA03,NA,NA,NA,NA,NA,NA,NA,NA,NA,False,False
page_07183.html,https://pro.medicin.dk/Medicin/Praeparater/7183#a102,B02BC30,NA,NA,NA,NA,NA,NA,NA,NA,NA,False,False
page_07185.html,https://pro.medicin.dk/Medicin/Praeparater/7185#a102,L01BC01,NA,NA,NA,NA,NA,NA,NA,NA,NA,False,False
page_07187.html,https://pro.medicin.dk/Medicin/Praeparater/7187#a102,A08AB01,NA,NA,NA,NA,NA,NA,NA,NA,NA,False,False
page_07188.html,https://pro.medicin.dk/Medicin/Praeparater/7188#a102,S02AA15,NA,NA,NA,NA,NA,NA,NA,NA,NA,False,False
page_07190.html,https://pro.medicin.dk/Medicin/Praeparater/7190#a102,L04AA06,NA,NA,NA,NA,NA,NA,NA,NA,NA,False,False
page_07191.html,https://pro.medicin.dk/Medicin/Praeparater/7191#a102,R05CB01,NA,NA,NA,NA,NA,NA,NA,NA,NA,False,False
page_07193.html,https://pro.medicin.dk/Medicin/Praeparater/7193#a102,N02CC04,<10 ml/min.,[0],[9],NA,NA,NA,kontraindiceret,NA,"Mulige alternativer, se Triptaner.",True,False
page_07195.html,https://pro.medicin.dk/Medicin/Praeparater/7195#a102,N02CC04,<10 ml/min.,[0],[9],NA,NA,NA,kontraindiceret,NA,"Mulige alternativer, se Triptaner.",True,False
page_07197.html,https://pro.medicin.dk/Medicin/Praeparater/7197#a102,N02CC04,<10 ml/min.,[0],[9],NA,NA,NA,kontraindiceret,NA,"Mulige alternativer, se Triptaner.",True,False
page_07198.html,https://pro.medicin.dk/Medicin/Praeparater/7198#a102,N02CC04,<10 ml/min.,[0],[9],NA,NA,NA,kontraindiceret,NA,"Mulige alternativer, se Triptaner.",True,False
page_07202.html,https://pro.medicin.dk/Medicin/Praeparater/7202#a102,L01EA05,<50 ml/min.,[0],[49],NA,NA,NA,forsigtighed,erfaring savnes,"Dosisjustering er ikke nødvendig ved GFR > 50 ml/min. Erfaring savnes ved GFR < 50 ml/min, og forsigtighed tilrådes.",True,False
page_07214.html,https://pro.medicin.dk/Medicin/Praeparater/7214#a102,C07AG02,NA,NA,NA,NA,NA,NA,NA,NA,NA,False,False
page_07215.html,https://pro.medicin.dk/Medicin/Praeparater/7215#a102,M01AB08,<30 ml/min.; 30-60 ml/min.,"[0, 30]","[29, 60]",NA; NA,"['NA', 'NA']","['NA', 'NA']",kontraindiceret; forsigtighed,øget bivirkningsrisiko; monitorering,Prostaglandiner har betydning for opretholdelse af normal nyregennemblødning. NSAID's hæmning af prostaglandinsyntesen kan derfor forårsage nedsat nyregennemblødning og dermed forværret nyrefunktion.; Prostaglandiner har betydning for opretholdelse af normal nyregennemblødning. NSAID's hæmning af prostaglandinsyntesen kan derfor forårsage nedsat nyregennemblødning og dermed forværret nyrefunktion. Tæt monitorering af nyrefunktionen tilrådes.,True,False
page_07216.html,https://pro.medicin.dk/Medicin/Praeparater/7216#a102,N06DX01,<30 ml/min.,[0],[29],≥17 år,[17],[150],forsigtighed,dosisjustering,Initialdosis 5 mg 1 gang dgl. Efter 1 uge evt. dosisøgning til højst 10 mg 1 gang dgl.,True,False
page_07217.html,https://pro.medicin.dk/Medicin/Praeparater/7217#a102,L01XA03,<30 ml/min.; 30-60 ml/min.,"[0, 30]","[29, 60]",NA; NA,"['NA', 'NA']","['NA', 'NA']",kontraindiceret; forsigtighed,øget bivirkningsrisiko; monitorering,"Kontraindiceret pga. øget risiko for toksicitet.; Tæt monitorering tilrådes, dosis skal evt. justeres.",True,False
page_07218.html,https://pro.medicin.dk/Medicin/Praeparater/7218#a102,C09AA05,<30 ml/min.,[0],[29],≥16 år,[16],[150],forsigtighed,dosisjustering,"Initialdosis 1,25 mg dgl. Højst 5 mg dgl. Rutinemæssig monitorering af P-kalium og P-kreatinin.Ved opstart accepteres et fald i eGFR på op til 30 %.",True,False
page_07220.html,https://pro.medicin.dk/Medicin/Praeparater/7220#a102,A10AD06,NA,NA,NA,NA,NA,NA,NA,NA,NA,False,False
page_07222.html,https://pro.medicin.dk/Medicin/Praeparater/7222#a102,J01GB01,<60 ml/min.,[0],[59],NA,NA,NA,forsigtighed,monitorering,Plasmakoncentrationen monitoreres tæt pga. øget risiko for oto- og nefrotoksicitet.,True,False
page_07228.html,https://pro.medicin.dk/Medicin/Praeparater/7228#a102,L02BB04,<30 ml/min.,[0],[29],NA,NA,NA,forsigtighed,erfaring savnes,"Dosisjustering er ikke nødvendig ved let til moderat nedsat nyrefunktion. Erfaring savnes ved GFR < 30 ml/min. Der findes ingen data, og forsigtighed tilrådes.",True,False
page_07230.html,https://pro.medicin.dk/Medicin/Praeparater/7230#a102,L01BC52,NA,NA,NA,NA,NA,NA,NA,NA,NA,False,False
page_07233.html,https://pro.medicin.dk/Medicin/Praeparater/7233#a102,L01XJ01,NA,NA,NA,NA,NA,NA,NA,NA,NA,False,False
page_07236.html,https://pro.medicin.dk/Medicin/Praeparater/7236#a102,H01CB02,NA,NA,NA,NA,NA,NA,NA,NA,NA,False,False
page_07237.html,https://pro.medicin.dk/Medicin/Praeparater/7237#a102,N02CC04,<10 ml/min.,[0],[9],NA,NA,NA,kontraindiceret,NA,"Mulige alternativer, se Triptaner.",True,False
page_07238.html,https://pro.medicin.dk/Medicin/Praeparater/7238#a102,L01EX05,NA,NA,NA,NA,NA,NA,NA,NA,NA,False,False
page_07243.html,https://pro.medicin.dk/Medicin/Praeparater/7243#a102,A10BX02,NA,NA,NA,NA,NA,NA,NA,NA,NA,False,False
page_07245.html,https://pro.medicin.dk/Medicin/Praeparater/7245#a102,R03BA02,NA,NA,NA,NA,NA,NA,NA,NA,NA,False,False
page_07247.html,https://pro.medicin.dk/Medicin/Praeparater/7247#a102,C09CA06,<30 ml/min.,[0],[29],NA,NA,NA,forsigtighed,monitorering,Rutinemæssig monitorering af P-kalium og P-kreatinin.GFR < 15 ml/min:Begrænset erfaring ved hypertension.,True,False
page_07249.html,https://pro.medicin.dk/Medicin/Praeparater/7249#a102,N07BB05,30-60 ml/min.; <30 ml/min.,"[30, 0]","[60, 29]",NA; NA,"['NA', 'NA']","['NA', 'NA']",forsigtighed; kontraindiceret,monitorering; øget bivirkningsrisiko,Risiko for ophobning af hovedsageligt inaktive metabolitter. Hyppig monitorering anbefales.; Kontraindiceret pga. øget risiko for ophobning af hovedsageligt inaktive metabolitter.,True,False
page_07251.html,https://pro.medicin.dk/Medicin/Praeparater/7251#a102,R03AL04,<30 ml/min.,[0],[29],NA,NA,NA,forsigtighed,monitorering,Glycopyrronium:Forsigtighed ved GFR < 30 ml/min. Den systemiske eksponering kan være øget. Tæt monitorering for potentielle bivirkninger anbefales.,True,False
page_07252.html,https://pro.medicin.dk/Medicin/Praeparater/7252#a102,L04AG06,NA,NA,NA,NA,NA,NA,NA,NA,NA,False,False
page_07253.html,https://pro.medicin.dk/Medicin/Praeparater/7253#a102,L04AK02,NA,NA,NA,NA,NA,NA,NA,NA,NA,False,False
page_07255.html,https://pro.medicin.dk/Medicin/Praeparater/7255#a102,H02AB02,<60 ml/min.,[0],[59],NA,NA,NA,forsigtighed,øget bivirkningsrisiko,"Systemisk anvendelse:Glukokortikoider kan medføre hypernatriæmi, hypokaliæmi, væskeretention og forhøjelse af blodtrykket.",True,False
page_07259.html,https://pro.medicin.dk/Medicin/Praeparater/7259#a102,D06AX01,NA,NA,NA,NA,NA,NA,NA,NA,NA,False,False
page_07260.html,https://pro.medicin.dk/Medicin/Praeparater/7260#a102,J06BA01,NA,NA,NA,NA,NA,NA,NA,NA,NA,False,False
page_07261.html,https://pro.medicin.dk/Medicin/Praeparater/7261#a102,R01AA07,NA,NA,NA,NA,NA,NA,NA,NA,NA,False,False
page_07266.html,https://pro.medicin.dk/Medicin/Praeparater/7266#a102,R03AK10,NA,NA,NA,NA,NA,NA,NA,NA,NA,False,False
page_07268.html,https://pro.medicin.dk/Medicin/Praeparater/7268#a102,A02BC03,NA,NA,NA,NA,NA,NA,NA,NA,NA,False,False
page_07269.html,https://pro.medicin.dk/Medicin/Praeparater/7269#a102,R06AE07,NA,NA,NA,NA,NA,NA,NA,NA,"Dosisjustering, GFR: < 10 ml/min., Højst 5-10 mg dgl., 1, 1) Reference, :, The Renal Drug Handbook, , 5th Ed.",True,False
page_07271.html,https://pro.medicin.dk/Medicin/Praeparater/7271#a102,C09DA04,<30 ml/min.,[0],[29],NA,NA,NA,forsigtighed,monitorering,Tæt monitorering af P-kalium og P-kreatinin pga. indhold af hydrochlorthiazid.,True,False
page_07274.html,https://pro.medicin.dk/Medicin/Praeparater/7274#a102,B05BA10,<60 ml/min.,[0],[59],NA,NA,NA,forsigtighed,monitorering,"Dosistilpasning under hensyn til patientbehov og sværhedsgrad af nyreinsufficiens.Tæt monitorering af væske-, elektrolyt- og syre-base-status.Kontraindiceret ved alvorlig nyreinsufficiens uden samtidig renal substitutionsbehandling (fx hæmodialyse, hæmofiltrering).",True,False
page_07275.html,https://pro.medicin.dk/Medicin/Praeparater/7275#a102,L01EC02,<30 ml/min.,[0],[29],NA,NA,NA,forsigtighed,erfaring savnes,"Dosisjustering er ikke nødvendig ved let til moderat nedsat nyrefunktion. Erfaring savnes ved GFR < 30 ml/min. Der findes ingen data, og forsigtighed tilrådes.",True,False
page_07276.html,https://pro.medicin.dk/Medicin/Praeparater/7276#a102,A02BC01,NA,NA,NA,NA,NA,NA,NA,NA,NA,False,False
page_07278.html,https://pro.medicin.dk/Medicin/Praeparater/7278#a102,N06BC01,<60 ml/min.,[0],[59],NA,NA,NA,forsigtighed,dosisjustering,Øget risiko for akkumulering. Daglig vedligeholdelsesdosis skal nedsættes på baggrund af plasmakoncentrationen.,True,False
page_07280.html,https://pro.medicin.dk/Medicin/Praeparater/7280#a102,C02CA04,NA,NA,NA,NA,NA,NA,NA,NA,NA,False,False
page_07281.html,https://pro.medicin.dk/Medicin/Praeparater/7281#a102,G04CB01,NA,NA,NA,NA,NA,NA,NA,NA,NA,False,False
page_07282.html,https://pro.medicin.dk/Medicin/Praeparater/7282#a102,H02AB04,<60 ml/min.,[0],[59],NA,NA,NA,forsigtighed,øget bivirkningsrisiko,"Glukokortikoider kan medføre hypernatriæmi, hypokaliæmi, væskeretention og forhøjelse af blodtrykket.",True,False
page_07284.html,https://pro.medicin.dk/Medicin/Praeparater/7284#a102,A04AA01,NA,NA,NA,NA,NA,NA,NA,NA,NA,False,False
page_07285.html,https://pro.medicin.dk/Medicin/Praeparater/7285#a102,N04BC04,<30 ml/min.,[0],[29],NA,NA,NA,kontraindiceret,erfaring savnes,"Erfaring savnes.Mulige alternativer, se Dopaminagonister.",True,False
page_07291.html,https://pro.medicin.dk/Medicin/Praeparater/7291#a102,J01CA04,<60 ml/min.; <10 ml/min.,"[0, 0]","[59, 9]",NA; NA,"['NA', 'NA']","['NA', 'NA']",forsigtighed; forsigtighed,hjælpestoffer; dosisjustering,Indeholder benzylalkohol der skal bruges med forsigtighed ved nedsat nyre- og leverfunktion. Læs mereher.; Dosis 250 mg -1.000 mg 3 gange dgl. Højst 6 g dgl. ved endocarditis.Ved behandling i kortere tid er dosisreduktion ikke nødvendigt.,True,False
page_07296.html,https://pro.medicin.dk/Medicin/Praeparater/7296#a102,M01AE01,<30 ml/min.; 30-60 ml/min.,"[0, 30]","[29, 60]",NA; NA,"['NA', 'NA']","['NA', 'NA']",kontraindiceret; forsigtighed,øget bivirkningsrisiko; monitorering,Prostaglandiner har betydning for opretholdelse af normal nyregennemblødning. NSAID's hæmning af prostaglandinsyntesen kan derfor forårsage nedsat nyregennemblødning og dermed forværret nyrefunktion.; Prostaglandiner har betydning for opretholdelse af normal nyregennemblødning. NSAID's hæmning af prostaglandinsyntesen kan derfor forårsage nedsat nyregennemblødning og dermed forværret nyrefunktion. Tæt monitorering af nyrefunktionen tilrådes.,True,False
page_07297.html,https://pro.medicin.dk/Medicin/Praeparater/7297#a102,L04AX06,<10 ml/min.,[0],[9],NA,NA,NA,forsigtighed,betinget,Hæmodialyse: Dosis bør tages efter afsluttet dialyse.,True,False
page_07300.html,https://pro.medicin.dk/Medicin/Praeparater/7300#a102,A07DA03,NA,NA,NA,NA,NA,NA,NA,NA,NA,False,False
page_07301.html,https://pro.medicin.dk/Medicin/Praeparater/7301#a102,J01EB02,<30 ml/min.; 30-60 ml/min.,"[0, 30]","[29, 60]",NA; NA,"['NA', 'NA']","['NA', 'NA']",kontraindiceret; forsigtighed,øget bivirkningsrisiko; øget bivirkningsrisiko,"Anbefales ikke pga. risiko for akkumulation og nyreskade.; Forsigtighed ved nedsat nyrefunktion, dels på grund af risiko for ophobning og nyreskade, dels på grund af risikoen for ikke at opnå terapeutisk niveau i urinvejene.",True,False
page_07302.html,https://pro.medicin.dk/Medicin/Praeparater/7302#a102,A10BD13,<30 ml/min.; 30-50 ml/min.,"[0, 30]","[29, 50]",NA; ≥18 år,"['NA', 18]","['NA', 150]",kontraindiceret; forsigtighed,NA; dosisjustering,"Kontraindiceret pga. metformin.Mulige alternativer, se Type 2-diabetes.; Højst 1 tablet (12,5 mg alogliptin og op til 1.000 mg metformin) 1 gang dgl.For enkeltstofferne gælder:MetforminGFR 30-45 ml/min: Højst 1 g dgl.GFR < 30 ml/min: Kontraindiceret.AlogliptinGFR 30-50 ml/min: 12,5 mg 1 gang dgl.GFR < 30 ml/min: 6,25 mg 1 gang dgl. (inkl. dialysepatienter).",True,False
page_07303.html,https://pro.medicin.dk/Medicin/Praeparater/7303#a102,A10BH04,<30 ml/min.; 30-50 ml/min.,"[0, 30]","[29, 50]",≥18 år; ≥18 år,"[18, 18]","[150, 150]",forsigtighed; forsigtighed,dosisjustering; dosisjustering,"Højst 6,25 mg alogliptin dgl. Gælder også dialysepatienter.; Højst 12,5 mg alogliptin dgl.",True,False
page_07309.html,https://pro.medicin.dk/Medicin/Praeparater/7309#a102,J05AJ03,NA,NA,NA,NA,NA,NA,NA,NA,NA,False,False
page_07310.html,https://pro.medicin.dk/Medicin/Praeparater/7310#a102,P01BB51,<30 ml/min.,[0],[29],NA,NA,NA,forsigtighed,NA,"Behandling:Der bør findes alternativ behandling af akutP. falciparum malaria, hvor det er muligt.Profylakse:Kontraindiceret til profylaktisk brug.",True,False
page_07311.html,https://pro.medicin.dk/Medicin/Praeparater/7311#a102,N07CA01,NA,NA,NA,NA,NA,NA,NA,NA,NA,False,False
page_07312.html,https://pro.medicin.dk/Medicin/Praeparater/7312#a102,L01BC06,<30 ml/min.; 30-50 ml/min.,"[0, 30]","[29, 50]",NA; NA,"['NA', 'NA']","['NA', 'NA']",kontraindiceret; forsigtighed,øget bivirkningsrisiko; dosisjustering,Kraftigt øget incidens af alvorlige bivirkninger.; Ved initialdosis 1.250 mg/m2(monoterapi).Dosis nedsættes til 75 % af initialdosis.Ved initialdosis 1.000 mg/m2(kombinationsterapi).Dosisreduktion er ikke nødvendig.,True,False
page_07314.html,https://pro.medicin.dk/Medicin/Praeparater/7314#a102,G02BA03,NA,NA,NA,NA,NA,NA,NA,NA,NA,False,False
page_07316.html,https://pro.medicin.dk/Medicin/Praeparater/7316#a102,P01BB51,<30 ml/min.,[0],[29],NA,NA,NA,forsigtighed,NA,"Behandling:Der bør findes alternativ behandling af akutP. falciparum malaria, hvor det er muligt.Profylakse:Kontraindiceret til profylaktisk brug.",True,False
page_07317.html,https://pro.medicin.dk/Medicin/Praeparater/7317#a102,A02BC03,NA,NA,NA,NA,NA,NA,NA,NA,NA,False,False
page_07318.html,https://pro.medicin.dk/Medicin/Praeparater/7318#a102,P01BB51,<30 ml/min.,[0],[29],NA,NA,NA,forsigtighed,NA,"Behandling:Der bør findes alternativ behandling af akutP. falciparum malaria, hvor det er muligt.Profylakse:Kontraindiceret til profylaktisk brug.",True,False
page_07326.html,https://pro.medicin.dk/Medicin/Praeparater/7326#a102,L01BC06,<30 ml/min.; 30-50 ml/min.,"[0, 30]","[29, 50]",NA; NA,"['NA', 'NA']","['NA', 'NA']",kontraindiceret; forsigtighed,øget bivirkningsrisiko; dosisjustering,Kraftigt øget incidens af alvorlige bivirkninger.; Ved initialdosis 1.250 mg/m2(monoterapi).Dosis nedsættes til 75 % af initialdosis.Ved initialdosis 1.000 mg/m2(kombinationsterapi).Dosisreduktion er ikke nødvendig.,True,False
page_07327.html,https://pro.medicin.dk/Medicin/Praeparater/7327#a102,C09AA02,<10 ml/min.; 10-30 ml/min.,"[0, 10]","[9, 30]",≥16 år; ≥16 år,"[16, 16]","[150, 150]",forsigtighed; forsigtighed,dosisjustering; dosisjustering,"Initialdosis 2,5 mg. Højst 10 mg dgl. Rutinemæssig monitorering af P-kalium og P-kreatinin.  Ved opstart accepteres et fald i eGFR på op til 30 %.; Initialdosis 2,5 mg dgl. Højst 20 mg dgl. Rutinemæssig monitorering af P-kalium og P-kreatinin.  Ved opstart accepteres et fald i eGFR på op til 30 %.",True,False
page_07329.html,https://pro.medicin.dk/Medicin/Praeparater/7329#a102,A16AX03,<30 ml/min.,[0],[29],NA,NA,NA,forsigtighed,monitorering,Natriumindholdet øger risikoen for natriumretention og ødemdannelse.,True,False
page_07332.html,https://pro.medicin.dk/Medicin/Praeparater/7332#a102,C09CA07,NA,NA,NA,NA,NA,NA,NA,NA,"GFR: 0-30 ml/min., Anbefalet initialdosis 20 mg dgl., Rutinemæssig monitorering af P-kalium og P-kreatinin.",True,False
page_07334.html,https://pro.medicin.dk/Medicin/Praeparater/7334#a102,G03AC09,NA,NA,NA,NA,NA,NA,NA,NA,NA,False,False
page_07335.html,https://pro.medicin.dk/Medicin/Praeparater/7335#a102,L01FD03,<30 ml/min.,[0],[29],NA,NA,NA,forsigtighed,monitorering,"Dosisjustering er ikke nødvendig ved let til moderat nedsat nyrefunktion. Erfaring savnes ved GFR < 30 ml/min. Der findes ingen data, og tæt monitorering tilrådes.",True,False
page_07337.html,https://pro.medicin.dk/Medicin/Praeparater/7337#a102,S01XA20,NA,NA,NA,NA,NA,NA,NA,NA,NA,False,False
page_07338.html,https://pro.medicin.dk/Medicin/Praeparater/7338#a102,R01AD09,NA,NA,NA,NA,NA,NA,NA,NA,NA,False,False
page_07339.html,https://pro.medicin.dk/Medicin/Praeparater/7339#a102,R01AD09,NA,NA,NA,NA,NA,NA,NA,NA,NA,False,False
page_07341.html,https://pro.medicin.dk/Medicin/Praeparater/7341#a102,G04CA53,<30 ml/min.,[0],[29],NA,NA,NA,forsigtighed,betinget,Forsigtighed tilrådes.Samtidig brug af potente CYP3A4-hæmmere er kontraindiceret.Kontraindiceret i forbindelse med hæmodialyse pga. manglende data.,True,False
page_07342.html,https://pro.medicin.dk/Medicin/Praeparater/7342#a102,N05AX12,NA,NA,NA,NA,NA,NA,NA,NA,NA,False,False
page_07347.html,https://pro.medicin.dk/Medicin/Praeparater/7347#a102,R03AK06,NA,NA,NA,NA,NA,NA,NA,NA,NA,False,False
page_07348.html,https://pro.medicin.dk/Medicin/Praeparater/7348#a102,P01BB51,<30 ml/min.,[0],[29],NA,NA,NA,forsigtighed,NA,"Behandling:Der bør findes alternativ behandling af akutP. falciparum malaria, hvor det er muligt.Profylakse:Kontraindiceret til profylaktisk brug.",True,False
page_07354.html,https://pro.medicin.dk/Medicin/Praeparater/7354#a102,N01BB52,<30 ml/min.,[0],[29],NA,NA,NA,forsigtighed,øget bivirkningsrisiko,Forsigtighed tilrådes ved langvarig eller gentagen administration.,True,False
page_07367.html,https://pro.medicin.dk/Medicin/Praeparater/7367#a102,N05AH04,NA,NA,NA,NA,NA,NA,NA,NA,NA,False,False
page_07372.html,https://pro.medicin.dk/Medicin/Praeparater/7372#a102,N02BE01,NA,NA,NA,NA,NA,NA,NA,NA,"Oral administration, Det anbefales at:, ved GFR 10-50 ml/min: dosis hver 6. time, ved GFR < 10 ml/min: dosis hver 8. time",True,False
page_07373.html,https://pro.medicin.dk/Medicin/Praeparater/7373#a102,L01AX03,NA,NA,NA,NA,NA,NA,NA,NA,NA,False,False
page_07374.html,https://pro.medicin.dk/Medicin/Praeparater/7374#a102,G04BD07,<30 ml/min.,[0],[29],≥17 år,[17],[150],forsigtighed,dosisjustering,Højst 2 mg 1 gang dgl.,True,False
page_07376.html,https://pro.medicin.dk/Medicin/Praeparater/7376#a102,A10BD15,<30 ml/min.; 30-45 ml/min.,"[0, 30]","[29, 45]",NA; ≥17 år,"['NA', 17]","['NA', 150]",kontraindiceret; forsigtighed,NA; dosisjustering,"Kontraindiceret pga. indhold af metformin.Mulige alternativer, seType 2-diabetes.; Højst 1 tablet (5 mg dapagliflozin og op til 1.000 mg metformin) 1 gang dgl.For enkeltstofferne gælder:MetforminGFR 30-45 ml/min:Højst 1 g dgl.GFR < 30 ml/min: Kontraindiceret.DapagliflozinGFR 25-45 ml/min:10 mg dgl.GFR < 25 ml/min:Behandling bør ikke initieres. Igangværende behandling kan fortsættes med uændret dosering.",True,False
page_07377.html,https://pro.medicin.dk/Medicin/Praeparater/7377#a102,J05AP08,NA,NA,NA,NA,NA,NA,NA,NA,NA,False,False
page_07378.html,https://pro.medicin.dk/Medicin/Praeparater/7378#a102,C07AB07,<15 ml/min.,[0],[14],≥17 år,[17],[150],forsigtighed,dosisjustering,Højst 10 mg dgl.,True,False
page_07380.html,https://pro.medicin.dk/Medicin/Praeparater/7380#a102,J01DD04,<10 ml/min.,[0],[9],NA,NA,NA,forsigtighed,dosisjustering,"Dosisjustering på baggrund af tæt monitorering, især ved samtidig stærkt nedsat leverfunktion.",True,False
page_07381.html,https://pro.medicin.dk/Medicin/Praeparater/7381#a102,J01DC02,<20 ml/min.,[0],[19],Nedsat nyrefunktionDosis i.v. (voksne)GFR 10-20 ml/min.750 mg i.v. 2 gange dgl.GFR < 10 ml/min.750 mg i.v. 1 gang dgl.Hæmodialyse750 mg i.v./i.m. efter hver dialysePeritonealdialyse250 mg pr. 2 liter dialysevæskeCAVH eller high-flux-hæmofiltration*750 mg 2 gange dgl.* Ved low-flux hæmofiltration følges dosering svarende til GFR ovenfor.,,,forsigtighed,dosisjustering,GFR 10-20 ml/min.: 750 mg i.v. 2 gange dgl.; GFR < 10 ml/min.: 750 mg i.v. 1 gang dgl.; Hæmodialyse: 750 mg i.v./i.m. efter hver dialyse; Peritonealdialyse: 250 mg pr. 2 liter dialysevæske; CAVH eller high-flux-hæmofiltration*: 750 mg 2 gange dgl.; * Ved low-flux hæmofiltration følges dosering svarende til GFR ovenfor.: * Ved low-flux hæmofiltration følges dosering svarende til GFR ovenfor.,True,True
page_07382.html,https://pro.medicin.dk/Medicin/Praeparater/7382#a102,G03AA09,NA,NA,NA,NA,NA,NA,NA,NA,NA,False,False
page_07386.html,https://pro.medicin.dk/Medicin/Praeparater/7386#a102,N02BE01,NA,NA,NA,NA,NA,NA,NA,NA,"Oral administration, Det anbefales at:, ved GFR 10-50 ml/min: dosis hver 6. time, ved GFR < 10 ml/min: dosis hver 8. time",True,False
page_07387.html,https://pro.medicin.dk/Medicin/Praeparater/7387#a102,J01CR05,<20 ml/min.; 20-40 ml/min.; 40-50 ml/min.,"[0, 20, 40]","[19, 40, 50]",NA; NA; NA,"['NA', 'NA', 'NA']","['NA', 'NA', 'NA']",forsigtighed; forsigtighed; forsigtighed,dosisjustering; dosisjustering; dosisjustering,"Voksne og børn > 12 år:Maksimalt 4 g/0,5 g i.v. hver 12. time.Børn 2 - 12 år:70 mg/8,75 mg pr. kg legemsvægt i.v. hver 8. time.HæmodialyseVoksne og børn > 12 år:Maksimalt 4 g/0,5 g i.v. hver 12. time samt 2 g/0,25 g i.v. efter hver dialyse.Børn 2 - 12 år:70 mg/8,75 mg pr. kg legemsvægt i.v. hver 8. time samt 40 mg/5 mg pr. kg legemsvægt i.v. efter hver dialyse.; Voksne og børn > 12 år:Maksimalt 4 g/0,5 g i.v. hver 8. time.Børn 2 - 12 år:70 mg/8,75 mg pr. kg legemsvægt i.v. hver 8. time.; Voksne og børn > 12 år:Ingen dosisjustering.Børn 2 - 12 år:70 mg/8,75 mg pr. kg legemsvægt i.v. hver 8. time.",True,False
page_07388.html,https://pro.medicin.dk/Medicin/Praeparater/7388#a102,C09DA07,NA,NA,NA,NA,NA,NA,NA,NA,"GFR: 0-30 ml/min., Anbefalet initialdosis 20 mg telmisartan dgl. (kombipræparat er ikke velegnet)., Rutinemæssig monitorering af P-kalium og P-Kreatinin.",True,False
page_07391.html,https://pro.medicin.dk/Medicin/Praeparater/7391#a102,R03AC19,NA,NA,NA,NA,NA,NA,NA,NA,NA,False,False
page_07392.html,https://pro.medicin.dk/Medicin/Praeparater/7392#a102,C02KX04,NA,NA,NA,NA,NA,NA,NA,NA,NA,False,False
page_07394.html,https://pro.medicin.dk/Medicin/Praeparater/7394#a102,L02BB03,NA,NA,NA,NA,NA,NA,NA,NA,NA,False,False
page_07395.html,https://pro.medicin.dk/Medicin/Praeparater/7395#a102,L01XA02,<60 ml/min.,[0],[59],NA,NA,NA,forsigtighed,dosisjustering,Øget risiko for alvorlig myelosuppression.GFR 40-60 ml/min:Initialdosis bør nedsættes til 250 mg/m2i.v.GFR 15-39 ml/min:Initialdosis bør nedsættes til 200 mg/m2i.v.GFR < 15 ml/min:Erfaring savnes.Dosis bør efterfølgende justeres i henhold til tolerans og graden af myelosuppression.,True,False
page_07398.html,https://pro.medicin.dk/Medicin/Praeparater/7398#a102,L01BC05,NA,NA,NA,NA,NA,NA,NA,NA,NA,False,False
page_07399.html,https://pro.medicin.dk/Medicin/Praeparater/7399#a102,L04AX07,NA,NA,NA,NA,NA,NA,NA,NA,NA,False,False
page_07401.html,https://pro.medicin.dk/Medicin/Praeparater/7401#a102,N06DX01,<30 ml/min.,[0],[29],≥17 år,[17],[150],forsigtighed,dosisjustering,Initialdosis 5 mg 1 gang dgl. Efter 1 uge evt. dosisøgning til højst 10 mg 1 gang dgl.,True,False
page_07402.html,https://pro.medicin.dk/Medicin/Praeparater/7402#a102,N02AA01,<30 ml/min.; 30-50 ml/min.,"[0, 30]","[29, 50]",NA; NA,"['NA', 'NA']","['NA', 'NA']",forsigtighed; forsigtighed,dosisjustering; dosisjustering,Dosis nedsættes til 25% af normaldosis med uændret dosisinterval.Velbehandlede patienter med stabil nyrefunktion < 30 ml/min. kan fortsætte behandling indtil GFR 10 ml/min.; Dosis nedsættes til 75 % af normaldosis.,True,False
page_07410.html,https://pro.medicin.dk/Medicin/Praeparater/7410#a102,A10BK02,<60 ml/min.,[0],[59],≥18 år,[18],[150],forsigtighed,dosisjustering,Højst 100 mg canagliflozin dgl.GFR < 30 ml/min:Behandling bør ikke initieres. Igangværende behandling kan fortsættes med 100 mg dgl.,True,False
page_07411.html,https://pro.medicin.dk/Medicin/Praeparater/7411#a102,D10AF51,NA,NA,NA,NA,NA,NA,NA,NA,NA,False,False
page_07412.html,https://pro.medicin.dk/Medicin/Praeparater/7412#a102,L04AD01,<30 ml/min.,[0],[29],NA,NA,NA,forsigtighed,betinget,"Andre indikationer end transplantation. Bør kun anvendes  ved nefrotisk syndrom med samtidig  nyreinsufficiens.  Initialdosis bør ikke overstige 2,5 mg/kg/dag.",True,False
page_07413.html,https://pro.medicin.dk/Medicin/Praeparater/7413#a102,N06BA04,<60 ml/min.,[0],[59],NA,NA,NA,forsigtighed,erfaring savnes,Der er ingen erfaring med brug af methylphenidat til patienter med nedsat nyrefunktion.,True,False
page_07414.html,https://pro.medicin.dk/Medicin/Praeparater/7414#a102,N02BF01,<15 ml/min.; 15-30 ml/min.; 30-60 ml/min.; 60-80 ml/min.,"[0, 15, 30, 60]","[14, 30, 60, 80]",≥12 år; ≥12 år; ≥12 år; ≥12 år,"[12, 12, 12, 12]","[150, 150, 150, 150]",forsigtighed; forsigtighed; forsigtighed; forsigtighed,dosisjustering; dosisjustering; dosisjustering; dosisjustering,"Højst 150-300 mg 1 gang i døgnet. Døgndoser på 150 mg gives som 300 mg hver 2. dag.Daglig dosis bør nedsættes i forhold til GFR (ved GFR < 7,5 ml/min. halvt så stor daglig dosis som ved en GFR på 15 ml/min.).; Højst 150-600 mg i døgnet, så vidt muligt fordelt på flere daglige doser.Døgndoser på 150 mg gives som 300 mg hver 2. dag.; Højst 300-900 mg i døgnet, så vidt muligt fordelt på flere daglige doser.; Højst 600-1.800 mg i døgnet fordelt på 3 daglige doser.",True,False
page_07417.html,https://pro.medicin.dk/Medicin/Praeparater/7417#a102,B02BD02,NA,NA,NA,NA,NA,NA,NA,NA,NA,False,False
page_07420.html,https://pro.medicin.dk/Medicin/Praeparater/7420#a102,N05BA12,<60 ml/min.,[0],[59],NA,NA,NA,forsigtighed,dosisjustering,"Tabletter.Voksne.Fx initialt 0,5-0,75 mg dgl. fordelt på flere doser. Dosis kan øges gradvist efter behov og tolerans.",True,False
page_07427.html,https://pro.medicin.dk/Medicin/Praeparater/7427#a102,J04AK05,<30 ml/min.,[0],[29],NA,NA,NA,forsigtighed,øget bivirkningsrisiko,"Koncentrationen af bedaquilin kan stige pga. ændringer i absorption, fordeling og metabolisme som følge af renal dysfunktion.",True,False
page_07430.html,https://pro.medicin.dk/Medicin/Praeparater/7430#a102,A12CC04,<30 ml/min.,[0],[29],NA,NA,NA,kontraindiceret,øget bivirkningsrisiko,Risiko for ophobning af magnesium.,True,False
page_07438.html,https://pro.medicin.dk/Medicin/Praeparater/7438#a102,J01DD01,<10 ml/min.,[0],[9],NA,NA,NA,forsigtighed,dosisjustering,Der gives normaldosis som første dosis. Efterfølgende doser nedsættes til 50% af normaldosis.,True,False
page_07439.html,https://pro.medicin.dk/Medicin/Praeparater/7439#a102,N03AG01,<15 ml/min.,[0],[14],NA,NA,NA,forsigtighed,monitorering,"Ved nedsat nyrefunktion kan det være nødvendigt at reducere dosis eller at øge dosis ved hæmodialyse, da valproat er dialyserbart. Dosering bør justeres i henhold til klinisk monitorering af patienten.",True,False
page_07442.html,https://pro.medicin.dk/Medicin/Praeparater/7442#a102,D11AX21,NA,NA,NA,NA,NA,NA,NA,NA,NA,False,False
page_07443.html,https://pro.medicin.dk/Medicin/Praeparater/7443#a102,J02AC01,<30 ml/min.; <30 ml/min.,"[0, 0]","[29, 29]",2-12 år,[2],[12],forsigtighed,dosisjustering,"Trøske, oral candidiasis: 1, 5 mg pr. kg legemsvægt 1 gang dgl.; Forebyggelse og behandling af candidiasis: 3 mg pr. kg legemsvægt 1 gang dgl.; Systemisk candidiasisKryptokokmeningitis: 6 mg pr. kg legemsvægt 1 gang dgl.: 6 mg pr. kg legemsvægt 1 gang dgl.",True,True
page_07445.html,https://pro.medicin.dk/Medicin/Praeparater/7445#a102,G03CX01,NA,NA,NA,NA,NA,NA,NA,NA,NA,False,False
page_07446.html,https://pro.medicin.dk/Medicin/Praeparater/7446#a102,V03AX03,<70 ml/min.,[0],[69],NA,NA,NA,forsigtighed,betinget,"Cobicistat hæmmer den tubulære sekretion af kreatinin og medfører derfor en øgning i P-kreatinin og eGFR. Dette kan give problemer ved beregning af dosis for lægemidler, der doseres i henhold til GFR. VedeGFR < 70 ml/min. anbefales, at den sande GFR måles til vurdering af nyrefunktionen.Erfaring savnes vedr. dialysepatienter.",True,False
page_07447.html,https://pro.medicin.dk/Medicin/Praeparater/7447#a102,M01AX05,NA,NA,NA,NA,NA,NA,NA,NA,NA,False,False
page_07450.html,https://pro.medicin.dk/Medicin/Praeparater/7450#a102,C02KX05,<15 ml/min.,[0],[14],NA,NA,NA,kontraindiceret,erfaring savnes,Bør ikke anvendes ved GFR < 15 ml/min. pga. manglende data. Der er ingen data for dialysekrævende nyreinsufficiens.,True,False
page_07453.html,https://pro.medicin.dk/Medicin/Praeparater/7453#a102,A02BC05,NA,NA,NA,NA,NA,NA,NA,NA,NA,False,False
page_07454.html,https://pro.medicin.dk/Medicin/Praeparater/7454#a102,N06AB03,NA,NA,NA,NA,NA,NA,NA,NA,NA,False,False
page_07455.html,https://pro.medicin.dk/Medicin/Praeparater/7455#a102,B05AA06,<60 ml/min.,[0],[59],NA,NA,NA,forsigtighed,betinget,Kontraindiceret ved akut oligurisk nyresvigt.Forsigtighed ved nedsat nyrefunktion.,True,False
page_07456.html,https://pro.medicin.dk/Medicin/Praeparater/7456#a102,A02BC01,NA,NA,NA,NA,NA,NA,NA,NA,NA,False,False
page_07463.html,https://pro.medicin.dk/Medicin/Praeparater/7463#a102,A10BK03,<30 ml/min.; 30-60 ml/min.,"[0, 30]","[29, 60]",≥10 år; ≥10 år,"[10, 10]","[150, 150]",forsigtighed; forsigtighed,dosisjustering; dosisjustering,"Type-2 diabetes, (≥ 17 år) hjerteinsufficiens og kronisk nyresygdom: Højst 10 mg 1 gang dgl.GFR ≤ 30 ml/min: Empagliflozin har ringe antidiabetisk effekt og suplerende antidiabetikum bør anvendes.GFR ≤ 20 ml/min: Behandling bør ikke initieres. Igangværende behandling kan fortsættes uændret pga. organbeskyttende effekt.; Type-2 diabetes: Højst 10 mg 1 gang dgl.",True,False
page_07468.html,https://pro.medicin.dk/Medicin/Praeparater/7468#a102,R03AK07,NA,NA,NA,NA,NA,NA,NA,NA,NA,False,False
page_07469.html,https://pro.medicin.dk/Medicin/Praeparater/7469#a102,A11CC05,30-60 ml/min.; <30 ml/min.,"[30, 0]","[60, 29]",NA; NA,"['NA', 'NA']","['NA', 'NA']",forsigtighed; forsigtighed,monitorering; NA,"Kontrol af P-calcium og P-fosfat.; Bør ikke anvendes. Ved svær nyreinsufficiens metaboliseres vitamin D i form af cholecalciferol ikke normalt, og der bør anvendes andre former for vitamin D.",True,False
page_07473.html,https://pro.medicin.dk/Medicin/Praeparater/7473#a102,N05CF02,NA,NA,NA,NA,NA,NA,NA,NA,NA,False,False
page_07474.html,https://pro.medicin.dk/Medicin/Praeparater/7474#a102,R03AK07,NA,NA,NA,NA,NA,NA,NA,NA,NA,False,False
page_07476.html,https://pro.medicin.dk/Medicin/Praeparater/7476#a102,L01EE01,<30 ml/min.,[0],[29],NA,NA,NA,forsigtighed,erfaring savnes,"Dosisjustering er ikke nødvendig ved let til moderat nedsat nyrefunktion. Erfaring savnes ved GFR < 30 ml/min. Der findes ingen data, og forsigtighed tilrådes.",True,False
page_07477.html,https://pro.medicin.dk/Medicin/Praeparater/7477#a102,A16AB12,NA,NA,NA,NA,NA,NA,NA,NA,NA,False,False
page_07478.html,https://pro.medicin.dk/Medicin/Praeparater/7478#a102,G03GA05,NA,NA,NA,NA,NA,NA,NA,NA,NA,False,False
page_07479.html,https://pro.medicin.dk/Medicin/Praeparater/7479#a102,N06AB10,<30 ml/min.,[0],[29],NA,NA,NA,forsigtighed,erfaring savnes,Forsigtighed ved GFR < 30 ml/min. pga. manglende erfaring.,True,False
page_07481.html,https://pro.medicin.dk/Medicin/Praeparater/7481#a102,N06AB10,<30 ml/min.,[0],[29],NA,NA,NA,forsigtighed,erfaring savnes,Forsigtighed ved GFR < 30 ml/min. pga. manglende erfaring.,True,False
page_07483.html,https://pro.medicin.dk/Medicin/Praeparater/7483#a102,R03AC13,NA,NA,NA,NA,NA,NA,NA,NA,NA,False,False
page_07484.html,https://pro.medicin.dk/Medicin/Praeparater/7484#a102,A02BC03,NA,NA,NA,NA,NA,NA,NA,NA,NA,False,False
page_07486.html,https://pro.medicin.dk/Medicin/Praeparater/7486#a102,A02BC01,NA,NA,NA,NA,NA,NA,NA,NA,NA,False,False
page_07490.html,https://pro.medicin.dk/Medicin/Praeparater/7490#a102,J05AG03,NA,NA,NA,NA,NA,NA,NA,NA,NA,False,False
page_07493.html,https://pro.medicin.dk/Medicin/Praeparater/7493#a102,G03AD01,NA,NA,NA,NA,NA,NA,NA,NA,NA,False,False
page_07497.html,https://pro.medicin.dk/Medicin/Praeparater/7497#a102,N06AX26,<60 ml/min.,[0],[59],NA,NA,NA,forsigtighed,erfaring savnes,Forsigtighed pga. manglende erfaring.,True,False
page_07498.html,https://pro.medicin.dk/Medicin/Praeparater/7498#a102,L04AG05,NA,NA,NA,NA,NA,NA,NA,NA,NA,False,False
page_07499.html,https://pro.medicin.dk/Medicin/Praeparater/7499#a102,C03DA04,<30 ml/min.; 30-50 ml/min.,"[0, 30]","[29, 50]",NA; ≥17 år,"['NA', 17]","['NA', 150]",kontraindiceret; forsigtighed,øget bivirkningsrisiko; dosisjustering,"Risiko for hyperkaliæmi øges med faldende nyrefunktion.; Initialdosis 25 mg hver 2. dag. Højst 50 mg dgl.Herefter dosisjusteres efter P-kalium, som måles regelmæssigt.",True,False
page_07502.html,https://pro.medicin.dk/Medicin/Praeparater/7502#a102,A02BC05,NA,NA,NA,NA,NA,NA,NA,NA,NA,False,False
page_07505.html,https://pro.medicin.dk/Medicin/Praeparater/7505#a102,J01MA14,NA,NA,NA,NA,NA,NA,NA,NA,NA,False,False
page_07511.html,https://pro.medicin.dk/Medicin/Praeparater/7511#a102,A10BD16,<30 ml/min.; 30-45 ml/min.; 45-60 ml/min.,"[0, 30, 45]","[29, 45, 60]",NA; ≥18 år; ≥18 år,"['NA', 18, 18]","['NA', 150, 150]",kontraindiceret; forsigtighed; forsigtighed,NA; dosisjustering; dosisjustering,"Kontraindiceret pga. metformin.Mulige alternativer, se Type 2-diabetes.; Højst 1 tablet (50 mg canagliflozin og 1.000 mg metformin) 1 gang dgl.For enkeltstofferne gælder:MetforminGFR 30-45 ml/min:Højst 1 g dgl.GFR < 30 ml/min: Kontraindiceret.CanagliflozinGFR 30-60 ml/min: Højst 100 mg dgl.GFR < 30 ml/min: Behandling bør ikke initieres. Igangværende behandling kan fortsættes med 100 mg dgl.; Højst 1 tablet (50 mg canagliflozin og 1.000 mg metformin) 2 gange dgl.For enkeltstofferne gælder:MetforminGFR 30-45 ml/min:Højst 1 g dgl.GFR < 30 ml/min: Kontraindiceret.CanagliflozinGFR 30-60 ml/min: Højst 100 mg dgl.GFR < 30 ml/min: Behandling bør ikke initieres. Igangværende behandling kan fortsættes med 100 mg dgl.",True,False
page_07512.html,https://pro.medicin.dk/Medicin/Praeparater/7512#a102,G03AA07,NA,NA,NA,NA,NA,NA,NA,NA,NA,False,False
page_07515.html,https://pro.medicin.dk/Medicin/Praeparater/7515#a102,N06DX01,<30 ml/min.,[0],[29],≥17 år,[17],[150],forsigtighed,dosisjustering,Initialdosis 5 mg 1 gang dgl. Efter 1 uge evt. dosisøgning til højst 10 mg 1 gang dgl.,True,False
page_07516.html,https://pro.medicin.dk/Medicin/Praeparater/7516#a102,J01MA14,NA,NA,NA,NA,NA,NA,NA,NA,NA,False,False
page_07519.html,https://pro.medicin.dk/Medicin/Praeparater/7519#a102,B01AX01,NA,NA,NA,NA,NA,NA,NA,NA,NA,False,False
page_07520.html,https://pro.medicin.dk/Medicin/Praeparater/7520#a102,J05AR13,<30 ml/min.; 30-50 ml/min.,"[0, 30]","[29, 50]",NA; NA,"['NA', 'NA']","['NA', 'NA']",kontraindiceret; forsigtighed,erfaring savnes; monitorering,"Behandling anbefales ikke pga. manglende erfaring.; Generelt er eksponeringen over for lamivudin signifikant forøget ved GFR < 50 ml/min.:Ved vægt < 25 kg mangler erfaring og behandling bør undgås.Ved vægt ≥ 25 kg er dosisjusteringikkenødvendig i udgangspunktet, men monitorering af lamivudin-relaterede bivirkninger (særligt hæmatologiske som neutropeni eller anæmi) anbefales. Ved nyopstået eller forværret neutropeni eller anæmi bør dosis af lamivudin justeres (kombinationsbehandlingen erstattes i så fald med enkeltstof-præparater).",True,False
page_07521.html,https://pro.medicin.dk/Medicin/Praeparater/7521#a102,J01FA10,<10 ml/min.,[0],[9],NA,NA,NA,forsigtighed,øget bivirkningsrisiko,En stigning i AUC på 33% for azithromycin er set ved GFR < 10 ml/min. Forsigtighed tilrådes.,True,False
page_07522.html,https://pro.medicin.dk/Medicin/Praeparater/7522#a102,D03BA03,NA,NA,NA,NA,NA,NA,NA,NA,NA,False,False
page_07523.html,https://pro.medicin.dk/Medicin/Praeparater/7523#a102,G04BE10,<30 ml/min.,[0],[29],NA,NA,NA,kontraindiceret,erfaring savnes,"Erfaring savnes.Mulige alternativer, se Prostaglandiner.",True,False
page_07527.html,https://pro.medicin.dk/Medicin/Praeparater/7527#a102,L04AC11,NA,NA,NA,NA,NA,NA,NA,NA,NA,False,False
page_07534.html,https://pro.medicin.dk/Medicin/Praeparater/7534#a102,B02BD01,NA,NA,NA,NA,NA,NA,NA,NA,NA,False,False
page_07535.html,https://pro.medicin.dk/Medicin/Praeparater/7535#a102,M05BA06,<30 ml/min.,[0],[29],NA,NA,NA,forsigtighed,erfaring savnes,"Erfaring savnes ved GFR < 30 ml/min, og anvendelse kan ikke anbefales.",True,False
page_07537.html,https://pro.medicin.dk/Medicin/Praeparater/7537#a102,C09DA07,NA,NA,NA,NA,NA,NA,NA,NA,"GFR: 0-30 ml/min., Anbefalet initialdosis 20 mg telmisartan dgl. (kombipræparat er ikke velegnet)., Rutinemæssig monitorering af P-kalium og P-Kreatinin.",True,False
page_07539.html,https://pro.medicin.dk/Medicin/Praeparater/7539#a102,A16AX08,<50 ml/min.,[0],[49],≥2 år,[2],[150],forsigtighed,dosisjustering,"Højst 0,025 mg/kg legemsvægt s.c. 1 gang dgl.",True,False
page_07541.html,https://pro.medicin.dk/Medicin/Praeparater/7541#a102,L01FA03,<30 ml/min.,[0],[29],NA,NA,NA,forsigtighed,erfaring savnes,Dosisjustering er ikke nødvendig ved let til moderat nedsat nyrefunktion. Der findes ingen data ved GFR < 30 ml/min.,True,False
page_07542.html,https://pro.medicin.dk/Medicin/Praeparater/7542#a102,J07AH09,NA,NA,NA,NA,NA,NA,NA,NA,NA,False,False
page_07545.html,https://pro.medicin.dk/Medicin/Praeparater/7545#a102,R03AL03,NA,NA,NA,NA,NA,NA,NA,NA,NA,False,False
page_07546.html,https://pro.medicin.dk/Medicin/Praeparater/7546#a102,L03AB13,<30 ml/min.,[0],[29],NA,NA,NA,forsigtighed,monitorering,Tæt monitorering tilrådes.,True,False
page_07551.html,https://pro.medicin.dk/Medicin/Praeparater/7551#a102,L01EX07,NA,NA,NA,NA,NA,NA,NA,NA,NA,False,False
page_07554.html,https://pro.medicin.dk/Medicin/Praeparater/7554#a102,J02AC02,<60 ml/min.,[0],[59],NA,NA,NA,forsigtighed,betinget,"Forsigtighed tilrådes.Samtidig brug af clarithromycin, colchicin, fesoterodin og solifenacin er kontraindiceret.",True,False
page_07555.html,https://pro.medicin.dk/Medicin/Praeparater/7555#a102,N05AE05,<50 ml/min.,[0],[49],≥13 år,[13],[150],forsigtighed,dosisjustering,"Initialdosis 18,5 mg 1 gang dgl. Derefter højst 74 mg dgl.",True,False
page_07557.html,https://pro.medicin.dk/Medicin/Praeparater/7557#a102,S01EC54,NA,NA,NA,NA,NA,NA,NA,NA,NA,False,False
page_07566.html,https://pro.medicin.dk/Medicin/Praeparater/7566#a102,N02AX02,<10 ml/min.; 10-20 ml/min.,"[0, 10]","[9, 20]",≥12 år; ≥12 år,"[12, 12]","[150, 150]",forsigtighed; forsigtighed,dosisjustering; dosisjustering,Højst 50 mg 2 gange dgl.; Højst 100 mg 2 gange dgl.,True,False
page_07567.html,https://pro.medicin.dk/Medicin/Praeparater/7567#a102,B03BA01,NA,NA,NA,NA,NA,NA,NA,NA,NA,False,False
page_07569.html,https://pro.medicin.dk/Medicin/Praeparater/7569#a102,A03FA01,NA,NA,NA,NA,NA,NA,NA,NA,"Ved nedsat nyrefunktion (GFR 15-60 ml/min) bør dosis halveres til 5 mg x 3 dgl., Ved svært nedsat nyrefunktion (GFR < 15 ml/min) bør dosis reduceres med 75 % til 5 mg x 1-2 dgl., Dosis kan øges til max 10 mg x 3 dgl. under hensyntagen til eventuelle bivirkninger.",True,False
page_07570.html,https://pro.medicin.dk/Medicin/Praeparater/7570#a102,G03XC01,<30 ml/min.,[0],[29],NA,NA,NA,kontraindiceret,erfaring savnes,Kontraindiceret pga. manglende data.,True,False
page_07571.html,https://pro.medicin.dk/Medicin/Praeparater/7571#a102,N02AA05,<10 ml/min.; 10-50 ml/min.,"[0, 10]","[9, 50]",NA; NA,"['NA', 'NA']","['NA', 'NA']",forsigtighed; forsigtighed,dosisjustering; dosisjustering,"50% reduktion af normaldosis. Lav startdosis, fx 10 mg oralt. Individuel titrering til smertekontrol.; 25 % reduktion af normaldosis.",True,False
page_07573.html,https://pro.medicin.dk/Medicin/Praeparater/7573#a102,C09AA02,<10 ml/min.; 10-30 ml/min.,"[0, 10]","[9, 30]",≥16 år; ≥16 år,"[16, 16]","[150, 150]",forsigtighed; forsigtighed,dosisjustering; dosisjustering,"Initialdosis 2,5 mg. Højst 10 mg dgl. Rutinemæssig monitorering af P-kalium og P-kreatinin.  Ved opstart accepteres et fald i eGFR på op til 30 %.; Initialdosis 2,5 mg dgl. Højst 20 mg dgl. Rutinemæssig monitorering af P-kalium og P-kreatinin.  Ved opstart accepteres et fald i eGFR på op til 30 %.",True,False
page_07576.html,https://pro.medicin.dk/Medicin/Praeparater/7576#a102,C01DA14,NA,NA,NA,NA,NA,NA,NA,NA,NA,False,False
page_07577.html,https://pro.medicin.dk/Medicin/Praeparater/7577#a102,N03AF02,<30 ml/min.,[0],[29],NA,NA,NA,forsigtighed,monitorering,Der indledes med halv dosis.Dosisøgning med intervaller på mindst 1 uge.,True,False
page_07578.html,https://pro.medicin.dk/Medicin/Praeparater/7578#a102,A05AA02,NA,NA,NA,NA,NA,NA,NA,NA,NA,False,False
page_07581.html,https://pro.medicin.dk/Medicin/Praeparater/7581#a102,M09AX03,<30 ml/min.,[0],[29],NA,NA,NA,forsigtighed,betinget,"Højere eksponering af ataluren var forbundet med potentielt nedsat virkning. Toksiciteten af metabolitten er ukendt. Bør derfor kun anvendes, hvis de forventede kliniske fordele opvejer den potentielle risiko.Behandling bør ikke påbegyndes ved GFR < 30 ml/min.",True,False
page_07582.html,https://pro.medicin.dk/Medicin/Praeparater/7582#a102,B05BA10,<60 ml/min.,[0],[59],NA,NA,NA,forsigtighed,monitorering,"Dosistilpasning under hensyn til patientbehov og sværhedsgrad af nyreinsufficiens.Tæt monitorering af væske-, elektrolyt- og syre-base-status.Kontraindiceret ved alvorlig nyreinsufficiens uden samtidig renal substitutionsbehandling (fx hæmodialyse, hæmofiltrering).",True,False
page_07584.html,https://pro.medicin.dk/Medicin/Praeparater/7584#a102,C10AA05,<30 ml/min.,[0],[29],NA,NA,NA,forsigtighed,monitorering,"P-kreatinkinase bør måles før behandlingsstart pga. prædisposition for rhabdomyolyse. Ved P-kreatinkinase > 4 gange øverste normalgrænse bør behandlingen ikke startes.Under behandling:P-kreatininkinase > 10 gange øverste normalgrænse: pauser behandlingen, kontroller nyrefunktionen og monitorer P-kreatininkinase efter to uger.P-kreatininkinase < 10 gange øverste normalgrænse:ingen symptomer, fortsat behandlingen, kontroller P- kreatininkinase indenfor 2-4 uger.P-kreatininkinase < 10 gange øverste normalgrænse:hvis symptomer, pauser statin og afvent normalisering af P-kreatininkinase før genoptagelse med en lavere statindosis.Læs mere:Statiner.",True,False
page_07586.html,https://pro.medicin.dk/Medicin/Praeparater/7586#a102,L01EM01,NA,NA,NA,NA,NA,NA,NA,NA,NA,False,False
page_07587.html,https://pro.medicin.dk/Medicin/Praeparater/7587#a102,B03AC,NA,NA,NA,NA,NA,NA,NA,NA,NA,False,False
page_07591.html,https://pro.medicin.dk/Medicin/Praeparater/7591#a102,B02BD07,NA,NA,NA,NA,NA,NA,NA,NA,NA,False,False
page_07592.html,https://pro.medicin.dk/Medicin/Praeparater/7592#a102,G03CA03,NA,NA,NA,NA,NA,NA,NA,NA,NA,False,False
page_07596.html,https://pro.medicin.dk/Medicin/Praeparater/7596#a102,B05XX,<60 ml/min.,[0],[59],NA,NA,NA,forsigtighed,øget bivirkningsrisiko,Udskillelsen af visse sporstoffer kan være betydeligt nedsat.,True,False
page_07597.html,https://pro.medicin.dk/Medicin/Praeparater/7597#a102,L01EL01,<30 ml/min.,[0],[29],NA,NA,NA,forsigtighed,erfaring savnes,"Dosisjustering er ikke nødvendig ved let til moderat nedsat nyrefunktion. Erfaring savnes ved GFR < 30 ml/min. Der findes ingen data, og forsigtighed tilrådes.",True,False
page_07598.html,https://pro.medicin.dk/Medicin/Praeparater/7598#a102,M01AH01,30-60 ml/min.; <30 ml/min.,"[30, 0]","[60, 29]",NA; NA,"['NA', 'NA']","['NA', 'NA']",forsigtighed; kontraindiceret,monitorering; øget bivirkningsrisiko,Prostaglandiner har betydning for opretholdelse af normal nyregennemblødning. NSAID's hæmning af prostaglandinsyntesen kan derfor forårsage nedsat nyregennemblødning og dermed forværret nyrefunktion. Tæt monitorering af nyrefunktionen tilrådes.; Prostaglandiner har betydning for opretholdelse af normal nyregennemblødning. NSAID's hæmning af prostaglandinsyntesen kan derfor forårsage nedsat nyregennemblødning og dermed forværret nyrefunktion,True,False
page_07599.html,https://pro.medicin.dk/Medicin/Praeparater/7599#a102,M01AH01,30-60 ml/min.; <30 ml/min.,"[30, 0]","[60, 29]",NA; NA,"['NA', 'NA']","['NA', 'NA']",forsigtighed; kontraindiceret,monitorering; øget bivirkningsrisiko,Prostaglandiner har betydning for opretholdelse af normal nyregennemblødning. NSAID's hæmning af prostaglandinsyntesen kan derfor forårsage nedsat nyregennemblødning og dermed forværret nyrefunktion. Tæt monitorering af nyrefunktionen tilrådes.; Prostaglandiner har betydning for opretholdelse af normal nyregennemblødning. NSAID's hæmning af prostaglandinsyntesen kan derfor forårsage nedsat nyregennemblødning og dermed forværret nyrefunktion,True,False
page_07603.html,https://pro.medicin.dk/Medicin/Praeparater/7603#a102,A16AA04,NA,NA,NA,NA,NA,NA,NA,NA,NA,False,False
page_07604.html,https://pro.medicin.dk/Medicin/Praeparater/7604#a102,C09DA07,NA,NA,NA,NA,NA,NA,NA,NA,"GFR: 0-30 ml/min., Anbefalet initialdosis 20 mg telmisartan dgl. (kombipræparat er ikke velegnet)., Rutinemæssig monitorering af P-kalium og P-Kreatinin.",True,False
page_07607.html,https://pro.medicin.dk/Medicin/Praeparater/7607#a102,R01AX03,NA,NA,NA,NA,NA,NA,NA,NA,NA,False,False
page_07610.html,https://pro.medicin.dk/Medicin/Praeparater/7610#a102,J05AP51,NA,NA,NA,NA,NA,NA,NA,NA,NA,False,False
page_07611.html,https://pro.medicin.dk/Medicin/Praeparater/7611#a102,N05BB01,<15 ml/min.; <15 ml/min.; <15 ml/min.; <15 ml/min.; 15-50 ml/min.; 15-50 ml/min.; 15-50 ml/min.; 15-50 ml/min.,"[0, 0, 0, 0, 15, 15, 15, 15]","[14, 14, 14, 14, 50, 50, 50, 50]",5-17 år; ≥40 KG; 17-65 år; ≥65 år; 5-17 år; ≥40 KG; 17-65 år; ≥65 år,"[5, 40, 17, 65, 5, 40, 17, 65]","[17, 150, 65, 150, 17, 150, 65, 150]",forsigtighed; forsigtighed; forsigtighed; forsigtighed; forsigtighed; forsigtighed; forsigtighed; forsigtighed,dosisjustering; dosisjustering; dosisjustering; dosisjustering; dosisjustering; dosisjustering; dosisjustering; dosisjustering,"Højst 0,5 mg/kg legemsvægt dgl.; Højst 25 mg dgl.; Højst 25 mg dgl.; Højst 12,5 mg dgl.; Højst 1 mg/kg legemsvægt dgl.; Højst 50 mg dgl.; Højst 50 mg dgl.; Højst 25 mg dgl.",True,False
page_07613.html,https://pro.medicin.dk/Medicin/Praeparater/7613#a102,N04BC04,<30 ml/min.,[0],[29],NA,NA,NA,kontraindiceret,erfaring savnes,"Erfaring savnes.Mulige alternativer, se Dopaminagonister.",True,False
page_07620.html,https://pro.medicin.dk/Medicin/Praeparater/7620#a102,C09DA06,<30 ml/min.,[0],[29],NA,NA,NA,forsigtighed,monitorering,Tæt monitorering af P-kalium og P-kreatinin pga. indhold af hydrochlorthiazid.GFR < 15 ml/min:Begrænset erfaring med candesartan ved hypertension.,True,False
page_07621.html,https://pro.medicin.dk/Medicin/Praeparater/7621#a102,N06AB10,<30 ml/min.,[0],[29],NA,NA,NA,forsigtighed,erfaring savnes,Forsigtighed ved GFR < 30 ml/min. pga. manglende erfaring.,True,False
page_07622.html,https://pro.medicin.dk/Medicin/Praeparater/7622#a102,N03AX14,<30 ml/min.; <30 ml/min.; <30 ml/min.; 30-50 ml/min.; 30-50 ml/min.; 30-50 ml/min.; 50-80 ml/min.; 50-80 ml/min.; 50-80 ml/min.,"[0, 0, 0, 30, 30, 30, 50, 50, 50]","[29, 29, 29, 50, 50, 50, 80, 80, 80]",2-17 år; 12-17 år; ≥17 år; 2-17 år; 12-17 år; ≥17 år; 2-17 år; 12-17 år; ≥17 år,"[2, 12, 17, 2, 12, 17, 2, 12, 17]","[17, 17, 150, 17, 17, 150, 17, 17, 150]",forsigtighed; forsigtighed; forsigtighed; forsigtighed; forsigtighed; forsigtighed; forsigtighed; forsigtighed; forsigtighed,dosisjustering; dosisjustering; dosisjustering; dosisjustering; dosisjustering; dosisjustering; dosisjustering; dosisjustering; dosisjustering,Højst 20 mg pr. kg legemsvægt dgl.; Højst 1.000 mg dgl.Samme dosis til patienter i dialyse. Efter dialyse anbefales 250 mg til 500 mg som supplerende dosis.; Højst 1.000 mg dgl.Samme dosis til patienter i dialyse. Efter dialyse anbefales 250 mg til 500 mg som supplerende dosis.; Højst 30 mg pr. kg legemsvægt dgl.; Højst 1.500 mg dgl.; Højst 1.500 mg dgl.; Højst 40 mg pr. kg legemsvægt dgl.; Højst 2.000 mg dgl.; Højst 2.000 mg dgl.,True,False
page_07625.html,https://pro.medicin.dk/Medicin/Praeparater/7625#a102,C09DA03,<30 ml/min.,[0],[29],NA,NA,NA,forsigtighed,monitorering,Rutinemæssig monitorering af P-kalium og P-kreatinin.,True,False
page_07629.html,https://pro.medicin.dk/Medicin/Praeparater/7629#a102,N05AX12,NA,NA,NA,NA,NA,NA,NA,NA,NA,False,False
page_07630.html,https://pro.medicin.dk/Medicin/Praeparater/7630#a102,J01DC02,<20 ml/min.,[0],[19],Nedsat nyrefunktionDosis i.v. (voksne)GFR 10-20 ml/min.750 mg i.v. 2 gange dgl.GFR < 10 ml/min.750 mg i.v. 1 gang dgl.Hæmodialyse750 mg i.v./i.m. efter hver dialysePeritonealdialyse250 mg pr. 2 liter dialysevæskeCAVH eller high-flux-hæmofiltration*750 mg 2 gange dgl.* Ved low-flux hæmofiltration følges dosering svarende til GFR ovenfor.,,,forsigtighed,dosisjustering,GFR 10-20 ml/min.: 750 mg i.v. 2 gange dgl.; GFR < 10 ml/min.: 750 mg i.v. 1 gang dgl.; Hæmodialyse: 750 mg i.v./i.m. efter hver dialyse; Peritonealdialyse: 250 mg pr. 2 liter dialysevæske; CAVH eller high-flux-hæmofiltration*: 750 mg 2 gange dgl.; * Ved low-flux hæmofiltration følges dosering svarende til GFR ovenfor.: * Ved low-flux hæmofiltration følges dosering svarende til GFR ovenfor.,True,True
page_07631.html,https://pro.medicin.dk/Medicin/Praeparater/7631#a102,J01CF01,<30 ml/min.,[0],[29],NA,NA,NA,forsigtighed,øget bivirkningsrisiko,Forsigtighed pga. øget risiko for bivirkningen neurotoksicitet. Dosisjustering kan være nødvendig.,True,False
page_07632.html,https://pro.medicin.dk/Medicin/Praeparater/7632#a102,C07AA05,NA,NA,NA,NA,NA,NA,NA,NA,NA,False,False
page_07633.html,https://pro.medicin.dk/Medicin/Praeparater/7633#a102,N05BA06,NA,NA,NA,NA,NA,NA,NA,NA,NA,False,False
page_07635.html,https://pro.medicin.dk/Medicin/Praeparater/7635#a102,J01MA14,NA,NA,NA,NA,NA,NA,NA,NA,NA,False,False
page_07640.html,https://pro.medicin.dk/Medicin/Praeparater/7640#a102,V03AE05,NA,NA,NA,NA,NA,NA,NA,NA,NA,False,False
page_07647.html,https://pro.medicin.dk/Medicin/Praeparater/7647#a102,A07EC01,<30 ml/min.,[0],[29],NA,NA,NA,kontraindiceret,øget bivirkningsrisiko,Risiko for sulfasalazininduceret nyreskade.,True,False
page_07649.html,https://pro.medicin.dk/Medicin/Praeparater/7649#a102,R07AX01,NA,NA,NA,NA,NA,NA,NA,NA,NA,False,False
page_07650.html,https://pro.medicin.dk/Medicin/Praeparater/7650#a102,R06AE07,NA,NA,NA,NA,NA,NA,NA,NA,"Dosisjustering, GFR: < 10 ml/min., Højst 5-10 mg dgl., 1, 1) Reference, :, The Renal Drug Handbook, , 5th Ed.",True,False
page_07652.html,https://pro.medicin.dk/Medicin/Praeparater/7652#a102,L01XK01,<30 ml/min.; 30-50 ml/min.,"[0, 30]","[29, 50]",NA; NA,"['NA', 'NA']","['NA', 'NA']",forsigtighed; forsigtighed,dosisjustering; dosisjustering,"Bør kun anvendes, hvis fordelene opvejer den potentielle risiko, da sikkerhed og virkning ikke er fastlagt.; Voksne.Dosis nedsættes til 200 mg 2 gange dgl.",True,False
page_07653.html,https://pro.medicin.dk/Medicin/Praeparater/7653#a102,A06AH03,NA,NA,NA,NA,NA,NA,NA,NA,"GFR 0-60 ml/min., Initialt 12,5 mg. Hvis dosis er veltolereret, kan dosis øges til 25 mg.",True,False
page_07659.html,https://pro.medicin.dk/Medicin/Praeparater/7659#a102,L01FG02,NA,NA,NA,NA,NA,NA,NA,NA,NA,False,False
page_07660.html,https://pro.medicin.dk/Medicin/Praeparater/7660#a102,C10BA05,<60 ml/min.,[0],[59],NA,NA,NA,forsigtighed,monitorering,"P-kreatinkinase bør måles før behandlingsstart pga. prædisposition for rhabdomyolyse. Ved P-kreatinkinase > 5 gange øverste normalgrænse bør behandlingen ikke startes.Efter behandlingsstart:P-kreatininkinase > 10 gange øverste normalgrænse: pauser behandlingen, kontroller nyrefunktionen og monitorer P-kreatininkinase efter to uger.P-kreatininkinase < 10 gange øverste normalgrænse:ingen symptomer, fortsat behandlingen, kontroller P- kreatininkinase indenfor 2-4 uger.P-kreatininkinase < 10 gange øverste normalgrænse:hvis symptomer, pauser statin og afvent normalisering af P-kreatininkinase før genoptagelse med en lavere statin dosis.",True,False
page_07663.html,https://pro.medicin.dk/Medicin/Praeparater/7663#a102,A07EC01,<30 ml/min.,[0],[29],NA,NA,NA,kontraindiceret,øget bivirkningsrisiko,Risiko for sulfasalazininduceret nyreskade.,True,False
page_07670.html,https://pro.medicin.dk/Medicin/Praeparater/7670#a102,D06BX01,NA,NA,NA,NA,NA,NA,NA,NA,NA,False,False
page_07671.html,https://pro.medicin.dk/Medicin/Praeparater/7671#a102,R06AA04,NA,NA,NA,NA,NA,NA,NA,NA,NA,False,False
page_07673.html,https://pro.medicin.dk/Medicin/Praeparater/7673#a102,J05AR14,<70 ml/min.,[0],[69],NA,NA,NA,forsigtighed,betinget,Samtidig brug af colchicin er kontraindiceret.,True,False
page_07674.html,https://pro.medicin.dk/Medicin/Praeparater/7674#a102,L04AA32,<30 ml/min.,[0],[29],Voksne. Vedligeholdelsesdosis 30 mg 1 gang dgl. efter indledende dosistitrering* over 6 dage:Dag 1Dag 2Dag 3Dag 4Dag 5Dag 610 mg10 mg10 mg20 mg20 mg30 mgBørn og unge.Ved legemsvægt >20 kg til < 50 kg vedligeholdelsesdosis 20 mg 1 gang dgl. og ved legemsvægt >50 kg vedligeholdelsesdosis 30 mg 1 gang dgl. efter indledende dosistitrering* over 6 dage.LegemsvægtDag 1Dag 2Dag 3Dag 4Dag 5Dag 6> 20 kg til < 50kg10 mg10 mg10 mg20 mg20 mg20 mg> 50 kg10 mg10 mg10 mg20 mg20 mg20 mg*Dosistitrering anbefales som morgendosis,,,forsigtighed,dosisjustering,10 mg: 10 mg: 10 mg: 20 mg: 20 mg: 30 mg: 20 mg,True,True
page_07675.html,https://pro.medicin.dk/Medicin/Praeparater/7675#a102,L04AC10,NA,NA,NA,NA,NA,NA,NA,NA,NA,False,False
page_07678.html,https://pro.medicin.dk/Medicin/Praeparater/7678#a102,V04CD01,NA,NA,NA,NA,NA,NA,NA,NA,NA,False,False
page_07679.html,https://pro.medicin.dk/Medicin/Praeparater/7679#a102,S01JA01,NA,NA,NA,NA,NA,NA,NA,NA,NA,False,False
page_07681.html,https://pro.medicin.dk/Medicin/Praeparater/7681#a102,L04AD02,<60 ml/min.,[0],[59],NA,NA,NA,forsigtighed,monitorering,"Tacrolimus kan medføre nedsat nyrefunktion efter transplantation. Tæt monitorering pga. risiko for, at akut nyreinsufficiens uden aktiv indgriben kan udvikle sig til kronisk nyreinsufficiens. Det kan evt. være nødvendigt med nedsat dosis. Se også Interaktioner.",True,False
page_07683.html,https://pro.medicin.dk/Medicin/Praeparater/7683#a102,N04BA03,NA,NA,NA,NA,NA,NA,NA,NA,NA,False,False
page_07684.html,https://pro.medicin.dk/Medicin/Praeparater/7684#a102,C07AB12,<30 ml/min.,[0],[29],≥18 år,[18],[150],forsigtighed,dosisjustering,"Initialdosis 2,5 mg dgl. Højst 5 mg dgl.",True,False
page_07689.html,https://pro.medicin.dk/Medicin/Praeparater/7689#a102,R03BB05,NA,NA,NA,NA,NA,NA,NA,NA,NA,False,False
page_07693.html,https://pro.medicin.dk/Medicin/Praeparater/7693#a102,R06AX29,NA,NA,NA,NA,NA,NA,NA,NA,NA,False,False
page_07695.html,https://pro.medicin.dk/Medicin/Praeparater/7695#a102,L01CD02,NA,NA,NA,NA,NA,NA,NA,NA,NA,False,False
page_07699.html,https://pro.medicin.dk/Medicin/Praeparater/7699#a102,B02AA02,<10 ml/min.; 10-20 ml/min.; 20-50 ml/min.,"[0, 10, 20]","[9, 20, 50]",≥2 år; ≥2 år; ≥2 år,"[2, 2, 2]","[150, 150, 150]",forsigtighed; forsigtighed; forsigtighed,dosisjustering; dosisjustering; dosisjustering,Højst 5 mg pr. kg legemsvægt dgl.; Højst 10 mg pr. kg legemsvægt dgl.; Højst 20 mg pr. kg legemsvægt dgl.,True,False
page_07700.html,https://pro.medicin.dk/Medicin/Praeparater/7700#a102,N02BF02,<15 ml/min.; 15-30 ml/min.; 30-60 ml/min.,"[0, 15, 30]","[14, 30, 60]",≥17 år; ≥17 år; ≥17 år,"[17, 17, 17]","[150, 150, 150]",forsigtighed; forsigtighed; forsigtighed,dosisjustering; dosisjustering; dosisjustering,"Initialdosis 25 mg dgl. Højst 75 mg 1 gang dgl.Supplerende dosis efter hæmodialyse: Initialt 25 mg, højst 100 mg.; Initialdosis 25-50 mg dgl. Højst 150 mg dgl. fordelt på 1-2 doser.; Initialdosis 75 mg dgl. Højst 300 mg dgl. fordelt på 2-3 doser.",True,False
page_07703.html,https://pro.medicin.dk/Medicin/Praeparater/7703#a102,L02BA01,NA,NA,NA,NA,NA,NA,NA,NA,NA,False,False
page_07704.html,https://pro.medicin.dk/Medicin/Praeparater/7704#a102,D01BA02,<50 ml/min.,[0],[49],≥17 år,[17],[150],forsigtighed,dosisjustering,Dosis reduceres til 50 % af normaldosis. Højst 125 mg 1 gang dgl. under monitorering af bivirkninger.,True,False
page_07705.html,https://pro.medicin.dk/Medicin/Praeparater/7705#a102,N05CF01,NA,NA,NA,NA,NA,NA,NA,NA,"Dosisjustering, GFR < 10 ml/min., Initialdosis 3,75 mg 15-30 min. før sengetid, evt. stigende til 7,5 mg.",True,False
page_07706.html,https://pro.medicin.dk/Medicin/Praeparater/7706#a102,L04AB02,NA,NA,NA,NA,NA,NA,NA,NA,NA,False,False
page_07708.html,https://pro.medicin.dk/Medicin/Praeparater/7708#a102,R03AL05,NA,NA,NA,NA,NA,NA,NA,NA,NA,False,False
page_07712.html,https://pro.medicin.dk/Medicin/Praeparater/7712#a102,L01AA09,NA,NA,NA,NA,NA,NA,NA,NA,NA,False,False
page_07713.html,https://pro.medicin.dk/Medicin/Praeparater/7713#a102,A07BA01,NA,NA,NA,NA,NA,NA,NA,NA,NA,False,False
page_07714.html,https://pro.medicin.dk/Medicin/Praeparater/7714#a102,C03DA04,<30 ml/min.; 30-50 ml/min.,"[0, 30]","[29, 50]",NA; ≥17 år,"['NA', 17]","['NA', 150]",kontraindiceret; forsigtighed,øget bivirkningsrisiko; dosisjustering,"Risiko for hyperkaliæmi øges med faldende nyrefunktion.; Initialdosis 25 mg hver 2. dag. Højst 50 mg dgl.Herefter dosisjusteres efter P-kalium, som måles regelmæssigt.",True,False
page_07715.html,https://pro.medicin.dk/Medicin/Praeparater/7715#a102,N03AX14,<30 ml/min.; <30 ml/min.; <30 ml/min.; 30-50 ml/min.; 30-50 ml/min.; 30-50 ml/min.; 50-80 ml/min.; 50-80 ml/min.; 50-80 ml/min.,"[0, 0, 0, 30, 30, 30, 50, 50, 50]","[29, 29, 29, 50, 50, 50, 80, 80, 80]",2-17 år; 12-17 år; ≥17 år; 2-17 år; 12-17 år; ≥17 år; 2-17 år; 12-17 år; ≥17 år,"[2, 12, 17, 2, 12, 17, 2, 12, 17]","[17, 17, 150, 17, 17, 150, 17, 17, 150]",forsigtighed; forsigtighed; forsigtighed; forsigtighed; forsigtighed; forsigtighed; forsigtighed; forsigtighed; forsigtighed,dosisjustering; dosisjustering; dosisjustering; dosisjustering; dosisjustering; dosisjustering; dosisjustering; dosisjustering; dosisjustering,Højst 20 mg pr. kg legemsvægt dgl.; Højst 1.000 mg dgl.Samme dosis til patienter i dialyse. Efter dialyse anbefales 250 mg til 500 mg som supplerende dosis.; Højst 1.000 mg dgl.Samme dosis til patienter i dialyse. Efter dialyse anbefales 250 mg til 500 mg som supplerende dosis.; Højst 30 mg pr. kg legemsvægt dgl.; Højst 1.500 mg dgl.; Højst 1.500 mg dgl.; Højst 40 mg pr. kg legemsvægt dgl.; Højst 2.000 mg dgl.; Højst 2.000 mg dgl.,True,False
page_07716.html,https://pro.medicin.dk/Medicin/Praeparater/7716#a102,G03AA07,NA,NA,NA,NA,NA,NA,NA,NA,NA,False,False
page_07718.html,https://pro.medicin.dk/Medicin/Praeparater/7718#a102,L01EX09,<30 ml/min.,[0],[29],NA,NA,NA,forsigtighed,erfaring savnes,"Sikkerhed, virkning og farmakokinetik er ikke undersøgt. Tilfælde af nyresvigt med dødelig udgang er forekommet.",True,False
page_07723.html,https://pro.medicin.dk/Medicin/Praeparater/7723#a102,A16AX10,<15 ml/min.; 15-60 ml/min.,"[0, 15]","[14, 60]",NA; NA,"['NA', 'NA']","['NA', 'NA']",forsigtighed; forsigtighed,ingen eller begrænset erfaring; betinget,Anbefales ikke ved nogen af indikationerne.; Anbefales ikke pga. ingen eller begrænset erfaring til:CYP2D6-langsomme metabolisatorer.CYP2D6-intermediære metabolisatorer.,True,False
page_07724.html,https://pro.medicin.dk/Medicin/Praeparater/7724#a102,S01ED51,NA,NA,NA,NA,NA,NA,NA,NA,NA,False,False
page_07725.html,https://pro.medicin.dk/Medicin/Praeparater/7725#a102,L02BG03,<30 ml/min.,[0],[29],NA,NA,NA,forsigtighed,erfaring savnes,"Dosisjustering er ikke nødvendig ved let til moderat nedsat nyrefunktion. Erfaring savnes ved GFR < 30 ml/min. Der findes ingen data, og forsigtighed tilrådes.",True,False
page_07731.html,https://pro.medicin.dk/Medicin/Praeparater/7731#a102,C03DA04,<30 ml/min.; 30-50 ml/min.,"[0, 30]","[29, 50]",NA; ≥17 år,"['NA', 17]","['NA', 150]",kontraindiceret; forsigtighed,øget bivirkningsrisiko; dosisjustering,"Risiko for hyperkaliæmi øges med faldende nyrefunktion.; Initialdosis 25 mg hver 2. dag. Højst 50 mg dgl.Herefter dosisjusteres efter P-kalium, som måles regelmæssigt.",True,False
page_07732.html,https://pro.medicin.dk/Medicin/Praeparater/7732#a102,N04BA03,NA,NA,NA,NA,NA,NA,NA,NA,NA,False,False
page_07733.html,https://pro.medicin.dk/Medicin/Praeparater/7733#a102,V03AE02,NA,NA,NA,NA,NA,NA,NA,NA,NA,False,False
page_07736.html,https://pro.medicin.dk/Medicin/Praeparater/7736#a102,J01FA09,<30 ml/min.; <30 ml/min.,"[0, 0]","[29, 29]",2-12 år; ≥12 år,"[2, 12]","[12, 150]",forsigtighed; forsigtighed,dosisjustering; dosisjustering,"Dosis nedsættes til 50 % af normaldosis. Højst 7,5 mg pr. kg legemsvægt i døgnet.Kontraindiceret ved samtidig alvorligt leversvigt og nedsat nyrefunktion.; Dosis nedsættes til 50 % af normaldosis. Højst 500 mg dgl.Kontraindiceret ved både alvorligt leversvigt og nedsat nyrefunktion.",True,False
page_07738.html,https://pro.medicin.dk/Medicin/Praeparater/7738#a102,N06AX21,<30 ml/min.,[0],[29],≥18 år,[18],[150],forsigtighed,dosisjustering,"Højst 60 mg 1 gang dgl.Lav initialdosis: depression, angst og neuropatiske smerter 30 mg, inkontinens 20 mg.Forsigtig optitrering efter respons.",True,False
page_07739.html,https://pro.medicin.dk/Medicin/Praeparater/7739#a102,C01BC04,<35 ml/min.,[0],[34],≥12 år,[12],[150],forsigtighed,dosisjustering,Initialdosis 100 mg og forsigtig dosisøgning til højst 200 mg dgl.Tæt monitorering af plasmakoncentrationen anbefales pga. langsommere elimination af flecainid.,True,False
page_07741.html,https://pro.medicin.dk/Medicin/Praeparater/7741#a102,D07AB02,NA,NA,NA,NA,NA,NA,NA,NA,NA,False,False
page_07742.html,https://pro.medicin.dk/Medicin/Praeparater/7742#a102,J01DH02,<10 ml/min.; 10-25 ml/min.; 25-50 ml/min.,"[0, 10, 25]","[9, 25, 50]",NA; NA; NA,"['NA', 'NA', 'NA']","['NA', 'NA', 'NA']",forsigtighed; forsigtighed; forsigtighed,dosisjustering; dosisjustering; dosisjustering,Halv dosis hver 24. time.; Halv dosis hver 12. time.; Normal dosis hver 12. time.,True,False
page_07746.html,https://pro.medicin.dk/Medicin/Praeparater/7746#a102,A10BJ05,NA,NA,NA,NA,NA,NA,NA,NA,NA,False,False
page_07747.html,https://pro.medicin.dk/Medicin/Praeparater/7747#a102,C03AB01,<60 ml/min.,[0],[59],NA,NA,NA,forsigtighed,monitorering,"Tæt monitorering af P-kalium pga. risiko for hyperkaliæmi. Bendroflumethiazid har formentlig ingen diuretisk effekt, men kan stadig have en antihypertensiv effekt via nedsættelse af den totale perifere modstand.",True,False
page_07749.html,https://pro.medicin.dk/Medicin/Praeparater/7749#a102,J01AA02,NA,NA,NA,NA,NA,NA,NA,NA,NA,False,False
page_07753.html,https://pro.medicin.dk/Medicin/Praeparater/7753#a102,C01CX08,30-60 ml/min.; <30 ml/min.,"[30, 0]","[60, 29]",NA; NA,"['NA', 'NA']","['NA', 'NA']",forsigtighed; kontraindiceret,monitorering; øget bivirkningsrisiko,"Overvågning anbefales i mindst 5 dage.; Øget koncentration af metabolitter, som kan resultere i en mere udtalt og forlænget hæmodynamisk virkning.",True,False
page_07755.html,https://pro.medicin.dk/Medicin/Praeparater/7755#a102,L01AX04,<30 ml/min.,[0],[29],NA,NA,NA,kontraindiceret,erfaring savnes,Dosisjustering er som regel ikke nødvendig ved let til moderat nedsat nyrefunktion. Kontraindiceret ved GFR < 30 ml/min. Der findes ingen data.,True,False
page_07757.html,https://pro.medicin.dk/Medicin/Praeparater/7757#a102,N06DX01,<30 ml/min.,[0],[29],≥17 år,[17],[150],forsigtighed,dosisjustering,Initialdosis 5 mg 1 gang dgl. Efter 1 uge evt. dosisøgning til højst 10 mg 1 gang dgl.,True,False
page_07759.html,https://pro.medicin.dk/Medicin/Praeparater/7759#a102,R03BA02,NA,NA,NA,NA,NA,NA,NA,NA,NA,False,False
page_07760.html,https://pro.medicin.dk/Medicin/Praeparater/7760#a102,N06BA02,NA,NA,NA,NA,NA,NA,NA,NA,NA,False,False
page_07763.html,https://pro.medicin.dk/Medicin/Praeparater/7763#a102,A10BD20,<30 ml/min.; 30-45 ml/min.; 45-60 ml/min.,"[0, 30, 45]","[29, 45, 60]",NA; ≥17 år; ≥17 år,"['NA', 17, 17]","['NA', 150, 150]",kontraindiceret; forsigtighed; forsigtighed,NA; dosisjustering; dosisjustering,"Kontraindiceret pga. metformin.Mulige alternativer, seType 2-diabetes.; Højst 1 tablet (5 mg empagliflozin og 1.000 mg metformin) 1 gang dgl.For enkeltstofferne gælder:Metformin:GFR 30-45 ml/min:Højst 1 g dgl.GFR < 30 ml/min: Kontraindiceret.Empagliflozin:GFR 30-60 ml/min.Højst 10 mg dgl.GFR < 30 ml/min.Behandling bør ikke initieres som antidiabetikum. Igangværende behandling kan fortsættes uændret pga. nyrebeskyttende effekt.; Højst 1 tablet (5 mg empagliflozin og 1.000 mg metformin) 2 gange dgl.For enkeltstofferne gælder:Metformin:GFR 30-45 ml/min:Højst 1 g dgl.GFR < 30 ml/min: Kontraindiceret.Empagliflozin:GFR 30-60 ml/min.Højst 10 mg dgl.GFR < 30 ml/min.Behandling bør ikke initieres som antidiabetikum. Igangværende behandling kan fortsættes uændret pga. nyrebeskyttende effekt.",True,False
page_07767.html,https://pro.medicin.dk/Medicin/Praeparater/7767#a102,C09CA07,NA,NA,NA,NA,NA,NA,NA,NA,"GFR: 0-30 ml/min., Anbefalet initialdosis 20 mg dgl., Rutinemæssig monitorering af P-kalium og P-kreatinin.",True,False
page_07768.html,https://pro.medicin.dk/Medicin/Praeparater/7768#a102,D11AX10,NA,NA,NA,NA,NA,NA,NA,NA,NA,False,False
page_07770.html,https://pro.medicin.dk/Medicin/Praeparater/7770#a102,N05AX12,NA,NA,NA,NA,NA,NA,NA,NA,NA,False,False
page_07777.html,https://pro.medicin.dk/Medicin/Praeparater/7777#a102,A10AE04,NA,NA,NA,NA,NA,NA,NA,NA,NA,False,False
page_07780.html,https://pro.medicin.dk/Medicin/Praeparater/7780#a102,A12BA01,<30 ml/min.; 30-60 ml/min.,"[0, 30]","[29, 60]",NA; NA,"['NA', 'NA']","['NA', 'NA']",forsigtighed; forsigtighed,øget bivirkningsrisiko; monitorering,Forsigtighed pga. risiko for hyperkaliæmi. Hyppig kontrol af P-kalium.; Hyppig kontrol af P-kalium.,True,False
page_07781.html,https://pro.medicin.dk/Medicin/Praeparater/7781#a102,G03CA04,NA,NA,NA,NA,NA,NA,NA,NA,NA,False,False
page_07783.html,https://pro.medicin.dk/Medicin/Praeparater/7783#a102,A07AA02,NA,NA,NA,NA,NA,NA,NA,NA,NA,False,False
page_07785.html,https://pro.medicin.dk/Medicin/Praeparater/7785#a102,L01EX08,<30 ml/min.,[0],[29],NA,NA,NA,forsigtighed,dosisjustering,Differentieret thyroideacancerAnbefalet startdosis (voksne): 14 mg 1 gang dgl. Yderligere dosisreduktion kan være nødvendig. Erfaring savnes vedr. nyresygdom i slutstadiet.Hepatocellulært karcinomErfaring savnes.EndometriecancerAnbefalet startdosis (voksne):10 mg 1 gang dgl. Yderligere dosisreduktion kan være nødvendig. Erfaring savnes vedr. nyresygdom i slutstadiet.,True,False
page_07786.html,https://pro.medicin.dk/Medicin/Praeparater/7786#a102,L01ED02,<30 ml/min.,[0],[29],NA,NA,NA,forsigtighed,erfaring savnes,"Dosisjustering er ikke nødvendig ved let til moderat nedsat nyrefunktion. Erfaring savnes ved GFR < 30 ml/min. Der findes ingen data, og forsigtighed tilrådes.",True,False
page_07787.html,https://pro.medicin.dk/Medicin/Praeparater/7787#a102,J01CF01,<30 ml/min.,[0],[29],NA,NA,NA,forsigtighed,øget bivirkningsrisiko,Forsigtighed pga. øget risiko for bivirkningen neurotoksicitet. Dosisjustering kan være nødvendig.,True,False
page_07791.html,https://pro.medicin.dk/Medicin/Praeparater/7791#a102,B02BD02,NA,NA,NA,NA,NA,NA,NA,NA,NA,False,False
page_07793.html,https://pro.medicin.dk/Medicin/Praeparater/7793#a102,N02AA05,<10 ml/min.; 10-50 ml/min.,"[0, 10]","[9, 50]",NA; NA,"['NA', 'NA']","['NA', 'NA']",forsigtighed; forsigtighed,dosisjustering; dosisjustering,"50% reduktion af normaldosis. Lav startdosis, fx 10 mg oralt. Individuel titrering til smertekontrol.; 25 % reduktion af normaldosis.",True,False
page_07799.html,https://pro.medicin.dk/Medicin/Praeparater/7799#a102,L01FF01,<30 ml/min.,[0],[29],NA,NA,NA,forsigtighed,erfaring savnes,Dosisjustering er ikke nødvendig ved let til moderat nedsat nyrefunktion. Der findes ingen data ved GFR < 30 ml/min.,True,False
page_07801.html,https://pro.medicin.dk/Medicin/Praeparater/7801#a102,J01CA04,<10 ml/min.,[0],[9],NA,NA,NA,forsigtighed,dosisjustering,Dosis 250 mg -1.000 mg 3 gange dgl. Højst 6 g dgl. ved endocarditis.Ved behandling i kortere tid er dosisreduktion ikke nødvendigt.,True,False
page_07803.html,https://pro.medicin.dk/Medicin/Praeparater/7803#a102,V04CX05,NA,NA,NA,NA,NA,NA,NA,NA,NA,False,False
page_07805.html,https://pro.medicin.dk/Medicin/Praeparater/7805#a102,D11AX22,NA,NA,NA,NA,NA,NA,NA,NA,NA,False,False
page_07806.html,https://pro.medicin.dk/Medicin/Praeparater/7806#a102,N02BE01,NA,NA,NA,NA,NA,NA,NA,NA,"Oral administration, Det anbefales at:, ved GFR 10-50 ml/min: dosis hver 6. time, ved GFR < 10 ml/min: dosis hver 8. time",True,False
page_07808.html,https://pro.medicin.dk/Medicin/Praeparater/7808#a102,C03XA01,<25 ml/min.,[0],[24],NA,NA,NA,forsigtighed,monitorering,"GFR < 25 ml/min. Ingen oplysninger ved sent CKD-stadium 4.GFR < 20 ml/min. Risikoen for leverskade kan øges, og der skal monitoreres nøje for levertoksicitet.GFR < 10 ml/min. (inkl. dialyse). Erfaring savnes.Kontraindiceret ved anuri.",True,False
page_07809.html,https://pro.medicin.dk/Medicin/Praeparater/7809#a102,N02BE01,NA,NA,NA,NA,NA,NA,NA,NA,"Oral administration, Det anbefales at:, ved GFR 10-50 ml/min: dosis hver 6. time, ved GFR < 10 ml/min: dosis hver 8. time",True,False
page_07810.html,https://pro.medicin.dk/Medicin/Praeparater/7810#a102,S01BC03,NA,NA,NA,NA,NA,NA,NA,NA,NA,False,False
page_07811.html,https://pro.medicin.dk/Medicin/Praeparater/7811#a102,D01AC20,NA,NA,NA,NA,NA,NA,NA,NA,NA,False,False
page_07816.html,https://pro.medicin.dk/Medicin/Praeparater/7816#a102,J02AB02,<60 ml/min.,[0],[59],NA,NA,NA,forsigtighed,betinget,"Samtidig brug af clarithromycin, colchicin, fesoterodin og solifenacin er kontraindiceret.",True,False
page_07817.html,https://pro.medicin.dk/Medicin/Praeparater/7817#a102,R03AL06,<50 ml/min.,[0],[49],NA,NA,NA,forsigtighed,ingen eller begrænset erfaring,Dosisjustering er ikke nødvendig. Øget eksponering for tiotropium er set ved GFR < 50 ml/min. Ingen erfaring vedr. langtidsbehandling ved svært nedsat nyrefunktion.,True,False
page_07821.html,https://pro.medicin.dk/Medicin/Praeparater/7821#a102,J01CF01,<30 ml/min.,[0],[29],NA,NA,NA,forsigtighed,øget bivirkningsrisiko,Forsigtighed pga. øget risiko for bivirkningen neurotoksicitet. Dosisjustering kan være nødvendig.,True,False
page_07822.html,https://pro.medicin.dk/Medicin/Praeparater/7822#a102,R06AX26,<60 ml/min.,[0],[59],NA,NA,NA,forsigtighed,erfaring savnes,Forsigtighed pga. manglende erfaring.,True,False
page_07826.html,https://pro.medicin.dk/Medicin/Praeparater/7826#a102,G04CA02,<10 ml/min.,[0],[9],NA,NA,NA,forsigtighed,erfaring savnes,Forsigtighed ved stærkt nedsat nyrefunktion med GFR < 10 ml/min. pga. manglende erfaring.,True,False
page_07828.html,https://pro.medicin.dk/Medicin/Praeparater/7828#a102,N02CC01,NA,NA,NA,NA,NA,NA,NA,NA,NA,False,False
page_07829.html,https://pro.medicin.dk/Medicin/Praeparater/7829#a102,R03AC03,NA,NA,NA,NA,NA,NA,NA,NA,NA,False,False
page_07830.html,https://pro.medicin.dk/Medicin/Praeparater/7830#a102,L01FF02,<15 ml/min.,[0],[14],NA,NA,NA,forsigtighed,erfaring savnes,Dosisjustering er ikke nødvendig ved GFR > 15 ml/min. Der findes ingen data ved GFR < 15 ml/min.,True,False
page_07831.html,https://pro.medicin.dk/Medicin/Praeparater/7831#a102,J01XB01,NA,NA,NA,NA,NA,NA,NA,NA,NA,False,False
page_07836.html,https://pro.medicin.dk/Medicin/Praeparater/7836#a102,N02AA05,<10 ml/min.; 10-50 ml/min.,"[0, 10]","[9, 50]",NA; NA,"['NA', 'NA']","['NA', 'NA']",forsigtighed; forsigtighed,dosisjustering; dosisjustering,"50% reduktion af normaldosis. Lav startdosis, fx 10 mg oralt. Individuel titrering til smertekontrol.; 25 % reduktion af normaldosis.",True,False
page_07837.html,https://pro.medicin.dk/Medicin/Praeparater/7837#a102,A10BJ02,NA,NA,NA,NA,NA,NA,NA,NA,NA,False,False
page_07838.html,https://pro.medicin.dk/Medicin/Praeparater/7838#a102,G03AC09,NA,NA,NA,NA,NA,NA,NA,NA,NA,False,False
page_07842.html,https://pro.medicin.dk/Medicin/Praeparater/7842#a102,C10AX13,NA,NA,NA,NA,NA,NA,NA,NA,NA,False,False
page_07843.html,https://pro.medicin.dk/Medicin/Praeparater/7843#a102,N06BA12,<15 ml/min.; 15-30 ml/min.,"[0, 15]","[14, 30]",≥6 år; ≥6 år,"[6, 6]","[150, 150]",forsigtighed; forsigtighed,dosisjustering; dosisjustering,Højst 30 mg 1 gang dgl.; Højst 50 mg 1 gang dgl.,True,False
page_07849.html,https://pro.medicin.dk/Medicin/Praeparater/7849#a102,J01CE02,NA,NA,NA,NA,NA,NA,NA,NA,NA,False,False
page_07851.html,https://pro.medicin.dk/Medicin/Praeparater/7851#a102,A10AE04,NA,NA,NA,NA,NA,NA,NA,NA,NA,False,False
page_07854.html,https://pro.medicin.dk/Medicin/Praeparater/7854#a102,M04AC01,<30 ml/min.; <30 ml/min.,"[0, 0]","[29, 29]",2-17 år,[2],[17],forsigtighed,dosisjustering,Anfald af artritis urica og anfaldsprofylakse: Anvendes ikke til børn; Forebyggelse af middelhavsfeber: Lav initialdosis og forsigtig optitrering til 1 mg dgl.: Lav initialdosis og forsigtig optitrering til 1 mg dgl.,True,True
page_07855.html,https://pro.medicin.dk/Medicin/Praeparater/7855#a102,R03BB07,NA,NA,NA,NA,NA,NA,NA,NA,NA,False,False
page_07860.html,https://pro.medicin.dk/Medicin/Praeparater/7860#a102,C09DA04,<30 ml/min.,[0],[29],NA,NA,NA,forsigtighed,monitorering,Tæt monitorering af P-kalium og P-kreatinin pga. indhold af hydrochlorthiazid.,True,False
page_07862.html,https://pro.medicin.dk/Medicin/Praeparater/7862#a102,G02BA03,NA,NA,NA,NA,NA,NA,NA,NA,NA,False,False
page_07863.html,https://pro.medicin.dk/Medicin/Praeparater/7863#a102,N06AX21,<30 ml/min.,[0],[29],≥18 år,[18],[150],forsigtighed,dosisjustering,"Højst 60 mg 1 gang dgl.Lav initialdosis: inkontinens 20 mg, depression, angst og neuropatiske smerter 30 mg.Forsigtig optitrering efter respons.",True,False
page_07864.html,https://pro.medicin.dk/Medicin/Praeparater/7864#a102,A07AA11,NA,NA,NA,NA,NA,NA,NA,NA,NA,False,False
page_07866.html,https://pro.medicin.dk/Medicin/Praeparater/7866#a102,N02AJ06,<10 ml/min.; 10-50 ml/min.,"[0, 10]","[9, 50]",≥12 år; ≥12 år,"[12, 12]","[150, 150]",forsigtighed; forsigtighed,dosisjustering; dosisjustering,Højst 4 tabletter i døgnet.; Højst 6 tabletter i døgnet.,True,False
page_07868.html,https://pro.medicin.dk/Medicin/Praeparater/7868#a102,A16AB14,NA,NA,NA,NA,NA,NA,NA,NA,NA,False,False
page_07869.html,https://pro.medicin.dk/Medicin/Praeparater/7869#a102,R01AD09,NA,NA,NA,NA,NA,NA,NA,NA,NA,False,False
page_07870.html,https://pro.medicin.dk/Medicin/Praeparater/7870#a102,S01EC04,NA,NA,NA,NA,NA,NA,NA,NA,NA,False,False
page_07871.html,https://pro.medicin.dk/Medicin/Praeparater/7871#a102,N06AB10,<30 ml/min.,[0],[29],NA,NA,NA,forsigtighed,erfaring savnes,Forsigtighed ved GFR < 30 ml/min. pga. manglende erfaring.,True,False
page_07872.html,https://pro.medicin.dk/Medicin/Praeparater/7872#a102,N05AX12,NA,NA,NA,NA,NA,NA,NA,NA,NA,False,False
page_07873.html,https://pro.medicin.dk/Medicin/Praeparater/7873#a102,D10BA01,<30 ml/min.,[0],[29],NA,NA,NA,forsigtighed,monitorering,Voksne og børn > 12 år.Lavere startdosis på 10 mg anbefales. Herefter øges dosis efter tolerans til højst 1 mg/kg/døgn.,True,False
page_07876.html,https://pro.medicin.dk/Medicin/Praeparater/7876#a102,A16AB13,<60 ml/min.,[0],[59],NA,NA,NA,forsigtighed,erfaring savnes,Erfaring savnes.,True,False
page_07880.html,https://pro.medicin.dk/Medicin/Praeparater/7880#a102,J01DE01,<50 ml/min.,[0],[49],"Alder/vægtInfektionDosering i.v.GFR 30-50 ml/min.GFR 10-30 ml/min.GFR < 10 ml/min.Voksne og børn> 40 kgAlvorlig2 ghver 24. time1 ghver 24. time0,5 ghver 24. timeMeget alvorlig2 ghver 12. time2 ghver 24. time1 ghver 24. timeBørn > 2 mdr. ≤ 40 kgAlvorlig50 mg/kghver 24. time25 mg/kghver 24. time12,5 mg/kghver 24. timeMeget alvorlig50 mg/kghver 12. time50 mg/kghver 24. time25 mg/kghver 24. timeBørn 1-2 mdr.Alvorlig30 mg/kghver 24. time15 mg/kghver 24. time7,5 mg/kghver 24. timeMeget alvorlig30 mg/kghver 12. time30 mg/kghver 24. time15 mg/kghver 24. timeHæmodialyseInitialdosis 0,5 g dgl., dog 1 g dgl. ved febril neutropeni.På dialysedage indgives cefepim efter afsluttet dialyse.CAPDAlvorlig infektion:1 g hver 48. time.Meget alvorlig infektion: 2 g hver 48. time",,,forsigtighed,dosisjustering,"GFR 30-50 ml/min.: GFR 10-30 ml/min.: GFR < 10 ml/min.; Voksne og børn> 40 kg: Alvorlig: 2 ghver 24. time: 1 ghver 24. time: 0,5 ghver 24. time; Meget alvorlig: 2 ghver 12. time: 2 ghver 24. time: 1 ghver 24. time; Børn > 2 mdr. ≤ 40 kg: Alvorlig: 50 mg/kghver 24. time: 25 mg/kghver 24. time: 12,5 mg/kghver 24. time; Meget alvorlig: 50 mg/kghver 12. time: 50 mg/kghver 24. time: 25 mg/kghver 24. time; Børn 1-2 mdr.: Alvorlig: 30 mg/kghver 24. time: 15 mg/kghver 24. time: 7,5 mg/kghver 24. time; Meget alvorlig: 30 mg/kghver 12. time: 30 mg/kghver 24. time: 15 mg/kghver 24. time; Hæmodialyse: Initialdosis 0,5 g dgl., dog 1 g dgl. ved febril neutropeni.På dialysedage indgives cefepim efter afsluttet dialyse.; CAPD: Alvorlig infektion:1 g hver 48. time.Meget alvorlig infektion: 2 g hver 48. time: Alvorlig infektion:1 g hver 48. time.Meget alvorlig infektion: 2 g hver 48. time",True,True
page_07881.html,https://pro.medicin.dk/Medicin/Praeparater/7881#a102,J01DD02,<50 ml/min.,[0],[49],"GFR(ml/min)Intermitterende infusionKontinuerlig infusionVoksne ogbørn > 40 kgBørn < 40 kgog > 2 mdr.Voksne ogbørn > 40 kgBørn < 40 kgog > 2 mdr.31-501 g hver 12. time25 mg/kghver 12. time2 g efterfulgt af1-3 g hver 24. time-*16-301 g hver 24. time25 mg/kghver 24. time2 g efterfulgt af1 g hver 24. time-*6-150,5 g hver 24. time12,5 mg/kghver 24. time-*-*< 50,5 g hver 48. time12,5 mg/kghver 48. time-*-*Hæmodialyse.1 g i.v. dgl. ved slutningen af hver dialyse.Peritonealdialyse.125-250 mg pr. 2 l dialysevæske.* Ikke undersøgt",,,forsigtighed,dosisjustering,"Voksne ogbørn > 40 kg: Børn < 40 kgog > 2 mdr.: Voksne ogbørn > 40 kg: Børn < 40 kgog > 2 mdr.; 31-50: 1 g hver 12. time: 25 mg/kghver 12. time: 2 g efterfulgt af1-3 g hver 24. time: -*; 16-30: 1 g hver 24. time: 25 mg/kghver 24. time: 2 g efterfulgt af1 g hver 24. time: -*; 6-15: 0,5 g hver 24. time: 12,5 mg/kghver 24. time: -*: -*; < 5: 0,5 g hver 48. time: 12,5 mg/kghver 48. time: -*: -*; Hæmodialyse.1 g i.v. dgl. ved slutningen af hver dialyse.; Peritonealdialyse.125-250 mg pr. 2 l dialysevæske.; * Ikke undersøgt: * Ikke undersøgt",True,True
page_07882.html,https://pro.medicin.dk/Medicin/Praeparater/7882#a102,S01XA18,NA,NA,NA,NA,NA,NA,NA,NA,NA,False,False
page_07887.html,https://pro.medicin.dk/Medicin/Praeparater/7887#a102,C08CA01,NA,NA,NA,NA,NA,NA,NA,NA,NA,False,False
page_07888.html,https://pro.medicin.dk/Medicin/Praeparater/7888#a102,S01EC04,NA,NA,NA,NA,NA,NA,NA,NA,NA,False,False
page_07889.html,https://pro.medicin.dk/Medicin/Praeparater/7889#a102,C10AX14,<30 ml/min.,[0],[29],NA,NA,NA,forsigtighed,erfaring savnes,Dosisjustering er ikke nødvendig ved let til moderat nedsat nyrefunktion. Erfaring savnes ved GFR < 30 ml/min.,True,False
page_07890.html,https://pro.medicin.dk/Medicin/Praeparater/7890#a102,N07BC01,<30 ml/min.,[0],[29],NA,NA,NA,forsigtighed,øget bivirkningsrisiko,Risiko for ophobning af aktive metabolitter.,True,False
page_07892.html,https://pro.medicin.dk/Medicin/Praeparater/7892#a102,H02AB09,<60 ml/min.,[0],[59],NA,NA,NA,forsigtighed,øget bivirkningsrisiko,"Glukokortikoider kan medføre hypernatriæmi, hypokaliæmi, væskeretention og forhøjelse af blodtrykket.",True,False
page_07895.html,https://pro.medicin.dk/Medicin/Praeparater/7895#a102,G03GA02,NA,NA,NA,NA,NA,NA,NA,NA,NA,False,False
page_07897.html,https://pro.medicin.dk/Medicin/Praeparater/7897#a102,N04BC05,<20 ml/min.,[0],[19],≥18 år,[18],[150],forsigtighed,dosisjustering,"Parkinsons sygdom: Initialdosis 0,09 mg dgl. Højst 1,1 mg dgl.; Restless legs: Højst 0,54 mg dgl.: Højst 0,54 mg dgl.",True,True
page_07902.html,https://pro.medicin.dk/Medicin/Praeparater/7902#a102,J01DB04,<55 ml/min.,[0],[54],Voksne og børn > 12 år med legemsvægt ≥ 40 kgGFR (ml/min.)Døgndosis35-54100% dosis fordelt på 3 doser11-3450% dosis fordelt på 2 doser≤ 1050% dosis hver 18.-24. timeBørn > 1 mdr. med legemsvægt < 40 kgGFR (ml/min.)Døgndosis20-4025% dosis fordelt på 2 doser5-2010% dosis givet som 1 dosisForlænget prothrombintid og krampeanfald kan forekomme.,,,forsigtighed,dosisjustering,GFR (ml/min.): Døgndosis; 35-54: 100% dosis fordelt på 3 doser; 11-34: 50% dosis fordelt på 2 doser; ≤ 10: 50% dosis hver 18.-24. time: 10% dosis givet som 1 dosis,True,True
page_07906.html,https://pro.medicin.dk/Medicin/Praeparater/7906#a102,J01CR02,<10 ml/min.,[0],[9],NA,NA,NA,forsigtighed,dosisjustering,"Højst 500 mg/125 mg 3 gange dgl.Ved behandling i kortere tid, op til 1 uge, er der ikke behov for dosisreduktion.",True,False
page_07910.html,https://pro.medicin.dk/Medicin/Praeparater/7910#a102,B03BA03,NA,NA,NA,NA,NA,NA,NA,NA,NA,False,False
page_07911.html,https://pro.medicin.dk/Medicin/Praeparater/7911#a102,J05AF05,<5 ml/min.; <5 ml/min.; 5-15 ml/min.; 5-15 ml/min.; 15-30 ml/min.; 15-30 ml/min.; 30-50 ml/min.; 30-50 ml/min.,"[0, 0, 5, 5, 15, 15, 30, 30]","[4, 4, 15, 15, 30, 30, 50, 50]",2-17 år; ≥6 år; 2-17 år; ≥6 år; 2-17 år; ≥6 år; 2-17 år; ≥6 år,"[2, 6, 2, 6, 2, 6, 2, 6]","[17, 150, 17, 150, 17, 150, 17, 150]",forsigtighed; forsigtighed; forsigtighed; forsigtighed; forsigtighed; forsigtighed; forsigtighed; forsigtighed,dosisjustering; dosisjustering; dosisjustering; dosisjustering; dosisjustering; dosisjustering; dosisjustering; dosisjustering,"HIV: Initialdosis 1,6 mg pr. kg, derefter vedligeholdelsesdosis på højst 0,9 mg pr. kg legemsvægt dgl.; HIV: Initialdosis 50 mg, derefter vedligeholdelsesdosis på højst 25 mg 1 gang dgl.; HIV: Initialdosis 5 mg pr. kg, derefter vedligeholdelsesdosis på højst 1,6 mg pr. kg legemsvægt dgl.; HIV: Initialdosis 150 mg, derefter vedligeholdelsesdosis på højst 50 mg 1 gang dgl.; HIV: Initialdosis 5 mg pr. kg, derefter vedligeholdelsesdosis på højst 3,3 mg pr. kg legemsvægt dgl.; HIV: Initialdosis 150 mg, derefter vedligeholdelsesdosis på højst 100 mg 1 gang dgl.; HIV: Højst 5 mg pr. kg legemsvægt dgl.; HIV: Højst 150 mg 1 gang dgl.",True,False
page_07912.html,https://pro.medicin.dk/Medicin/Praeparater/7912#a102,A02BC03,NA,NA,NA,NA,NA,NA,NA,NA,NA,False,False
page_07917.html,https://pro.medicin.dk/Medicin/Praeparater/7917#a102,N06BX13,NA,NA,NA,NA,NA,NA,NA,NA,NA,False,False
page_07918.html,https://pro.medicin.dk/Medicin/Praeparater/7918#a102,N06AB03,NA,NA,NA,NA,NA,NA,NA,NA,NA,False,False
page_07924.html,https://pro.medicin.dk/Medicin/Praeparater/7924#a102,N04BD02,NA,NA,NA,NA,NA,NA,NA,NA,NA,False,False
page_07925.html,https://pro.medicin.dk/Medicin/Praeparater/7925#a102,V01AA03,NA,NA,NA,NA,NA,NA,NA,NA,NA,False,False
page_07927.html,https://pro.medicin.dk/Medicin/Praeparater/7927#a102,S02CA06,NA,NA,NA,NA,NA,NA,NA,NA,NA,False,False
page_07929.html,https://pro.medicin.dk/Medicin/Praeparater/7929#a102,N03AF02,<30 ml/min.,[0],[29],NA,NA,NA,forsigtighed,monitorering,Der indledes med halv dosis.Dosisøgning med intervaller på mindst 1 uge.,True,False
page_07933.html,https://pro.medicin.dk/Medicin/Praeparater/7933#a102,D06AX01,NA,NA,NA,NA,NA,NA,NA,NA,NA,False,False
page_07935.html,https://pro.medicin.dk/Medicin/Praeparater/7935#a102,N02CC01,NA,NA,NA,NA,NA,NA,NA,NA,NA,False,False
page_07936.html,https://pro.medicin.dk/Medicin/Praeparater/7936#a102,J01DI54,<15 ml/min.; 15-30 ml/min.; 30-50 ml/min.,"[0, 15, 30]","[14, 30, 50]",NA; NA; NA,"['NA', 'NA', 'NA']","['NA', 'NA', 'NA']",forsigtighed; forsigtighed; forsigtighed,dosisjustering; dosisjustering; dosisjustering,HæmodialyseVoksne. Initialt 500 mg ceftolozan/250 mg tazobactam i.v.Vedligeholdelsesdosis 100 mg ceftolozan/50 mg tazobactam hver 8. time i.v.På dialysedage indgives ceftolozan/tazobactam straks efter afsluttet dialyse.; Voksne.250 mg ceftolozan/125 mg tazobactam i.v. hver 8. time.; Voksne. 500 mg ceftolozan/250 mg tazobactam i.v. hver 8. time.,True,False
page_07937.html,https://pro.medicin.dk/Medicin/Praeparater/7937#a102,L01XG02,NA,NA,NA,NA,NA,NA,NA,NA,NA,False,False
page_07938.html,https://pro.medicin.dk/Medicin/Praeparater/7938#a102,J01CE02,NA,NA,NA,NA,NA,NA,NA,NA,NA,False,False
page_07942.html,https://pro.medicin.dk/Medicin/Praeparater/7942#a102,L01XH03,NA,NA,NA,NA,NA,NA,NA,NA,NA,False,False
page_07944.html,https://pro.medicin.dk/Medicin/Praeparater/7944#a102,J05AR18,<30 ml/min.; 30-70 ml/min.,"[0, 30]","[29, 70]",NA; NA,"['NA', 'NA']","['NA', 'NA']",forsigtighed; forsigtighed,betinget; betinget,"GFR < 15 ml/min. og kronisk hæmodialyse:Kan anvendes hvis de potentielle fordele opvejer de potentielle risici. Administreres efter fuldført hæmodialysebehandling. Dosisjustering er ikke nødvendig.GFR < 30 ml/min.:Anbefales ikke, da sikkerheden ikke er klarlagt.; Voksne og børn > 12 år:Dosisjustering er ikke nødvendig.Børn < 12 år:Ingen oplysninger.",True,False
page_07945.html,https://pro.medicin.dk/Medicin/Praeparater/7945#a102,C09DX04,<30 ml/min.; 30-60 ml/min.,"[0, 30]","[29, 60]",NA; NA,"['NA', 'NA']","['NA', 'NA']",forsigtighed; forsigtighed,monitorering; monitorering,"Voksne. Startdosis er 1 tablet (24 mg/26 mg) 2 gange dgl.Børn og unge, 40-50 kg.Startdosis er 0,8 mg/kg, 2 gange dgl.Rutinemæssig monitorering af P-kalium og P-kreatinin.Ingen erfaring ved nyresygdom i slutstadiet.; Halvering af startdosis bør overvejes.Rutinemæssig monitorering af P-kalium og P-kreatinin.",True,False
page_07946.html,https://pro.medicin.dk/Medicin/Praeparater/7946#a102,V03AB37,NA,NA,NA,NA,NA,NA,NA,NA,NA,False,False
page_07947.html,https://pro.medicin.dk/Medicin/Praeparater/7947#a102,N05AX12,NA,NA,NA,NA,NA,NA,NA,NA,NA,False,False
page_07948.html,https://pro.medicin.dk/Medicin/Praeparater/7948#a102,N06AX21,<30 ml/min.,[0],[29],≥18 år,[18],[150],forsigtighed,dosisjustering,"Højst 60 mg 1 gang dgl.Lav initialdosis: depression, angst og neuropatiske smerter 30 mg, inkontinens 20 mg.Forsigtig optitrering efter respons.",True,False
page_07956.html,https://pro.medicin.dk/Medicin/Praeparater/7956#a102,R03DX09,NA,NA,NA,NA,NA,NA,NA,NA,NA,False,False
page_07957.html,https://pro.medicin.dk/Medicin/Praeparater/7957#a102,R03AC13,NA,NA,NA,NA,NA,NA,NA,NA,NA,False,False
page_07958.html,https://pro.medicin.dk/Medicin/Praeparater/7958#a102,L01FX07,NA,NA,NA,NA,NA,NA,NA,NA,NA,False,False
page_07960.html,https://pro.medicin.dk/Medicin/Praeparater/7960#a102,N06AX21,<30 ml/min.,[0],[29],≥18 år,[18],[150],forsigtighed,dosisjustering,"Højst 60 mg 1 gang dgl.Lav initialdosis: depression, angst og neuropatiske smerter 30 mg, inkontinens 20 mg.Forsigtig optitrering efter respons.",True,False
page_07961.html,https://pro.medicin.dk/Medicin/Praeparater/7961#a102,N06AX21,<30 ml/min.,[0],[29],≥18 år,[18],[150],forsigtighed,dosisjustering,"Højst 60 mg 1 gang dgl.Lav initialdosis: inkontinens 20 mg, depression, angst og neuropatiske smerter 30 mg.Forsigtig optitrering efter respons.",True,False
page_07963.html,https://pro.medicin.dk/Medicin/Praeparater/7963#a102,L01EE02,<30 ml/min.,[0],[29],NA,NA,NA,forsigtighed,ingen eller begrænset erfaring,"Dosisjustering er ikke nødvendig ved let til moderat nedsat nyrefunktion. Erfaring savnes ved GFR < 30 ml/min. Der er begrænsede data, og forsigtighed tilrådes.",True,False
page_07965.html,https://pro.medicin.dk/Medicin/Praeparater/7965#a102,N02CC06,<10 ml/min.; 10-50 ml/min.,"[0, 10]","[9, 50]",NA; ≥18 år,"['NA', 18]","['NA', 150]",kontraindiceret; forsigtighed,NA; dosisjustering,"Mulige alternativer, se Triptaner.; Initialdosis 20 mg dgl. Højst 40 mg dgl.",True,False
page_07966.html,https://pro.medicin.dk/Medicin/Praeparater/7966#a102,B02BD02,NA,NA,NA,NA,NA,NA,NA,NA,NA,False,False
page_07967.html,https://pro.medicin.dk/Medicin/Praeparater/7967#a102,C09CA01,<30 ml/min.,[0],[29],NA,NA,NA,forsigtighed,monitorering,Rutinemæssig monitorering af P-kalium og P-kreatinin.,True,False
page_07968.html,https://pro.medicin.dk/Medicin/Praeparater/7968#a102,J01MA12,<20 ml/min.,[0],[19],NA,NA,NA,forsigtighed,øget bivirkningsrisiko,"Bør ikke anvendes.Mulige alternativer, se Antibakterielle midler til inhalation.",True,False
page_07972.html,https://pro.medicin.dk/Medicin/Praeparater/7972#a102,R06AE07,NA,NA,NA,NA,NA,NA,NA,NA,"Dosisjustering, GFR: < 10 ml/min., Højst 5-10 mg dgl., 1, 1) Reference, :, The Renal Drug Handbook, , 5th Ed.",True,False
page_07973.html,https://pro.medicin.dk/Medicin/Praeparater/7973#a102,S01ED51,NA,NA,NA,NA,NA,NA,NA,NA,NA,False,False
page_07974.html,https://pro.medicin.dk/Medicin/Praeparater/7974#a102,C02AC02,<30 ml/min.,[0],[29],NA,NA,NA,forsigtighed,ingen eller begrænset erfaring,Dosisnedsættelse kan være nødvendigt ved GFR 15-29 ml/min og en nyresygdom i slutstadiet (GFR< 15 ml/min) eller dialyse.Påvirkningen af nedsat nyrefunktion på guanfacins farmakokinetik hos børn og unge i alderen 6-17 år er ikke vurderet.,True,True
page_07975.html,https://pro.medicin.dk/Medicin/Praeparater/7975#a102,J01XX08,<30 ml/min.,[0],[29],NA,NA,NA,forsigtighed,ingen eller begrænset erfaring,Vævseksponeringen af de to primære metabolitter er op til 10 gange højere ved GFR < 30 ml/min. Den kliniske betydning heraf kendes ikke.,True,False
page_07976.html,https://pro.medicin.dk/Medicin/Praeparater/7976#a102,C09BA05,<30 ml/min.,[0],[29],NA,NA,NA,forsigtighed,monitorering,Kombinationspræparatet bør kun anvendes efter dosistitrering med ramipril og hydrochlorthiazid.Rutinemæssig monitorering af P-kalium og P-kreatinin.,True,False
page_07977.html,https://pro.medicin.dk/Medicin/Praeparater/7977#a102,N06BA07,NA,NA,NA,NA,NA,NA,NA,NA,NA,False,False
page_07978.html,https://pro.medicin.dk/Medicin/Praeparater/7978#a102,J01XX08,<30 ml/min.,[0],[29],NA,NA,NA,forsigtighed,ingen eller begrænset erfaring,Vævseksponeringen af de to primære metabolitter er op til 10 gange højere ved GFR < 30 ml/min. Den kliniske betydning heraf kendes ikke.,True,False
page_07982.html,https://pro.medicin.dk/Medicin/Praeparater/7982#a102,J02AC05,NA,NA,NA,NA,NA,NA,NA,NA,NA,False,False
page_07989.html,https://pro.medicin.dk/Medicin/Praeparater/7989#a102,N05AX12,NA,NA,NA,NA,NA,NA,NA,NA,NA,False,False
page_07993.html,https://pro.medicin.dk/Medicin/Praeparater/7993#a102,S01XA19,NA,NA,NA,NA,NA,NA,NA,NA,NA,False,False
page_07996.html,https://pro.medicin.dk/Medicin/Praeparater/7996#a102,C09DA01,<30 ml/min.,[0],[29],NA,NA,NA,forsigtighed,monitorering,Rutinemæssig monitorering af P-kalium og P-kreatinin.,True,False
page_07997.html,https://pro.medicin.dk/Medicin/Praeparater/7997#a102,N02AA05,<10 ml/min.; 10-50 ml/min.,"[0, 10]","[9, 50]",NA; NA,"['NA', 'NA']","['NA', 'NA']",forsigtighed; forsigtighed,dosisjustering; dosisjustering,"50% reduktion af normaldosis. Lav startdosis, fx 10 mg oralt. Individuel titrering til smertekontrol.; 25 % reduktion af normaldosis.",True,False
page_08004.html,https://pro.medicin.dk/Medicin/Praeparater/8004#a102,B02AB01,<60 ml/min.,[0],[59],NA,NA,NA,forsigtighed,øget bivirkningsrisiko,"Ved nedsat nyrefunktion skal fordele og risici nøje afvejes, da der ved koronar bypass-kirurgi og samtidig aprotininbehandling er set stigning i P-kreatinin > 40 mikromol/l over baseline.",True,False
page_08005.html,https://pro.medicin.dk/Medicin/Praeparater/8005#a102,B01AC25,NA,NA,NA,NA,NA,NA,NA,NA,NA,False,False
page_08006.html,https://pro.medicin.dk/Medicin/Praeparater/8006#a102,M05BA04,<35 ml/min.,[0],[34],NA,NA,NA,kontraindiceret,erfaring savnes,"Erfaring savnes ved GFR < 35 ml/min, og anvendelse kan ikke anbefales.",True,False
page_08007.html,https://pro.medicin.dk/Medicin/Praeparater/8007#a102,L02BB03,NA,NA,NA,NA,NA,NA,NA,NA,NA,False,False
page_08008.html,https://pro.medicin.dk/Medicin/Praeparater/8008#a102,N02BF01,<15 ml/min.; 15-30 ml/min.; 30-60 ml/min.; 60-80 ml/min.,"[0, 15, 30, 60]","[14, 30, 60, 80]",≥12 år; ≥12 år; ≥12 år; ≥12 år,"[12, 12, 12, 12]","[150, 150, 150, 150]",forsigtighed; forsigtighed; forsigtighed; forsigtighed,dosisjustering; dosisjustering; dosisjustering; dosisjustering,"Højst 150-300 mg 1 gang i døgnet. Døgndoser på 150 mg gives som 300 mg hver 2. dag.Daglig dosis bør nedsættes i forhold til GFR (ved GFR < 7,5 ml/min. halvt så stor daglig dosis som ved en GFR på 15 ml/min.).; Højst 150-600 mg i døgnet, så vidt muligt fordelt på flere daglige doser.Døgndoser på 150 mg gives som 300 mg hver 2. dag.; Højst 300-900 mg i døgnet, så vidt muligt fordelt på flere daglige doser.; Højst 600-1.800 mg i døgnet fordelt på 3 daglige doser.",True,False
page_08009.html,https://pro.medicin.dk/Medicin/Praeparater/8009#a102,G04BE30,NA,NA,NA,NA,NA,NA,NA,NA,NA,False,False
page_08011.html,https://pro.medicin.dk/Medicin/Praeparater/8011#a102,R07AX30,<30 ml/min.,[0],[29],NA,NA,NA,forsigtighed,ingen eller begrænset erfaring,Dosisjustering er ikke nødvendig ved let til moderat nedsat nyrefunktion. Forsigtighed tilrådes ved GFR < 30 ml/min.,True,False
page_08013.html,https://pro.medicin.dk/Medicin/Praeparater/8013#a102,N05CF02,NA,NA,NA,NA,NA,NA,NA,NA,NA,False,False
page_08017.html,https://pro.medicin.dk/Medicin/Praeparater/8017#a102,A04AA55,NA,NA,NA,NA,NA,NA,NA,NA,NA,False,False
page_08019.html,https://pro.medicin.dk/Medicin/Praeparater/8019#a102,A11CC03,<30 ml/min.,[0],[29],NA,NA,NA,forsigtighed,monitorering,Hyppig kontrol af P-calcium og P-fosfat.,True,False
page_08021.html,https://pro.medicin.dk/Medicin/Praeparater/8021#a102,L04AB01,NA,NA,NA,NA,NA,NA,NA,NA,NA,False,False
page_08023.html,https://pro.medicin.dk/Medicin/Praeparater/8023#a102,J01DD04,<10 ml/min.,[0],[9],NA,NA,NA,forsigtighed,dosisjustering,"Dosisjustering på baggrund af tæt monitorering, især ved samtidig stærkt nedsat leverfunktion.",True,False
page_08025.html,https://pro.medicin.dk/Medicin/Praeparater/8025#a102,N06AX21,<30 ml/min.,[0],[29],≥18 år,[18],[150],forsigtighed,dosisjustering,"Højst 60 mg 1 gang dgl.Lav initialdosis: depression, angst og neuropatiske smerter 30 mg, inkontinens 20 mg.Forsigtig optitrering efter respons.",True,False
page_08026.html,https://pro.medicin.dk/Medicin/Praeparater/8026#a102,L01CB01,<60 ml/min.; <50 ml/min.,"[0, 0]","[59, 49]",NA; NA,"['NA', 'NA']","['NA', 'NA']",forsigtighed; forsigtighed,hjælpestoffer; dosisjustering,Koncentrat til infusionsvæske indeholder benzylalkohol der skal bruges med forsigtighed ved nedsat nyre- og leverfunktion. Læs mereher.; GFR 15-50 ml/min:Initialdosis bør nedsættes til 75 % af normaldosis.GFR < 15 ml/min: Yderligere dosisreduktion vil sandsynligvis være nødvendig.Efterfølgende doser bør justeres i henhold til tolerans og klinisk effekt. Tæt monitorering af hæmatologiske parametre tilrådes.,True,False
page_08027.html,https://pro.medicin.dk/Medicin/Praeparater/8027#a102,J01XX08,<30 ml/min.,[0],[29],NA,NA,NA,forsigtighed,ingen eller begrænset erfaring,Vævseksponeringen af de to primære metabolitter er op til 10 gange højere ved GFR < 30 ml/min. Den kliniske betydning heraf kendes ikke.,True,False
page_08028.html,https://pro.medicin.dk/Medicin/Praeparater/8028#a102,N03AX23,NA,NA,NA,NA,NA,NA,NA,NA,NA,False,False
page_08035.html,https://pro.medicin.dk/Medicin/Praeparater/8035#a102,L01EB04,<15 ml/min.,[0],[14],NA,NA,NA,forsigtighed,erfaring savnes,"Dosisjustering er ikke nødvendig ved GFR > 15 ml/min. Erfaring savnes ved GFR < 15 ml/min, og forsigtighed tilrådes.",True,False
page_08036.html,https://pro.medicin.dk/Medicin/Praeparater/8036#a102,N06AB04,<30 ml/min.,[0],[29],NA,NA,NA,forsigtighed,erfaring savnes,Forsigtighed ved GFR < 30 ml/min pga. manglende erfaring.,True,False
page_08037.html,https://pro.medicin.dk/Medicin/Praeparater/8037#a102,L01DB01,<10 ml/min.,[0],[9],NA,NA,NA,forsigtighed,dosisjustering,Dosis bør nedsættes til 75 % af normaldosis.,True,False
page_08040.html,https://pro.medicin.dk/Medicin/Praeparater/8040#a102,S01AA01,NA,NA,NA,NA,NA,NA,NA,NA,NA,False,False
page_08043.html,https://pro.medicin.dk/Medicin/Praeparater/8043#a102,N02BF02,<15 ml/min.; 15-30 ml/min.; 30-60 ml/min.,"[0, 15, 30]","[14, 30, 60]",≥17 år; ≥17 år; ≥17 år,"[17, 17, 17]","[150, 150, 150]",forsigtighed; forsigtighed; forsigtighed,dosisjustering; dosisjustering; dosisjustering,"Initialdosis 25 mg dgl. Højst 75 mg 1 gang dgl.Supplerende dosis efter hæmodialyse: Initialt 25 mg, højst 100 mg.; Initialdosis 25-50 mg dgl. Højst 150 mg dgl. fordelt på 1-2 doser.; Initialdosis 75 mg dgl. Højst 300 mg dgl. fordelt på 2-3 doser.",True,False
page_08048.html,https://pro.medicin.dk/Medicin/Praeparater/8048#a102,B02BD01,NA,NA,NA,NA,NA,NA,NA,NA,NA,False,False
page_08052.html,https://pro.medicin.dk/Medicin/Praeparater/8052#a102,B05BA01,<30 ml/min.,[0],[29],NA,NA,NA,forsigtighed,monitorering,"Dosistilpasning under hensyn til patientbehov og sværhedsgrad af nyreinsufficiens.Tæt monitorering af væske-, elektrolyt- og syre-base-status.Kontraindiceret ved alvorlig nyreinsufficiens uden samtidig renal substitutionsbehandling (fx hæmodialyse, hæmofiltrering).",True,False
page_08056.html,https://pro.medicin.dk/Medicin/Praeparater/8056#a102,J01XX08,<30 ml/min.,[0],[29],NA,NA,NA,forsigtighed,ingen eller begrænset erfaring,Vævseksponeringen af de to primære metabolitter er op til 10 gange højere ved GFR < 30 ml/min. Den kliniske betydning heraf kendes ikke.,True,False
page_08057.html,https://pro.medicin.dk/Medicin/Praeparater/8057#a102,L01BA01,<20 ml/min.; 20-50 ml/min.,"[0, 20]","[19, 50]",NA; NA,"['NA', 'NA']","['NA', 'NA']",kontraindiceret; forsigtighed,øget bivirkningsrisiko; dosisjustering,"Elimination af methotrexat er nedsat, da det hovedsageligt udskilles gennem nyrerne.; Dosis skal nedsættes til 50 % af normaldosis.",True,False
page_08058.html,https://pro.medicin.dk/Medicin/Praeparater/8058#a102,A04AA01,<60 ml/min.,[0],[59],NA,NA,NA,forsigtighed,hjælpestoffer,"Evt. indhold af benzylalkoholZofran® oral opløsning samt frysetørrede tabletter og Ondansetron ""Aristo"" smeltetabletterindeholder benzylalkohol der skal bruges med forsigtighed ved nedsat nyre- og leverfunktion. Læs mereher.",True,False
page_08060.html,https://pro.medicin.dk/Medicin/Praeparater/8060#a102,B02BD02,NA,NA,NA,NA,NA,NA,NA,NA,NA,False,False
page_08061.html,https://pro.medicin.dk/Medicin/Praeparater/8061#a102,N02AE01,NA,NA,NA,NA,NA,NA,NA,NA,NA,False,False
page_08064.html,https://pro.medicin.dk/Medicin/Praeparater/8064#a102,N05BA04,<60 ml/min.,[0],[59],NA,NA,NA,forsigtighed,monitorering,Nyrefunktionen bør monitoreres regelmæssigt.,True,False
page_08066.html,https://pro.medicin.dk/Medicin/Praeparater/8066#a102,N03AX15,NA,NA,NA,NA,NA,NA,NA,NA,"Forsigtighed ved nedsat nyrefunktion, en langsommere titrering af zonisamid kan være påkrævet., Da zonisamid og dets metabolitter udskilles renalt, bør det seponeres ved akut nyreinsufficiens eller hvor der observeres et klinisk betydningsfuld fald i eGFR.",True,False
page_08067.html,https://pro.medicin.dk/Medicin/Praeparater/8067#a102,N05AX08,<10 ml/min.,[0],[9],≥17 år,[17],[150],forsigtighed,dosisjustering,"Højst 25 mg hver 2. uge. Kan gives, hvis oral behandling med 2 mg dgl. tolereres godt.",True,False
page_08069.html,https://pro.medicin.dk/Medicin/Praeparater/8069#a102,G03AC09,NA,NA,NA,NA,NA,NA,NA,NA,NA,False,False
page_08070.html,https://pro.medicin.dk/Medicin/Praeparater/8070#a102,J01FA01,<10 ml/min.; <10 ml/min.,"[0, 0]","[9, 9]",2-17 år; ≥17 år,"[2, 17]","[17, 150]",forsigtighed; forsigtighed,dosisjustering; dosisjustering,"Højst 50 mg/kg legemsvægt i døgnet fordelt på 3 doser. Erythromycin fjernes ikke ved hæmodialyse eller peritonealdialyse.; Dosis nedsættes til 75% af normaldosis. Højst 3 g i døgnet.Obs. risiko for ototoksicitet ved svær nyreinsufficiens, da erythromycin ikke fjernes ved hæmodialyse eller peritonealdialyse.",True,False
page_08074.html,https://pro.medicin.dk/Medicin/Praeparater/8074#a102,A16AX06,30-50 ml/min.; 30-50 ml/min.; 30-50 ml/min.; 30-50 ml/min.,"[30, 30, 30, 30]","[50, 50, 50, 50]",4-12 år,[4],[12],forsigtighed,dosisjustering,"> 0,88-1,25: 100 mg x 1 dgl.; > 0,73-0,88: 100 mg hver 2. dag; > 0,47-0,73: 100 mg hver 3. dag; < 0,47: 100 mg hver 4. dag: 100 mg hver 4. dag",True,True
page_08077.html,https://pro.medicin.dk/Medicin/Praeparater/8077#a102,N04BD03,NA,NA,NA,NA,NA,NA,NA,NA,NA,False,False
page_08080.html,https://pro.medicin.dk/Medicin/Praeparater/8080#a102,N05AX12,NA,NA,NA,NA,NA,NA,NA,NA,NA,False,False
page_08083.html,https://pro.medicin.dk/Medicin/Praeparater/8083#a102,J01MA14,NA,NA,NA,NA,NA,NA,NA,NA,NA,False,False
page_08087.html,https://pro.medicin.dk/Medicin/Praeparater/8087#a102,J05AR17,<30 ml/min.,[0],[29],NA,NA,NA,forsigtighed,betinget,"GFR < 15 ml/min. og kronisk hæmodialyse:Kan anvendes hvis de potentielle fordele opvejer de potentielle risici. Administreres efter fuldført hæmodialysebehandling. Dosisjustering er ikke nødvendig.GFR < 30 ml/min.:Anbefales ikke, da sikkerheden er ikke er klarlagt.Tenofoviralafenamid:Tilfælde af nedsat nyrefunktion, herunder akut nyresvigt og proksimal renal tubulopati er rapporteret med produkter indeholdende tenofoviralafenamid efter markedsføring.",True,False
page_08088.html,https://pro.medicin.dk/Medicin/Praeparater/8088#a102,C01CA06,NA,NA,NA,NA,NA,NA,NA,NA,NA,False,False
page_08089.html,https://pro.medicin.dk/Medicin/Praeparater/8089#a102,N06BA04,<60 ml/min.,[0],[59],NA,NA,NA,forsigtighed,erfaring savnes,Der er ingen erfaring med brug af methylphenidat til patienter med nedsat nyrefunktion.,True,False
page_08090.html,https://pro.medicin.dk/Medicin/Praeparater/8090#a102,V03AE02,NA,NA,NA,NA,NA,NA,NA,NA,NA,False,False
page_08096.html,https://pro.medicin.dk/Medicin/Praeparater/8096#a102,B01AF03,<15 ml/min.; 15-50 ml/min.,"[0, 15]","[14, 50]",NA; ≥18 år,"['NA', 18]","['NA', 150]",kontraindiceret; forsigtighed,øget bivirkningsrisiko; dosisjustering,Bør ikke anvendes pga. øget eksponering.; Højst 30 mg 1 gang dgl.,True,False
page_08097.html,https://pro.medicin.dk/Medicin/Praeparater/8097#a102,N05AH04,NA,NA,NA,NA,NA,NA,NA,NA,NA,False,False
page_08098.html,https://pro.medicin.dk/Medicin/Praeparater/8098#a102,D05AX52,NA,NA,NA,NA,NA,NA,NA,NA,NA,False,False
page_08100.html,https://pro.medicin.dk/Medicin/Praeparater/8100#a102,L01FX08,NA,NA,NA,NA,NA,NA,NA,NA,NA,False,False
page_08103.html,https://pro.medicin.dk/Medicin/Praeparater/8103#a102,B02BD03,NA,NA,NA,NA,NA,NA,NA,NA,NA,False,False
page_08113.html,https://pro.medicin.dk/Medicin/Praeparater/8113#a102,C07AB02,NA,NA,NA,NA,NA,NA,NA,NA,NA,False,False
page_08114.html,https://pro.medicin.dk/Medicin/Praeparater/8114#a102,D05AX52,NA,NA,NA,NA,NA,NA,NA,NA,NA,False,False
page_08117.html,https://pro.medicin.dk/Medicin/Praeparater/8117#a102,L01BC59,<15 ml/min.; 15-30 ml/min.,"[0, 15]","[14, 30]",NA; NA,"['NA', 'NA']","['NA', 'NA']",forsigtighed; forsigtighed,erfaring savnes; dosisjustering,"Erfaring savnes.; Initialdosis 20 mg/m2legemsoverflade 2 gange dgl. Dosisreduktion til minimum 15 mg/m2legemsoverflade 2 gange dgl kan foretages, men herefter bør dosis ikke optrappes.",True,False
page_08119.html,https://pro.medicin.dk/Medicin/Praeparater/8119#a102,J01CA04,<10 ml/min.,[0],[9],NA,NA,NA,forsigtighed,dosisjustering,Dosis 250 mg -1.000 mg 3 gange dgl. Højst 6 g dgl. ved endocarditis.Ved behandling i kortere tid er dosisreduktion ikke nødvendigt.,True,False
page_08124.html,https://pro.medicin.dk/Medicin/Praeparater/8124#a102,C03CA01,NA,NA,NA,NA,NA,NA,NA,NA,NA,False,False
page_08126.html,https://pro.medicin.dk/Medicin/Praeparater/8126#a102,B02BD04,NA,NA,NA,NA,NA,NA,NA,NA,NA,False,False
page_08127.html,https://pro.medicin.dk/Medicin/Praeparater/8127#a102,G03GA05,<60 ml/min.,[0],[59],NA,NA,NA,forsigtighed,hjælpestoffer,Ovaleap indeholder benzylalkohol der skal bruges med forsigtighed ved nedsat nyre- og leverfunktion. Læs mereher.,True,False
page_08131.html,https://pro.medicin.dk/Medicin/Praeparater/8131#a102,B01AC27,<30 ml/min.,[0],[29],NA,NA,NA,forsigtighed,dosisjustering,Forsigtighed ved optitrering af dosis.Dialyse: Ingen erfaring.,True,False
page_08132.html,https://pro.medicin.dk/Medicin/Praeparater/8132#a102,D07CC01,NA,NA,NA,NA,NA,NA,NA,NA,NA,False,False
page_08133.html,https://pro.medicin.dk/Medicin/Praeparater/8133#a102,G03AA10,NA,NA,NA,NA,NA,NA,NA,NA,NA,False,False
page_08140.html,https://pro.medicin.dk/Medicin/Praeparater/8140#a102,J05AR19,<30 ml/min.,[0],[29],NA,NA,NA,forsigtighed,betinget,"GFR < 15 ml/min. og kronisk hæmodialyse:Kan anvendes hvis de potentielle fordele opvejer de potentielle risici. Administreres efter fuldført hæmodialysebehandling. Dosisjustering er ikke nødvendig.GFR < 30 ml/min.:Anbefales ikke, da sikkerheden er ikke er klarlagt.",True,False
page_08141.html,https://pro.medicin.dk/Medicin/Praeparater/8141#a102,L04AC13,NA,NA,NA,NA,NA,NA,NA,NA,NA,False,False
page_08145.html,https://pro.medicin.dk/Medicin/Praeparater/8145#a102,M04AA01,<10 ml/min.; 10-20 ml/min.,"[0, 10]","[9, 20]",≥2 år; ≥2 år,"[2, 2]","[150, 150]",forsigtighed; forsigtighed,dosisjustering; dosisjustering,"Voksne: Højst 50 mg dgl. eller 100 mg hver 2. dag.Børn 2-15 år: Højst 5 mg/kg legemsvægt (højst 50 mg dgl.)Allopurinol er ikke i sig selv nefrotoksisk, men der er øget risiko for bivirkninger.; Voksne: Højst 200 mg dgl. Initialt 50 mg dgl., gradvis øgning med 50 mg hver 2.-6. uge indtil nået behandlingsmål, eller der evt. kommer bivirkninger.Børn 2-15 år: Højst 10 mg/kg legemsvægt (højst 200 mg dgl.)Allopurinol er ikke i sig selv nefrotoksisk, men der er øget risiko for bivirkninger.",True,False
page_08146.html,https://pro.medicin.dk/Medicin/Praeparater/8146#a102,D05AX02,NA,NA,NA,NA,NA,NA,NA,NA,NA,False,False
page_08147.html,https://pro.medicin.dk/Medicin/Praeparater/8147#a102,L01FC01,NA,NA,NA,NA,NA,NA,NA,NA,NA,False,False
page_08148.html,https://pro.medicin.dk/Medicin/Praeparater/8148#a102,J05AP55,NA,NA,NA,NA,NA,NA,NA,NA,NA,False,False
page_08149.html,https://pro.medicin.dk/Medicin/Praeparater/8149#a102,N03AX14,<30 ml/min.; <30 ml/min.; <30 ml/min.; 30-50 ml/min.; 30-50 ml/min.; 30-50 ml/min.; 50-80 ml/min.; 50-80 ml/min.; 50-80 ml/min.,"[0, 0, 0, 30, 30, 30, 50, 50, 50]","[29, 29, 29, 50, 50, 50, 80, 80, 80]",2-17 år; 12-17 år; ≥17 år; 2-17 år; 12-17 år; ≥17 år; 2-17 år; 12-17 år; ≥17 år,"[2, 12, 17, 2, 12, 17, 2, 12, 17]","[17, 17, 150, 17, 17, 150, 17, 17, 150]",forsigtighed; forsigtighed; forsigtighed; forsigtighed; forsigtighed; forsigtighed; forsigtighed; forsigtighed; forsigtighed,dosisjustering; dosisjustering; dosisjustering; dosisjustering; dosisjustering; dosisjustering; dosisjustering; dosisjustering; dosisjustering,Højst 20 mg pr. kg legemsvægt dgl.; Højst 1.000 mg dgl.Samme dosis til patienter i dialyse. Efter dialyse anbefales 250 mg til 500 mg som supplerende dosis.; Højst 1.000 mg dgl.Samme dosis til patienter i dialyse. Efter dialyse anbefales 250 mg til 500 mg som supplerende dosis.; Højst 30 mg pr. kg legemsvægt dgl.; Højst 1.500 mg dgl.; Højst 1.500 mg dgl.; Højst 40 mg pr. kg legemsvægt dgl.; Højst 2.000 mg dgl.; Højst 2.000 mg dgl.,True,False
page_08151.html,https://pro.medicin.dk/Medicin/Praeparater/8151#a102,J02AC03,NA,NA,NA,NA,NA,NA,NA,NA,NA,False,False
page_08152.html,https://pro.medicin.dk/Medicin/Praeparater/8152#a102,N03AX15,NA,NA,NA,NA,NA,NA,NA,NA,"Forsigtighed ved nedsat nyrefunktion, en langsommere titrering af zonisamid kan være påkrævet., Da zonisamid og dets metabolitter udskilles renalt, bør det seponeres ved akut nyreinsufficiens eller hvor der observeres et klinisk betydningsfuld fald i eGFR.",True,False
page_08153.html,https://pro.medicin.dk/Medicin/Praeparater/8153#a102,A07EA06,NA,NA,NA,NA,NA,NA,NA,NA,NA,False,False
page_08157.html,https://pro.medicin.dk/Medicin/Praeparater/8157#a102,A16AX14,<30 ml/min.,[0],[29],NA,NA,NA,forsigtighed,ingen eller begrænset erfaring,Bør ikke anvendes pga. øget eksponering af migalastat.,True,False
page_08159.html,https://pro.medicin.dk/Medicin/Praeparater/8159#a102,J05AB01,<10 ml/min.; <10 ml/min.; <10 ml/min.,"[0, 0, 0]","[9, 9, 9]",2-6 år,[2],[6],forsigtighed,dosisjustering,Behandling af herpes: 200 mg hver 12. time; Forebyggelse af herpes: 200 mg hver 12. time; Herpes zoster og variceller: 200 mg 1 gang dgl.: 200 mg 1 gang dgl.,True,True
page_08160.html,https://pro.medicin.dk/Medicin/Praeparater/8160#a102,A03BA01,NA,NA,NA,NA,NA,NA,NA,NA,NA,False,False
page_08165.html,https://pro.medicin.dk/Medicin/Praeparater/8165#a102,S01AA13,NA,NA,NA,NA,NA,NA,NA,NA,NA,False,False
page_08167.html,https://pro.medicin.dk/Medicin/Praeparater/8167#a102,N05AX13,<50 ml/min.; 50-80 ml/min.,"[0, 50]","[49, 80]",NA; Der startes med behandling hver måned (Xeplion):Initialt 100 mg på dag 1 og 75 mg på dag 8 og sædvanlig vedligeholdelsesdosis på 50 mg månedligt (dosis kan justeres i intervallet 25-100 mg månedligt). Der kan herefter skiftes til behandling hver 3. måned efter flg. retningslinjer:Behandling 1 gang om måneden (Xeplion)Behandling hver 3. måned (Trevicta)50 mg månedligt175 mg hver 3. måned75 mg månedligt263 mg hver 3. måned100 mg månedligt350 mg hver 3. måned,['NA'],['NA'],forsigtighed; forsigtighed,erfaring savnes; dosisjustering,Bør ikke anvendes pga. manglende erfaring.; 50 mg månedligt: 175 mg hver 3. måned; 75 mg månedligt: 263 mg hver 3. måned; 100 mg månedligt: 350 mg hver 3. måned: 350 mg hver 3. måned,True,True
page_08168.html,https://pro.medicin.dk/Medicin/Praeparater/8168#a102,L01XX24,NA,NA,NA,NA,NA,NA,NA,NA,NA,False,False
page_08169.html,https://pro.medicin.dk/Medicin/Praeparater/8169#a102,H01BA02,<50 ml/min.,[0],[49],NA,NA,NA,kontraindiceret,NA,AUC og halveringstiden øges med øget sværhedsgrad af nedsat nyrefunktion.,True,False
page_08175.html,https://pro.medicin.dk/Medicin/Praeparater/8175#a102,J02AC03,NA,NA,NA,NA,NA,NA,NA,NA,NA,False,False
page_08176.html,https://pro.medicin.dk/Medicin/Praeparater/8176#a102,R03DX08,NA,NA,NA,NA,NA,NA,NA,NA,NA,False,False
page_08177.html,https://pro.medicin.dk/Medicin/Praeparater/8177#a102,B05ZB,NA,NA,NA,NA,NA,NA,NA,NA,NA,False,False
page_08178.html,https://pro.medicin.dk/Medicin/Praeparater/8178#a102,N04BA02,NA,NA,NA,NA,NA,NA,NA,NA,NA,False,False
page_08181.html,https://pro.medicin.dk/Medicin/Praeparater/8181#a102,L01EX08,<30 ml/min.,[0],[29],NA,NA,NA,forsigtighed,dosisjustering,Voksne. Anbefalet startdosis 10 mg 1 gang dgl.,True,False
page_08183.html,https://pro.medicin.dk/Medicin/Praeparater/8183#a102,H02AB02,<60 ml/min.,[0],[59],NA,NA,NA,forsigtighed,øget bivirkningsrisiko,"Glukokortikoider kan medføre hypernatriæmi, hypokaliæmi, væskeretention og forhøjelse af blodtrykket.",True,False
page_08189.html,https://pro.medicin.dk/Medicin/Praeparater/8189#a102,N04BD02,NA,NA,NA,NA,NA,NA,NA,NA,NA,False,False
page_08190.html,https://pro.medicin.dk/Medicin/Praeparater/8190#a102,B05ZB,NA,NA,NA,NA,NA,NA,NA,NA,NA,False,False
page_08193.html,https://pro.medicin.dk/Medicin/Praeparater/8193#a102,R03BB04,<50 ml/min.,[0],[49],NA,NA,NA,forsigtighed,betinget,Dosisjustering er ikke nødvendig ved GFR > 50 ml/min. Forsigtighed tilrådes ved GFR < 50 ml/min. Erfaring savnes vedr. langtidsbehandling ved svær nyreinsufficiens.,True,False
page_08194.html,https://pro.medicin.dk/Medicin/Praeparater/8194#a102,N02AE01,NA,NA,NA,NA,NA,NA,NA,NA,NA,False,False
page_08195.html,https://pro.medicin.dk/Medicin/Praeparater/8195#a102,L01EX07,NA,NA,NA,NA,NA,NA,NA,NA,NA,False,False
page_08198.html,https://pro.medicin.dk/Medicin/Praeparater/8198#a102,N06AX16,30-60 ml/min.; <30 ml/min.,"[30, 0]","[60, 29]",NA; ≥18 år,"['NA', 18]","['NA', 150]",forsigtighed; forsigtighed,monitorering; dosisjustering,"Dosisjustering er ikke nødvendig, men forsigtighed tilrådes. Anvend lavest mulige dosis og overvåg patienten omhyggeligt, hvis en dosisøgning er nødvendig.; Angst, panikangst og socialfobi: Højst 113 mg dgl.; Depression, forebyggelse af depression: Højst 188 mg dgl.: Højst 188 mg dgl.",True,True
page_08205.html,https://pro.medicin.dk/Medicin/Praeparater/8205#a102,C10AA05,<30 ml/min.,[0],[29],NA,NA,NA,forsigtighed,monitorering,"P-kreatinkinase bør måles før behandlingsstart pga. prædisposition for rhabdomyolyse. Ved P-kreatinkinase > 4 gange øverste normalgrænse bør behandlingen ikke startes.Under behandling:P-kreatininkinase > 10 gange øverste normalgrænse: pauser behandlingen, kontroller nyrefunktionen og monitorer P-kreatininkinase efter to uger.P-kreatininkinase < 10 gange øverste normalgrænse:ingen symptomer, fortsat behandlingen, kontroller P- kreatininkinase indenfor 2-4 uger.P-kreatininkinase < 10 gange øverste normalgrænse:hvis symptomer, pauser statin og afvent normalisering af P-kreatininkinase før genoptagelse med en lavere statindosis.Læs mere:Statiner.",True,False
page_08206.html,https://pro.medicin.dk/Medicin/Praeparater/8206#a102,A04AA05,NA,NA,NA,NA,NA,NA,NA,NA,NA,False,False
page_08208.html,https://pro.medicin.dk/Medicin/Praeparater/8208#a102,B01AE06,<30 ml/min.; 30-60 ml/min.,"[0, 30]","[29, 60]",NA; NA,"['NA', 'NA']","['NA', 'NA']",kontraindiceret; forsigtighed,øget bivirkningsrisiko; dosisjustering,"Risiko for blødning.; PCI: Infusionshastigheden efter bolus nedsættes til 1,4 mg/kg/time.",True,False
page_08209.html,https://pro.medicin.dk/Medicin/Praeparater/8209#a102,N04BC07,<60 ml/min.,[0],[59],NA,NA,NA,forsigtighed,øget bivirkningsrisiko,"Alm. doseringsplan følges, men forsigtighed tilrådes.",True,False
page_08211.html,https://pro.medicin.dk/Medicin/Praeparater/8211#a102,H02AB06,<60 ml/min.,[0],[59],NA,NA,NA,forsigtighed,øget bivirkningsrisiko,"Glukokortikoider kan medføre hypernatriæmi, hypokaliæmi, væskeretention og forhøjelse af blodtrykket.",True,False
page_08213.html,https://pro.medicin.dk/Medicin/Praeparater/8213#a102,G04CA01,<30 ml/min.,[0],[29],≥16 år,[16],[150],forsigtighed,dosisjustering,"Initialt 2,5 mg 2 gange dgl. som tilpasses efter klinisk respons. Højst 10 mg dgl.",True,False
page_08219.html,https://pro.medicin.dk/Medicin/Praeparater/8219#a102,J05AP54,NA,NA,NA,NA,NA,NA,NA,NA,NA,False,False
page_08220.html,https://pro.medicin.dk/Medicin/Praeparater/8220#a102,A05AA03,NA,NA,NA,NA,NA,NA,NA,NA,NA,False,False
page_08222.html,https://pro.medicin.dk/Medicin/Praeparater/8222#a102,L01EF01,<15 ml/min.,[0],[14],NA,NA,NA,forsigtighed,erfaring savnes,"Dosisjustering er ikke nødvendig ved GFR > 15 ml/min. Erfaring savnes ved GFR < 15 ml/min, og forsigtighed tilrådes.",True,False
page_08224.html,https://pro.medicin.dk/Medicin/Praeparater/8224#a102,N06AX21,<30 ml/min.,[0],[29],≥18 år,[18],[150],forsigtighed,dosisjustering,"Højst 60 mg 1 gang dgl.Lav initialdosis: depression, angst og neuropatiske smerter 30 mg, inkontinens 20 mg.Forsigtig optitrering efter respons.",True,False
page_08226.html,https://pro.medicin.dk/Medicin/Praeparater/8226#a102,C03DA01,<50 ml/min.,[0],[49],≥17 år,[17],[150],forsigtighed,dosisjustering,"Primær hyperaldosteronisme, ødemer: Initialdosis 12,5 mg dgl. stigende til højst 300 mg dgl.; Hjerteinsufficiens: Initialdosis 12,5 mg dgl. stigende til højst 25 mg dgl.: Initialdosis 12,5 mg dgl. stigende til højst 25 mg dgl.",True,True
page_08231.html,https://pro.medicin.dk/Medicin/Praeparater/8231#a102,H05BX04,NA,NA,NA,NA,NA,NA,NA,NA,NA,False,False
page_08232.html,https://pro.medicin.dk/Medicin/Praeparater/8232#a102,L01XX52,<80 ml/min.,[0],[79],NA,NA,NA,forsigtighed,monitorering,Øget risiko for tumorlysesyndrom. Øget monitorering og forebyggelse heraf kan være nødvendigt.Begrænset erfaring vedr. GFR < 30 ml/min.,True,False
page_08234.html,https://pro.medicin.dk/Medicin/Praeparater/8234#a102,B02BB01,NA,NA,NA,NA,NA,NA,NA,NA,NA,False,False
page_08238.html,https://pro.medicin.dk/Medicin/Praeparater/8238#a102,B02BD04,NA,NA,NA,NA,NA,NA,NA,NA,NA,False,False
page_08240.html,https://pro.medicin.dk/Medicin/Praeparater/8240#a102,G03AD01,NA,NA,NA,NA,NA,NA,NA,NA,NA,False,False
page_08241.html,https://pro.medicin.dk/Medicin/Praeparater/8241#a102,N06BA04,<60 ml/min.,[0],[59],NA,NA,NA,forsigtighed,erfaring savnes,Der er ingen erfaring med brug af methylphenidat til patienter med nedsat nyrefunktion.,True,False
page_08242.html,https://pro.medicin.dk/Medicin/Praeparater/8242#a102,G03FA01,NA,NA,NA,NA,NA,NA,NA,NA,NA,False,False
page_08244.html,https://pro.medicin.dk/Medicin/Praeparater/8244#a102,A10AE56,NA,NA,NA,NA,NA,NA,NA,NA,NA,False,False
page_08246.html,https://pro.medicin.dk/Medicin/Praeparater/8246#a102,C03DA04,<30 ml/min.; 30-50 ml/min.,"[0, 30]","[29, 50]",NA; ≥17 år,"['NA', 17]","['NA', 150]",kontraindiceret; forsigtighed,øget bivirkningsrisiko; dosisjustering,"Risiko for hyperkaliæmi øges med faldende nyrefunktion.; Initialdosis 25 mg hver 2. dag. Højst 50 mg dgl.Herefter dosisjusteres efter P-kalium, som måles regelmæssigt.",True,False
page_08247.html,https://pro.medicin.dk/Medicin/Praeparater/8247#a102,L01EA01,<60 ml/min.,[0],[59],NA,NA,NA,forsigtighed,dosisjustering,Voksne. Initialt højst 400 mg dgl. Efterfølgende kan dosis justeres ud fra tolerans og virkning.,True,False
page_08248.html,https://pro.medicin.dk/Medicin/Praeparater/8248#a102,L01XG03,<30 ml/min.,[0],[29],NA,NA,NA,forsigtighed,dosisjustering,"Voksne. 3 mg 1 gang dgl. på dag 1, 8 og 15 af hver 28-dages cyklus.",True,False
page_08249.html,https://pro.medicin.dk/Medicin/Praeparater/8249#a102,C09CA06,<30 ml/min.,[0],[29],NA,NA,NA,forsigtighed,monitorering,Rutinemæssig monitorering af P-kalium og P-kreatinin.GFR < 15 ml/min:Begrænset erfaring ved hypertension.,True,False
page_08250.html,https://pro.medicin.dk/Medicin/Praeparater/8250#a102,A05AA04,NA,NA,NA,NA,NA,NA,NA,NA,NA,False,False
page_08257.html,https://pro.medicin.dk/Medicin/Praeparater/8257#a102,"B05BB01, B05XA19",<60 ml/min.,[0],[59],NA,NA,NA,forsigtighed,monitorering,"Ved nyreinsufficiens, nyresten og hypercalciuri bør behandlingen kun ske under samtidig kontrol af P-calcium og U-calcium.Forsigtighed ved anamnese med nyresten.",True,False
page_08259.html,https://pro.medicin.dk/Medicin/Praeparater/8259#a102,J01MA02,<30 ml/min.; <30 ml/min.; 30-60 ml/min.,"[0, 0, 30]","[29, 29, 60]",2-17 år; ≥17 år; ≥17 år,"[2, 17, 17]","[17, 150, 150]",forsigtighed; forsigtighed; forsigtighed,dosisjustering; dosisjustering; dosisjustering,Højst 20 mg pr. kg legemsvægt 1 gang i døgnet.; Højst 500 mg 1 gang i døgnet.; Højst 500 mg 2 gange i døgnet.,True,False
page_08261.html,https://pro.medicin.dk/Medicin/Praeparater/8261#a102,A03FA01,NA,NA,NA,NA,NA,NA,NA,NA,"Ved nedsat nyrefunktion (GFR 15-60 ml/min) bør dosis halveres til 5 mg x 3 dgl., Ved svært nedsat nyrefunktion (GFR < 15 ml/min) bør dosis reduceres med 75 % til 5 mg x 1-2 dgl., Dosis kan øges til max 10 mg x 3 dgl. under hensyntagen til eventuelle bivirkninger.",True,False
page_08263.html,https://pro.medicin.dk/Medicin/Praeparater/8263#a102,A04AA05,NA,NA,NA,NA,NA,NA,NA,NA,NA,False,False
page_08269.html,https://pro.medicin.dk/Medicin/Praeparater/8269#a102,N04BX02,NA,NA,NA,NA,NA,NA,NA,NA,NA,False,False
page_08270.html,https://pro.medicin.dk/Medicin/Praeparater/8270#a102,G02BA03,NA,NA,NA,NA,NA,NA,NA,NA,NA,False,False
page_08272.html,https://pro.medicin.dk/Medicin/Praeparater/8272#a102,N06BA04,<60 ml/min.,[0],[59],NA,NA,NA,forsigtighed,erfaring savnes,Der er ingen erfaring med brug af methylphenidat til patienter med nedsat nyrefunktion.,True,False
page_08274.html,https://pro.medicin.dk/Medicin/Praeparater/8274#a102,L01XX01,<60 ml/min.,[0],[59],NA,NA,NA,forsigtighed,dosisjustering,Startdosis bør nedsættes til ca. 75 % af normaldosis. Efterfølgende dosisjustering baseret på klinisk toksicitet kan være nødvendigt.,True,False
page_08276.html,https://pro.medicin.dk/Medicin/Praeparater/8276#a102,A10BD21,<45 ml/min.; 45-60 ml/min.,"[0, 45]","[44, 60]",NA; NA,"['NA', 'NA']","['NA', 'NA']",kontraindiceret; forsigtighed,NA; betinget,Behandling bør ikke initieres pga. tablettens sammensætning. Igangværende behandling seponeres.; Behandling bør ikke initieres. Igangværende behandling med uændret dosering kan fortsættes.,True,False
page_08278.html,https://pro.medicin.dk/Medicin/Praeparater/8278#a102,N02CC01,NA,NA,NA,NA,NA,NA,NA,NA,NA,False,False
page_08280.html,https://pro.medicin.dk/Medicin/Praeparater/8280#a102,L03AA02,NA,NA,NA,NA,NA,NA,NA,NA,NA,False,False
page_08282.html,https://pro.medicin.dk/Medicin/Praeparater/8282#a102,G02CX01,NA,NA,NA,NA,NA,NA,NA,NA,NA,False,False
page_08283.html,https://pro.medicin.dk/Medicin/Praeparater/8283#a102,V03AF03,NA,NA,NA,NA,NA,NA,NA,NA,NA,False,False
page_08284.html,https://pro.medicin.dk/Medicin/Praeparater/8284#a102,B01AC30,<60 ml/min.,[0],[59],NA,NA,NA,forsigtighed,øget bivirkningsrisiko,Forsigtighed pga. øget risiko for bivirkninger af acetylsalicylsyre.,True,False
page_08285.html,https://pro.medicin.dk/Medicin/Praeparater/8285#a102,L01CD02,NA,NA,NA,NA,NA,NA,NA,NA,NA,False,False
page_08286.html,https://pro.medicin.dk/Medicin/Praeparater/8286#a102,S01EC03,NA,NA,NA,NA,NA,NA,NA,NA,NA,False,False
page_08287.html,https://pro.medicin.dk/Medicin/Praeparater/8287#a102,L02AE02,NA,NA,NA,NA,NA,NA,NA,NA,NA,False,False
page_08289.html,https://pro.medicin.dk/Medicin/Praeparater/8289#a102,N06AB05,<30 ml/min.,[0],[29],≥18 år,[18],[150],forsigtighed,dosisjustering,Højst 40 mg dgl.Øgede plasmakoncentrationer af paroxetin ses ved svært nedsat nyrefunktion. Der anbefales dosering i den lave del af dosisområdet.,True,False
page_08290.html,https://pro.medicin.dk/Medicin/Praeparater/8290#a102,G03GA10,NA,NA,NA,NA,NA,NA,NA,NA,NA,False,False
page_08291.html,https://pro.medicin.dk/Medicin/Praeparater/8291#a102,N05AX08,<60 ml/min.; <60 ml/min.; <60 ml/min.; <60 ml/min.,"[0, 0, 0, 0]","[59, 59, 59, 59]",5-17 år; ≥50 KG; 17-65 år,"[5, 50, 17]","[17, 150, 65]",forsigtighed; forsigtighed; forsigtighed,dosisjustering; dosisjustering; dosisjustering,"Vedvarende aggression ifm. adfærdsforstyrrelse: Højst 0,38 mg 1 gang dgl.; Vedvarende aggression ifm. adfærdsforstyrrelse: Højst 0,75 mg 1 gang dgl.; Bipolar lidelse, maniske faser: 3 mg i døgnet; Psykoser: 8 mg i døgnet; Vedvarende aggression ved moderat til svær Alzheimers sygdom: 0,5 mg 2 gange dgl.: 0,5 mg 2 gange dgl.",True,True
page_08292.html,https://pro.medicin.dk/Medicin/Praeparater/8292#a102,N06DA03,NA,NA,NA,NA,NA,NA,NA,NA,NA,False,False
page_08294.html,https://pro.medicin.dk/Medicin/Praeparater/8294#a102,M05BA08,NA,NA,NA,NA,NA,NA,NA,NA,NA,False,False
page_08295.html,https://pro.medicin.dk/Medicin/Praeparater/8295#a102,M05BA08,<60 ml/min.,[0],[59],NA,NA,NA,forsigtighed,betinget,Tumorinduceret hypercalcæmi:Fordele og risici ved behandling bør nøje overvejes ved GFR < 30 ml/min. Dosisjustering er ikke nødvendig ved GFR > 30 ml/min.Fremskreden malign sygdom og knoglemetastaser:Dosis skal nedsættes ved GFR 30-60 ml/min. Erfaring savnes ved GFR < 30 ml/min.,True,False
page_08299.html,https://pro.medicin.dk/Medicin/Praeparater/8299#a102,S01EE03,NA,NA,NA,NA,NA,NA,NA,NA,NA,False,False
page_08300.html,https://pro.medicin.dk/Medicin/Praeparater/8300#a102,L01BC01,NA,NA,NA,NA,NA,NA,NA,NA,NA,False,False
page_08302.html,https://pro.medicin.dk/Medicin/Praeparater/8302#a102,S01JA01,NA,NA,NA,NA,NA,NA,NA,NA,NA,False,False
page_08303.html,https://pro.medicin.dk/Medicin/Praeparater/8303#a102,L01EA01,<60 ml/min.,[0],[59],NA,NA,NA,forsigtighed,dosisjustering,Voksne. Initialt højst 400 mg dgl. Efterfølgende kan dosis justeres ud fra tolerans og virkning.,True,False
page_08304.html,https://pro.medicin.dk/Medicin/Praeparater/8304#a102,M03BX01,NA,NA,NA,NA,NA,NA,NA,NA,NA,False,False
page_08305.html,https://pro.medicin.dk/Medicin/Praeparater/8305#a102,N01BB20,<30 ml/min.,[0],[29],NA,NA,NA,forsigtighed,øget bivirkningsrisiko,Forsigtighed ved øget risiko for systemisk optagelse.,True,False
page_08306.html,https://pro.medicin.dk/Medicin/Praeparater/8306#a102,C09CA08,<40 ml/min.; <40 ml/min.; <40 ml/min.,"[0, 0, 0]","[39, 39, 39]",6-17 år; ≥35 KG; ≥17 år,"[6, 35, 17]","[17, 150, 150]",forsigtighed; forsigtighed; forsigtighed,dosisjustering; dosisjustering; dosisjustering,Højst 10 mg dgl.Rutinemæssig monitorering af P-kalium og nyrefunktion.; Initialdosis 10 mg dgl. Højst 20 mg dgl.Rutinemæssig monitorering af P-kalium og nyrefunktion.; Initialdosis 10 mg. Højst 20 mg dgl.Rutinemæssig monitorering af P-kalium og P-kreatinin.,True,False
page_08307.html,https://pro.medicin.dk/Medicin/Praeparater/8307#a102,C09DA08,<30 ml/min.,[0],[29],NA,NA,NA,forsigtighed,monitorering,Rutinemæssig monitorering af P-kalium og P-kreatinin.,True,False
page_08308.html,https://pro.medicin.dk/Medicin/Praeparater/8308#a102,N04BC05,<20 ml/min.,[0],[19],≥18 år,[18],[150],forsigtighed,dosisjustering,"Parkinsons sygdom: Initialdosis 0,09 mg dgl. Højst 1,1 mg dgl.; Restless legs: Højst 0,54 mg dgl.: Højst 0,54 mg dgl.",True,True
page_08309.html,https://pro.medicin.dk/Medicin/Praeparater/8309#a102,J01CE02,NA,NA,NA,NA,NA,NA,NA,NA,NA,False,False
page_08313.html,https://pro.medicin.dk/Medicin/Praeparater/8313#a102,M04AA01,<10 ml/min.; 10-20 ml/min.,"[0, 10]","[9, 20]",≥2 år; ≥2 år,"[2, 2]","[150, 150]",forsigtighed; forsigtighed,dosisjustering; dosisjustering,"Voksne: Højst 50 mg dgl. eller 100 mg hver 2. dag.Børn 2-15 år: Højst 5 mg/kg legemsvægt (højst 50 mg dgl.)Allopurinol er ikke i sig selv nefrotoksisk, men der er øget risiko for bivirkninger.; Voksne: Højst 200 mg dgl. Initialt 50 mg dgl., gradvis øgning med 50 mg hver 2.-6. uge indtil nået behandlingsmål, eller der evt. kommer bivirkninger.Børn 2-15 år: Højst 10 mg/kg legemsvægt (højst 200 mg dgl.)Allopurinol er ikke i sig selv nefrotoksisk, men der er øget risiko for bivirkninger.",True,False
page_08315.html,https://pro.medicin.dk/Medicin/Praeparater/8315#a102,L01ED03,NA,NA,NA,NA,NA,NA,NA,NA,NA,False,False
page_08316.html,https://pro.medicin.dk/Medicin/Praeparater/8316#a102,A10AB05,NA,NA,NA,NA,NA,NA,NA,NA,NA,False,False
page_08317.html,https://pro.medicin.dk/Medicin/Praeparater/8317#a102,J07BM03,NA,NA,NA,NA,NA,NA,NA,NA,NA,False,False
page_08319.html,https://pro.medicin.dk/Medicin/Praeparater/8319#a102,L01EA01,<60 ml/min.,[0],[59],NA,NA,NA,forsigtighed,dosisjustering,Voksne. Initialt højst 400 mg dgl. Efterfølgende kan dosis justeres ud fra tolerans og virkning.,True,False
page_08330.html,https://pro.medicin.dk/Medicin/Praeparater/8330#a102,N02CC07,NA,NA,NA,NA,NA,NA,NA,NA,NA,False,False
page_08331.html,https://pro.medicin.dk/Medicin/Praeparater/8331#a102,J01AA04,<10 ml/min.,[0],[9],NA,NA,NA,kontraindiceret,NA,"Kontraindiceret, da lymecyclin udskilles gennem nyrerne.",True,False
page_08332.html,https://pro.medicin.dk/Medicin/Praeparater/8332#a102,L04AF02,<30 ml/min.; 30-60 ml/min.,"[0, 30]","[29, 60]",NA; NA,"['NA', 'NA']","['NA', 'NA']",forsigtighed; forsigtighed,erfaring savnes; dosisjustering,Bør ikke anvendes.; Voksne. Dosis nedsættes til 2 mg 1 gang dgl.,True,False
page_08334.html,https://pro.medicin.dk/Medicin/Praeparater/8334#a102,G02AD06,<15 ml/min.,[0],[14],NA,NA,NA,kontraindiceret,NA,"Mulige alternativer, se Prostaglandiner.",True,False
page_08336.html,https://pro.medicin.dk/Medicin/Praeparater/8336#a102,S01FA56,NA,NA,NA,NA,NA,NA,NA,NA,NA,False,False
page_08339.html,https://pro.medicin.dk/Medicin/Praeparater/8339#a102,L04AF01,<30 ml/min.,[0],[29],NA,NA,NA,forsigtighed,dosisjustering,Tabletterog oral opløsning. Dosisintervallet nedsættes til 5 mg 1 gang dgl.Depottabletter.Bør ikke anvendes pga. manglende mulighed for dosisreduktion.,True,False
page_08341.html,https://pro.medicin.dk/Medicin/Praeparater/8341#a102,M03BX01,<10 ml/min.; 10-30 ml/min.; 10-30 ml/min.; 10-30 ml/min.; 30-60 ml/min.; 30-60 ml/min.; 30-60 ml/min.,"[0, 10, 10, 10, 30, 30, 30]","[9, 30, 30, 30, 60, 60, 60]",≥2 år; 2-8 år; 8-17 år; ≥17 år; 2-8 år; 8-17 år; ≥17 år,"[2, 2, 8, 17, 2, 8, 17]","[150, 8, 17, 150, 8, 17, 150]",forsigtighed; forsigtighed; forsigtighed; forsigtighed; forsigtighed; forsigtighed; forsigtighed,dosisjustering; dosisjustering; dosisjustering; dosisjustering; dosisjustering; dosisjustering; dosisjustering,Højst 5 mg dgl. Alvorligt neurologisk udfald efter oral dosering er blevet rapporteret hos patienter med nedsat nyrefunktion.; Højst 5 mg 2 gange dgl.; Højst 5 mg 3 gange dgl.; Højst 20 mg i døgnet.; Højst 20 mg i døgnet.; Højst 30 mg i døgnet.; Højst 40 mg i døgnet.,True,False
page_08342.html,https://pro.medicin.dk/Medicin/Praeparater/8342#a102,N06AX03,<15 ml/min.,[0],[14],NA,NA,NA,forsigtighed,dosisjustering,Lav initialdosis og langsom optitrering.,True,False
page_08345.html,https://pro.medicin.dk/Medicin/Praeparater/8345#a102,J01AA07,<10 ml/min.,[0],[9],≥12 år,[12],[150],forsigtighed,dosisjustering,Højst 1.000 mg dgl.,True,False
page_08349.html,https://pro.medicin.dk/Medicin/Praeparater/8349#a102,B02BD02,NA,NA,NA,NA,NA,NA,NA,NA,NA,False,False
page_08350.html,https://pro.medicin.dk/Medicin/Praeparater/8350#a102,G03FA01,NA,NA,NA,NA,NA,NA,NA,NA,NA,False,False
page_08351.html,https://pro.medicin.dk/Medicin/Praeparater/8351#a102,H02AB08,<60 ml/min.,[0],[59],NA,NA,NA,forsigtighed,hjælpestoffer,"Systemisk anvendelse:Glukokortikoider kan medføre hypernatriæmi, hypokaliæmi, væskeretention og forhøjelse af blodtrykket.BenzylalkoholInjektionsvæsken indeholder benzylalkohol der skal bruges med forsigtighed ved nedsat nyre- og leverfunktion. Læs mereher.",True,False
page_08352.html,https://pro.medicin.dk/Medicin/Praeparater/8352#a102,B01AE03,NA,NA,NA,NA,NA,NA,NA,NA,NA,False,False
page_08353.html,https://pro.medicin.dk/Medicin/Praeparater/8353#a102,J05AG03,NA,NA,NA,NA,NA,NA,NA,NA,NA,False,False
page_08354.html,https://pro.medicin.dk/Medicin/Praeparater/8354#a102,G04BE03,NA,NA,NA,NA,NA,NA,NA,NA,NA,False,False
page_08358.html,https://pro.medicin.dk/Medicin/Praeparater/8358#a102,A10BH01,<30 ml/min.; 30-45 ml/min.,"[0, 30]","[29, 45]",≥18 år; ≥18 år,"[18, 18]","[150, 150]",forsigtighed; forsigtighed,dosisjustering; dosisjustering,Højst 25 mg sitagliptin dgl.Kan benyttes ved slutstadiet og under renal erstatningsterapi.; Højst 50 mg sitagliptin dgl.,True,False
page_08359.html,https://pro.medicin.dk/Medicin/Praeparater/8359#a102,L01XX27,NA,NA,NA,NA,NA,NA,NA,NA,NA,False,False
page_08365.html,https://pro.medicin.dk/Medicin/Praeparater/8365#a102,L01BA04,<45 ml/min.,[0],[44],NA,NA,NA,forsigtighed,ingen eller begrænset erfaring,Dosisjustering er ikke nødvendig ved GFR > 45 ml/min. Der er utilstrækkelige data ved GFR < 45 ml/min.,True,False
page_08368.html,https://pro.medicin.dk/Medicin/Praeparater/8368#a102,J01DD52,<50 ml/min.,[0],[49],"GFRDosis (voksne)Dosis (børn ≥ 2 år)31-50 ml/min.1 g/0,25 g i.v.Hver 8. time25 mg/6,25 mg/kg i.v.Højst 1 g/0,25 g i.v.Hver 8. time16-30 ml/min.0,75 g/0,1875 g i.v.Hver 12. time18,75 mg/4,75 mg/kg i.v.Højst 0,75 g/0,1875 g i.v.Hver 12. time6-15 ml/min.0,75 g/0,1875 g i.v.Hver 24. time18,75 mg/4,75 mg/kg i.v.Højst 0,75 g/0,1875 g i.v.Hver 24. timeTerminal nyresygdom inkl. hæmodialyse*0,75 g/0,1875 g i.v.Hver 48. time18,75 mg/4,75 mg/kg i.v.Højst 0,75 g/0,1875 g i.v.Hver 48. time* Doseres efter afsluttet hæmodialyse samme dag.GFRDosis (børn 6 mdr. - 2 år)Dosis (børn 3-6 mdr.)31-50 ml/min.25 mg/6,25 mg/kg i.v.Hver 8. time20 mg/5 mg/kg i.v.Hver 8. time16-30 ml/min.18,75 mg/4,75 mg/kg i.v.Hver 12. time15 mg/3,75 mg/kg i.v.Hver 12. time",,,forsigtighed,dosisjustering,"31-50 ml/min.: 1 g/0,25 g i.v.Hver 8. time: 25 mg/6,25 mg/kg i.v.Højst 1 g/0,25 g i.v.Hver 8. time; 16-30 ml/min.: 0,75 g/0,1875 g i.v.Hver 12. time: 18,75 mg/4,75 mg/kg i.v.Højst 0,75 g/0,1875 g i.v.Hver 12. time; 6-15 ml/min.: 0,75 g/0,1875 g i.v.Hver 24. time: 18,75 mg/4,75 mg/kg i.v.Højst 0,75 g/0,1875 g i.v.Hver 24. time; Terminal nyresygdom inkl. hæmodialyse*: 0,75 g/0,1875 g i.v.Hver 48. time: 18,75 mg/4,75 mg/kg i.v.Højst 0,75 g/0,1875 g i.v.Hver 48. time; * Doseres efter afsluttet hæmodialyse samme dag.: 15 mg/3,75 mg/kg i.v.Hver 12. time",True,True
page_08369.html,https://pro.medicin.dk/Medicin/Praeparater/8369#a102,J01CR02,<10 ml/min.,[0],[9],NA,NA,NA,forsigtighed,dosisjustering,"Højst 500 mg/125 mg 3 gange dgl.Ved behandling i kortere tid, op til 1 uge, er der ikke behov for dosisreduktion.",True,False
page_08374.html,https://pro.medicin.dk/Medicin/Praeparater/8374#a102,G04BE03,NA,NA,NA,NA,NA,NA,NA,NA,NA,False,False
page_08375.html,https://pro.medicin.dk/Medicin/Praeparater/8375#a102,S01EE04,NA,NA,NA,NA,NA,NA,NA,NA,NA,False,False
page_08378.html,https://pro.medicin.dk/Medicin/Praeparater/8378#a102,V03AF03,NA,NA,NA,NA,NA,NA,NA,NA,NA,False,False
page_08380.html,https://pro.medicin.dk/Medicin/Praeparater/8380#a102,C03CA01,NA,NA,NA,NA,NA,NA,NA,NA,NA,False,False
page_08382.html,https://pro.medicin.dk/Medicin/Praeparater/8382#a102,N02AA01,<30 ml/min.; 30-50 ml/min.,"[0, 30]","[29, 50]",NA; NA,"['NA', 'NA']","['NA', 'NA']",forsigtighed; forsigtighed,dosisjustering; dosisjustering,Dosis nedsættes til 25% af normaldosis med uændret dosisinterval.Velbehandlede patienter med stabil nyrefunktion < 30 ml/min. kan fortsætte behandling indtil GFR 10 ml/min.; Dosis nedsættes til 75 % af normaldosis.,True,False
page_08383.html,https://pro.medicin.dk/Medicin/Praeparater/8383#a102,M09AX07,NA,NA,NA,NA,NA,NA,NA,NA,NA,False,False
page_08389.html,https://pro.medicin.dk/Medicin/Praeparater/8389#a102,B01AC06,<60 ml/min.,[0],[59],NA,NA,NA,forsigtighed,øget bivirkningsrisiko,Forsigtighed pga. øget risiko for bivirkninger. Behandlingen bør vurderes regelmæssigt.,True,False
page_08390.html,https://pro.medicin.dk/Medicin/Praeparater/8390#a102,N02AE01,NA,NA,NA,NA,NA,NA,NA,NA,NA,False,False
page_08391.html,https://pro.medicin.dk/Medicin/Praeparater/8391#a102,G04CB02,NA,NA,NA,NA,NA,NA,NA,NA,NA,False,False
page_08392.html,https://pro.medicin.dk/Medicin/Praeparater/8392#a102,A02BC05,NA,NA,NA,NA,NA,NA,NA,NA,NA,False,False
page_08393.html,https://pro.medicin.dk/Medicin/Praeparater/8393#a102,M01AH05,30-60 ml/min.; <30 ml/min.,"[30, 0]","[60, 29]",NA; NA,"['NA', 'NA']","['NA', 'NA']",forsigtighed; kontraindiceret,monitorering; øget bivirkningsrisiko,Prostaglandiner har betydning for opretholdelse af normal nyregennemblødning. NSAID's hæmning af prostaglandinsyntesen kan derfor forårsage nedsat nyregennemblødning og dermed forværret nyrefunktion. Tæt monitorering af nyrefunktionen tilrådes.; Prostaglandiner har betydning for opretholdelse af normal nyregennemblødning. NSAID's hæmning af prostaglandinsyntesen kan derfor forårsage nedsat nyregennemblødning og dermed forværret nyrefunktion.,True,False
page_08395.html,https://pro.medicin.dk/Medicin/Praeparater/8395#a102,N04BC05,<20 ml/min.,[0],[19],≥18 år,[18],[150],forsigtighed,dosisjustering,"Parkinsons sygdom: Initialdosis 0,09 mg dgl. Højst 1,1 mg dgl.; Restless legs: Højst 0,54 mg dgl.: Højst 0,54 mg dgl.",True,True
page_08396.html,https://pro.medicin.dk/Medicin/Praeparater/8396#a102,N02BF02,<15 ml/min.; 15-30 ml/min.; 30-60 ml/min.,"[0, 15, 30]","[14, 30, 60]",≥17 år; ≥17 år; ≥17 år,"[17, 17, 17]","[150, 150, 150]",forsigtighed; forsigtighed; forsigtighed,dosisjustering; dosisjustering; dosisjustering,"Initialdosis 25 mg dgl. Højst 75 mg 1 gang dgl.Supplerende dosis efter hæmodialyse: Initialt 25 mg, højst 100 mg.; Initialdosis 25-50 mg dgl. Højst 150 mg dgl. fordelt på 1-2 doser.; Initialdosis 75 mg dgl. Højst 300 mg dgl. fordelt på 2-3 doser.",True,False
page_08397.html,https://pro.medicin.dk/Medicin/Praeparater/8397#a102,N02BF02,<15 ml/min.; 15-30 ml/min.; 30-60 ml/min.,"[0, 15, 30]","[14, 30, 60]",≥17 år; ≥17 år; ≥17 år,"[17, 17, 17]","[150, 150, 150]",forsigtighed; forsigtighed; forsigtighed,dosisjustering; dosisjustering; dosisjustering,"Initialdosis 25 mg dgl. Højst 75 mg 1 gang dgl.Supplerende dosis efter hæmodialyse: Initialt 25 mg, højst 100 mg.; Initialdosis 25-50 mg dgl. Højst 150 mg dgl. fordelt på 1-2 doser.; Initialdosis 75 mg dgl. Højst 300 mg dgl. fordelt på 2-3 doser.",True,False
page_08398.html,https://pro.medicin.dk/Medicin/Praeparater/8398#a102,S01EE04,NA,NA,NA,NA,NA,NA,NA,NA,NA,False,False
page_08401.html,https://pro.medicin.dk/Medicin/Praeparater/8401#a102,B03AB10,NA,NA,NA,NA,NA,NA,NA,NA,NA,False,False
page_08402.html,https://pro.medicin.dk/Medicin/Praeparater/8402#a102,J07AH09,NA,NA,NA,NA,NA,NA,NA,NA,NA,False,False
page_08405.html,https://pro.medicin.dk/Medicin/Praeparater/8405#a102,N02CC01,NA,NA,NA,NA,NA,NA,NA,NA,NA,False,False
page_08407.html,https://pro.medicin.dk/Medicin/Praeparater/8407#a102,J05AF07,<10 ml/min.; 10-20 ml/min.; 20-30 ml/min.; 30-50 ml/min.,"[0, 10, 20, 30]","[9, 20, 30, 50]",≥12 år; ≥12 år; ≥12 år; ≥12 år,"[12, 12, 12, 12]","[150, 150, 150, 150]",forsigtighed; forsigtighed; forsigtighed; forsigtighed,dosisjustering; dosisjustering; dosisjustering; dosisjustering,"Ingen dosisanbefalinger til ikke-hæmodialyse-patienter.Hæmodialyse: 16,5 mg dgl. eller 245 mg 1 gang om ugen.Stor forsigtighed og tæt monitorering.; Højst 33 mg dgl. eller 245 mg 2 gange om ugen.; Højst 65 mg dgl. eller 245 mg 2 gange om ugen.; Højst 132 mg dgl. eller 245 mg hver 2. dag.",True,False
page_08409.html,https://pro.medicin.dk/Medicin/Praeparater/8409#a102,J05AP57,NA,NA,NA,NA,NA,NA,NA,NA,NA,False,False
page_08410.html,https://pro.medicin.dk/Medicin/Praeparater/8410#a102,R03AL09,<30 ml/min.,[0],[29],NA,NA,NA,forsigtighed,monitorering,Glycopyrronium:Forsigtighed ved GFR < 30 ml/min. Den systemiske eksponering kan være øget. Tæt monitorering for potentielle bivirkninger anbefales.,True,False
page_08414.html,https://pro.medicin.dk/Medicin/Praeparater/8414#a102,B05XA31,<60 ml/min.,[0],[59],NA,NA,NA,forsigtighed,øget bivirkningsrisiko,Udskillelsen af visse sporstoffer kan være betydeligt nedsat.,True,False
page_08416.html,https://pro.medicin.dk/Medicin/Praeparater/8416#a102,N06DA03,NA,NA,NA,NA,NA,NA,NA,NA,NA,False,False
page_08417.html,https://pro.medicin.dk/Medicin/Praeparater/8417#a102,J05AF07,<10 ml/min.; 10-20 ml/min.; 20-30 ml/min.; 30-50 ml/min.,"[0, 10, 20, 30]","[9, 20, 30, 50]",≥12 år; ≥12 år; ≥12 år; ≥12 år,"[12, 12, 12, 12]","[150, 150, 150, 150]",forsigtighed; forsigtighed; forsigtighed; forsigtighed,dosisjustering; dosisjustering; dosisjustering; dosisjustering,"Ingen dosisanbefalinger til ikke-hæmodialyse-patienter.Hæmodialyse: 16,5 mg dgl. eller 245 mg 1 gang om ugen.Stor forsigtighed og tæt monitorering.; Højst 33 mg dgl. eller 245 mg 2 gange om ugen.; Højst 65 mg dgl. eller 245 mg 2 gange om ugen.; Højst 132 mg dgl. eller 245 mg hver 2. dag.",True,False
page_08419.html,https://pro.medicin.dk/Medicin/Praeparater/8419#a102,J05AB14,<10 ml/min.; <10 ml/min.,"[0, 0]","[9, 9]",2-17 år; ≥17 år,"[2, 17]","[17, 150]",forsigtighed; forsigtighed,dosisjustering; dosisjustering,Højst 70 mg pr. m2legemsoverflade i døgnet.; Behandling af CMV: 200 mg 3 gange om ugen efter dialyse.; Forebyggelse af CMV: 100 mg 3 gange om ugen efter dialyse.: 100 mg 3 gange om ugen efter dialyse.,True,True
page_08421.html,https://pro.medicin.dk/Medicin/Praeparater/8421#a102,L01FB01,NA,NA,NA,NA,NA,NA,NA,NA,NA,False,False
page_08424.html,https://pro.medicin.dk/Medicin/Praeparater/8424#a102,A16AX09,<30 ml/min.,[0],[29],NA,NA,NA,forsigtighed,monitorering,"Lav initialdosis, sædvanligvis 5,3 g/m2legemsoverflade dgl.Så vidt muligt skal patienten holdes på den laveste dosis, som er nødvendig for at kontrollere ammoniumniveauet i blodet.",True,False
page_08426.html,https://pro.medicin.dk/Medicin/Praeparater/8426#a102,M01AB05,30-60 ml/min.; <30 ml/min.,"[30, 0]","[60, 29]",NA; NA,"['NA', 'NA']","['NA', 'NA']",forsigtighed; kontraindiceret,monitorering; øget bivirkningsrisiko,Prostaglandiner har betydning for opretholdelse af normal nyregennemblødning. NSAID's hæmning af prostaglandinsyntesen kan derfor forårsage nedsat nyregennemblødning og dermed forværret nyrefunktion. Tæt monitorering af nyrefunktionen tilrådes.; Prostaglandiner har betydning for opretholdelse af normal nyregennemblødning. NSAID's hæmning af prostaglandinsyntesen kan derfor forårsage nedsat nyregennemblødning og dermed forværret nyrefunktion.,True,False
page_08427.html,https://pro.medicin.dk/Medicin/Praeparater/8427#a102,G04CB02,NA,NA,NA,NA,NA,NA,NA,NA,NA,False,False
page_08429.html,https://pro.medicin.dk/Medicin/Praeparater/8429#a102,G04CB02,NA,NA,NA,NA,NA,NA,NA,NA,NA,False,False
page_08432.html,https://pro.medicin.dk/Medicin/Praeparater/8432#a102,N01BB02,<30 ml/min.,[0],[29],NA,NA,NA,forsigtighed,øget bivirkningsrisiko,Forsigtighed tilrådes ved langvarig eller gentagen administration.,True,False
page_08433.html,https://pro.medicin.dk/Medicin/Praeparater/8433#a102,A10BA02,<30 ml/min.; 30-45 ml/min.,"[0, 30]","[29, 45]",NA; ≥10 år,"['NA', 10]","['NA', 150]",kontraindiceret; forsigtighed,NA; dosisjustering,"Mulige alternativer, se Type 2-diabetes; Højst 500 mg metformin 2 gange dgl.",True,False
page_08436.html,https://pro.medicin.dk/Medicin/Praeparater/8436#a102,D07CA01,NA,NA,NA,NA,NA,NA,NA,NA,NA,False,False
page_08438.html,https://pro.medicin.dk/Medicin/Praeparater/8438#a102,N06AX16,30-60 ml/min.; <30 ml/min.,"[30, 0]","[60, 29]",NA; ≥18 år,"['NA', 18]","['NA', 150]",forsigtighed; forsigtighed,monitorering; dosisjustering,"Dosisjustering er ikke nødvendig, men forsigtighed tilrådes. Anvend lavest mulige dosis og overvåg patienten omhyggeligt, hvis en dosisøgning er nødvendig.; Angst, panikangst og socialfobi: Højst 113 mg dgl.; Depression, forebyggelse af depression: Højst 188 mg dgl.: Højst 188 mg dgl.",True,True
page_08439.html,https://pro.medicin.dk/Medicin/Praeparater/8439#a102,J05AP56,NA,NA,NA,NA,NA,NA,NA,NA,NA,False,False
page_08440.html,https://pro.medicin.dk/Medicin/Praeparater/8440#a102,L04AC12,NA,NA,NA,NA,NA,NA,NA,NA,NA,False,False
page_08441.html,https://pro.medicin.dk/Medicin/Praeparater/8441#a102,C02KX01,NA,NA,NA,NA,NA,NA,NA,NA,NA,False,False
page_08443.html,https://pro.medicin.dk/Medicin/Praeparater/8443#a102,L03AX13,<60 ml/min.,[0],[59],NA,NA,NA,forsigtighed,monitorering,Hyppig kontrol af nyrefunktionen.,True,False
page_08444.html,https://pro.medicin.dk/Medicin/Praeparater/8444#a102,G04CB02,NA,NA,NA,NA,NA,NA,NA,NA,NA,False,False
page_08445.html,https://pro.medicin.dk/Medicin/Praeparater/8445#a102,C01DA14,NA,NA,NA,NA,NA,NA,NA,NA,NA,False,False
page_08447.html,https://pro.medicin.dk/Medicin/Praeparater/8447#a102,S01ED51,NA,NA,NA,NA,NA,NA,NA,NA,NA,False,False
page_08448.html,https://pro.medicin.dk/Medicin/Praeparater/8448#a102,A16AA05,<30 ml/min.; 30-60 ml/min.,"[0, 30]","[29, 60]",≥0 år; ≥0 år,"[0, 0]","[150, 150]",forsigtighed; forsigtighed,dosisjustering; dosisjustering,Initialdosis 15 mg-40 mg/kg legemsvægt. Højst 60 mg pr. kg legemsvægt dgl.; Initialdosis 15 mg-60 mg pr. kg legemsvægt. Højst 125 mg pr. kg legemsvægt dgl.,True,False
page_08452.html,https://pro.medicin.dk/Medicin/Praeparater/8452#a102,L04AX07,<30 ml/min.,[0],[29],NA,NA,NA,kontraindiceret,erfaring savnes,Dosisjustering er ikke nødvendig ved let til moderat nedsat nyrefunktion. Kontraindiceret ved GFR < 30 ml/min. Der findes ingen data.,True,False
page_08453.html,https://pro.medicin.dk/Medicin/Praeparater/8453#a102,J01DI01,<10 ml/min.; 10-30 ml/min.; 30-50 ml/min.,"[0, 10, 30]","[9, 30, 50]",NA; NA; NA,"['NA', 'NA', 'NA']","['NA', 'NA', 'NA']",forsigtighed; forsigtighed; forsigtighed,dosisjustering; dosisjustering; dosisjustering,"VoksneNyresygdom i slutstadiet.250 mg i.v. over 2 timer hver 24. time. Gives efter en eventuel hæmodialyse.; Voksne250 mg i.v. over 2 timer hver 12. time.Unge ≥ 12 år < 18 år7,5 mg/kg legemsvægt i.v. over 2 timer hver 12. time (maksimal dosis 250 mg).Børn ≥ 6 år < 12 år7,5 mg/kg legemsvægt i.v. over 2 timer hver 24. time (maksimal dosis 250 mg).Børn, spædbørn ≥ 3 måneder < 6 år10 mg/kg legemsvægt i.v. over 2 timer hver 24. time.Nyfødte (født til tiden) og spædbørn < 3 måneder (kropsvægt ≥ 4 kg)15 mg/kg legemsvægt i.v. over 2 timer hver 24. time.Nyfødte (født til tiden) og spædbørn < 3 måneder (kropsvægt < 4 kg)10 mg/kg legemsvægt i.v. over 2 timer hver 24. time.; Voksne500 mg i.v. over 2 timer hver 12. time.Unge, børn ≥ 6 år < 18 år7,5 mg/kg legemsvægt i.v. over 2 timer hver 12. time.Børn, spædbørn ≥ 3 måneder < 6 år10 mg/kg legemsvægt i.v. over 2 timer hver 12. time.Nyfødte (født til tiden) og spædbørn < 3 måneder (kropsvægt ≥ 4 kg)15 mg/kg legemsvægt i.v. over 2 timer hver 12. time.Nyfødte (født til tiden) og spædbørn < 3 måneder (kropsvægt < 4 kg)10 mg/kg legemsvægt i.v. over 2 timer hver 12. time.",True,False
page_08454.html,https://pro.medicin.dk/Medicin/Praeparater/8454#a102,N06AA09,NA,NA,NA,NA,NA,NA,NA,NA,NA,False,False
page_08455.html,https://pro.medicin.dk/Medicin/Praeparater/8455#a102,J01FA09,<30 ml/min.; <30 ml/min.,"[0, 0]","[29, 29]",2-12 år; ≥12 år,"[2, 12]","[12, 150]",forsigtighed; forsigtighed,dosisjustering; dosisjustering,"Dosis nedsættes til 50 % af normaldosis. Højst 7,5 mg pr. kg legemsvægt i døgnet.Kontraindiceret ved samtidig alvorligt leversvigt og nedsat nyrefunktion.; Dosis nedsættes til 50 % af normaldosis. Højst 500 mg dgl.Kontraindiceret ved både alvorligt leversvigt og nedsat nyrefunktion.",True,False
page_08456.html,https://pro.medicin.dk/Medicin/Praeparater/8456#a102,J05AR03,<60 ml/min.,[0],[59],"Unge 12-18 årBør ikke anvendes.VoksneGFR (ml/min.)Behandling afHIV-infektionProfylakse føreksponering50-601 tabl. 1 gang dgl.Bør ikke anvendes30-491 tabl. hver 2. dag.Tæt monitorering af nyrefunktion.Bør ikke anvendes< 30Bør ikke anvendes, da passende dosisreduktion ikke er mulig med kombinationspræparatet.Bør ikke anvendes",,,forsigtighed,dosisjustering,"50-60: 1 tabl. 1 gang dgl.: Bør ikke anvendes; 30-49: 1 tabl. hver 2. dag.Tæt monitorering af nyrefunktion.: Bør ikke anvendes; < 30: Bør ikke anvendes, da passende dosisreduktion ikke er mulig med kombinationspræparatet.: Bør ikke anvendes: Bør ikke anvendes",True,True
page_08458.html,https://pro.medicin.dk/Medicin/Praeparater/8458#a102,A03FA01,NA,NA,NA,NA,NA,NA,NA,NA,"Ved nedsat nyrefunktion (GFR 15-60 ml/min) bør dosis halveres til 5 mg x 3 dgl., Ved svært nedsat nyrefunktion (GFR < 15 ml/min) bør dosis reduceres med 75 % til 5 mg x 1-2 dgl., Dosis kan øges til max 10 mg x 3 dgl. under hensyntagen til eventuelle bivirkninger.",True,False
page_08459.html,https://pro.medicin.dk/Medicin/Praeparater/8459#a102,N05AH04,NA,NA,NA,NA,NA,NA,NA,NA,NA,False,False
page_08464.html,https://pro.medicin.dk/Medicin/Praeparater/8464#a102,V03AE09,NA,NA,NA,NA,NA,NA,NA,NA,NA,False,False
page_08465.html,https://pro.medicin.dk/Medicin/Praeparater/8465#a102,L01EF02,<30 ml/min.,[0],[29],NA,NA,NA,forsigtighed,dosisjustering,Voksne. Startdosis 200 mg 1 gang dgl og tæt monitorering for tegn på toksicitet tilrådes.,True,False
page_08468.html,https://pro.medicin.dk/Medicin/Praeparater/8468#a102,A11CC05,30-60 ml/min.; <30 ml/min.,"[30, 0]","[60, 29]",NA; NA,"['NA', 'NA']","['NA', 'NA']",forsigtighed; forsigtighed,monitorering; NA,"Kontrol af P-calcium og P-fosfat.; Bør ikke anvendes. Ved svær nyreinsufficiens metaboliseres vitamin D i form af cholecalciferol ikke normalt, og der bør anvendes andre former for vitamin D.",True,False
page_08470.html,https://pro.medicin.dk/Medicin/Praeparater/8470#a102,J05AR03,<60 ml/min.,[0],[59],"Unge 12-18 årBør ikke anvendes.VoksneGFR (ml/min.)Behandling afHIV-infektionProfylakse føreksponering50-601 tabl. 1 gang dgl.Bør ikke anvendes30-491 tabl. hver 2. dag.Tæt monitorering af nyrefunktion.Bør ikke anvendes< 30Bør ikke anvendes, da passende dosisreduktion ikke er mulig med kombinationspræparatet.Bør ikke anvendes",,,forsigtighed,dosisjustering,"50-60: 1 tabl. 1 gang dgl.: Bør ikke anvendes; 30-49: 1 tabl. hver 2. dag.Tæt monitorering af nyrefunktion.: Bør ikke anvendes; < 30: Bør ikke anvendes, da passende dosisreduktion ikke er mulig med kombinationspræparatet.: Bør ikke anvendes: Bør ikke anvendes",True,True
page_08471.html,https://pro.medicin.dk/Medicin/Praeparater/8471#a102,L04AA40,<60 ml/min.,[0],[59],NA,NA,NA,kontraindiceret,erfaring savnes,Dosisjustering er ikke nødvendig ved let nedsat nyrefunktion. Kontraindiceret ved GFR < 60 ml/min. Der findes ingen data.,True,False
page_08472.html,https://pro.medicin.dk/Medicin/Praeparater/8472#a102,H01CC01,<60 ml/min.,[0],[59],NA,NA,NA,kontraindiceret,erfaring savnes,Kontraindiceret ved moderat til stærkt nedsat nyrefunktion. Der findes ingen data.,True,False
page_08473.html,https://pro.medicin.dk/Medicin/Praeparater/8473#a102,N02BF01,<15 ml/min.; 15-30 ml/min.; 30-60 ml/min.; 60-80 ml/min.,"[0, 15, 30, 60]","[14, 30, 60, 80]",≥12 år; ≥12 år; ≥12 år; ≥12 år,"[12, 12, 12, 12]","[150, 150, 150, 150]",forsigtighed; forsigtighed; forsigtighed; forsigtighed,dosisjustering; dosisjustering; dosisjustering; dosisjustering,"Højst 150-300 mg 1 gang i døgnet. Døgndoser på 150 mg gives som 300 mg hver 2. dag.Daglig dosis bør nedsættes i forhold til GFR (ved GFR < 7,5 ml/min. halvt så stor daglig dosis som ved en GFR på 15 ml/min.).; Højst 150-600 mg i døgnet, så vidt muligt fordelt på flere daglige doser.Døgndoser på 150 mg gives som 300 mg hver 2. dag.; Højst 300-900 mg i døgnet, så vidt muligt fordelt på flere daglige doser.; Højst 600-1.800 mg i døgnet fordelt på 3 daglige doser.",True,False
page_08475.html,https://pro.medicin.dk/Medicin/Praeparater/8475#a102,C03AA03,<30 ml/min.,[0],[29],NA,NA,NA,forsigtighed,monitorering,"Tæt monitorering af P-kalium og P-kreatinin. HCT har formentlig ingen diuretisk effekt, men kan stadig have en antihypertensiv effekt via nedsættelse af den totale perifere modstand.",True,False
page_08476.html,https://pro.medicin.dk/Medicin/Praeparater/8476#a102,N05BB01,<15 ml/min.; <15 ml/min.; <15 ml/min.; <15 ml/min.; 15-50 ml/min.; 15-50 ml/min.; 15-50 ml/min.; 15-50 ml/min.,"[0, 0, 0, 0, 15, 15, 15, 15]","[14, 14, 14, 14, 50, 50, 50, 50]",5-17 år; ≥40 KG; 17-65 år; ≥65 år; 5-17 år; ≥40 KG; 17-65 år; ≥65 år,"[5, 40, 17, 65, 5, 40, 17, 65]","[17, 150, 65, 150, 17, 150, 65, 150]",forsigtighed; forsigtighed; forsigtighed; forsigtighed; forsigtighed; forsigtighed; forsigtighed; forsigtighed,dosisjustering; dosisjustering; dosisjustering; dosisjustering; dosisjustering; dosisjustering; dosisjustering; dosisjustering,"Højst 0,5 mg/kg legemsvægt dgl.; Højst 25 mg dgl.; Højst 25 mg dgl.; Højst 12,5 mg dgl.; Højst 1 mg/kg legemsvægt dgl.; Højst 50 mg dgl.; Højst 50 mg dgl.; Højst 25 mg dgl.",True,False
page_08477.html,https://pro.medicin.dk/Medicin/Praeparater/8477#a102,S01XA21,NA,NA,NA,NA,NA,NA,NA,NA,NA,False,False
page_08478.html,https://pro.medicin.dk/Medicin/Praeparater/8478#a102,V08CA02,<30 ml/min.,[0],[29],NA,NA,NA,forsigtighed,monitorering,Der skal være mindst 7 dage mellem to injektioner. Det anbefales at vurdere nyrefunktionen før indgift af kontraststof. Se endvidereIntravenøs anvendelse (kontraststoffer til MR-scanning).,True,False
page_08479.html,https://pro.medicin.dk/Medicin/Praeparater/8479#a102,A08AA62,<10 ml/min.; 10-60 ml/min.,"[0, 10]","[9, 60]",NA; ≥18 år,"['NA', 18]","['NA', 150]",kontraindiceret; forsigtighed,NA; dosisjustering,Kontraindiceret ved nyresvigt i slutstadiet.; Højst 1 tablet (8 mg/90 mg) 2 gange dgl.Uge 1: 1 tablet morgen.Uge 2 og de følgende uger: 1 tablet morgen og aften.,True,False
page_08480.html,https://pro.medicin.dk/Medicin/Praeparater/8480#a102,J05AF10,<50 ml/min.,[0],[49],"Voksne. Daglig dosis nedsættes til:GFR (ml/min.)Ikke tidligere nukleosid-behandlet kompenseret leversygdomLamivudin-refraktær kompenseret leversygdom eller dekompenseret leversygdom30-500,25 mg0,5 mg10-300,15 mg0,3 mg< 100,05 mg0,1 mgDosisreduktionen kan også opnås ved at øge dosisintervallerne.Ved hæmodialyse gives dosis efter dialysen.Børn 2-17 år.Erfaring savnes.",,,forsigtighed,dosisjustering,"30-50: 0,25 mg: 0,5 mg; 10-30: 0,15 mg: 0,3 mg; < 10: 0,05 mg: 0,1 mg: 0,1 mg",True,True
page_08481.html,https://pro.medicin.dk/Medicin/Praeparater/8481#a102,N06AB03,NA,NA,NA,NA,NA,NA,NA,NA,NA,False,False
page_08483.html,https://pro.medicin.dk/Medicin/Praeparater/8483#a102,G03CA03,NA,NA,NA,NA,NA,NA,NA,NA,NA,False,False
page_08486.html,https://pro.medicin.dk/Medicin/Praeparater/8486#a102,L01FF04,NA,NA,NA,NA,NA,NA,NA,NA,NA,False,False
page_08489.html,https://pro.medicin.dk/Medicin/Praeparater/8489#a102,J05AR22,<30 ml/min.,[0],[29],NA,NA,NA,forsigtighed,ingen eller begrænset erfaring,"Voksne og børn ≥ 12 år med legemsvægt ≥ 40 kg. Manglende data. Behandling bør ikke påbegyndes, og igangværende behandling bør seponeres, hvis GFR falder til < 30 ml/min.For enkeltstofferne gælder flg. retningslinjer:Cobicistat:Cobicistat hæmmer den tubulære sekretion af kreatinin og medfører derfor en øgning i s-kreatinin og eGFR. Dette kan give problemer ved beregning af dosis for lægemidler, der doseres i henhold til GFR, fx tenofovir, emtricitabin og lamivudin. VedeGFR < 70 ml/min.anbefales det, at den sande GFR måles til vurdering af nyrefunktionen.Darunavir:GFR < 90 ml/min:Samtidig brug af colchicin er kontraindiceret ved nedsat nyrefunktion.Emtricitabin:GFR 15-30 ml/min:Dosisreduktion til 200 mg hver 72. time.GFR < 15 ml/min: Dosisreduktion til 200 mg hver 96. time.Tenofoviralafenamid:GFR < 30 ml/min:Begrænset erfaring, da der ikke foreligger sikkerhedsdata.GFR < 15 ml/min:Bør ikke anvendes, medmindre patienten er i hæmodialysebehandling.",True,False
page_08490.html,https://pro.medicin.dk/Medicin/Praeparater/8490#a102,L01CE02,NA,NA,NA,NA,NA,NA,NA,NA,NA,False,False
page_08491.html,https://pro.medicin.dk/Medicin/Praeparater/8491#a102,C08CA13,30-60 ml/min.; <30 ml/min.,"[30, 0]","[60, 29]",NA; NA,"['NA', 'NA']","['NA', 'NA']",forsigtighed; kontraindiceret,øget bivirkningsrisiko; øget bivirkningsrisiko,Lav initialdosis. Forsigtighed ved dosisøgning.; ,True,False
page_08492.html,https://pro.medicin.dk/Medicin/Praeparater/8492#a102,A10BX02,NA,NA,NA,NA,NA,NA,NA,NA,NA,False,False
page_08493.html,https://pro.medicin.dk/Medicin/Praeparater/8493#a102,L01FF05,<30 ml/min.,[0],[29],NA,NA,NA,forsigtighed,erfaring savnes,Dosisjustering er ikke nødvendig ved let til moderat nedsat nyrefunktion. Der findes ingen data ved GFR < 30 ml/min.,True,False
page_08497.html,https://pro.medicin.dk/Medicin/Praeparater/8497#a102,R03DC03,NA,NA,NA,NA,NA,NA,NA,NA,NA,False,False
page_08499.html,https://pro.medicin.dk/Medicin/Praeparater/8499#a102,N01AH06,NA,NA,NA,NA,NA,NA,NA,NA,NA,False,False
page_08501.html,https://pro.medicin.dk/Medicin/Praeparater/8501#a102,G04BE08,<30 ml/min.,[0],[29],≥17 år,[17],[150],forsigtighed,dosisjustering,Erektil dysfunktion: Højst 10 mg ved behov og højst hv. 3. dag.; Prostata hyperplasi: Kontraindiceret; Pulmonal arteriel hypertension: Kontraindiceret: Kontraindiceret,True,True
page_08503.html,https://pro.medicin.dk/Medicin/Praeparater/8503#a102,G04BE08,<30 ml/min.,[0],[29],≥17 år,[17],[150],forsigtighed,dosisjustering,Erektil dysfunktion: Højst 10 mg ved behov og højst hv. 3. dag.; Prostata hyperplasi: Kontraindiceret; Pulmonal arteriel hypertension: Kontraindiceret: Kontraindiceret,True,True
page_08504.html,https://pro.medicin.dk/Medicin/Praeparater/8504#a102,G04BE08,<30 ml/min.,[0],[29],≥17 år,[17],[150],forsigtighed,dosisjustering,Erektil dysfunktion: Højst 10 mg ved behov og højst hv. 3. dag.; Prostata hyperplasi: Kontraindiceret; Pulmonal arteriel hypertension: Kontraindiceret: Kontraindiceret,True,True
page_08505.html,https://pro.medicin.dk/Medicin/Praeparater/8505#a102,J05AF13,<30 ml/min.,[0],[29],NA,NA,NA,forsigtighed,ingen eller begrænset erfaring,"Begrænset erfaring, da der ikke foreligger sikkerhedsdata.GFR < 15 ml/min:Bør kun anvendes i forbindelse med hæmodialyse.Der foreligger ingen data, der giver dosisanbefalinger for børn < 12 år og legemsvægt < 35 kg med nedsat nyrefunktion.",True,False
page_08506.html,https://pro.medicin.dk/Medicin/Praeparater/8506#a102,B02BD04,NA,NA,NA,NA,NA,NA,NA,NA,NA,False,False
page_08508.html,https://pro.medicin.dk/Medicin/Praeparater/8508#a102,S01BA02,NA,NA,NA,NA,NA,NA,NA,NA,NA,False,False
page_08509.html,https://pro.medicin.dk/Medicin/Praeparater/8509#a102,L01EX10,<30 ml/min.,[0],[29],NA,NA,NA,forsigtighed,ingen eller begrænset erfaring,"Dosisjustering er ikke nødvendig ved let til moderat nedsat nyrefunktion. Erfaring savnes ved GFR < 30 ml/min. Der er begrænsede data, og forsigtighed tilrådes.",True,False
page_08510.html,https://pro.medicin.dk/Medicin/Praeparater/8510#a102,G03DA04,NA,NA,NA,NA,NA,NA,NA,NA,NA,False,False
page_08511.html,https://pro.medicin.dk/Medicin/Praeparater/8511#a102,L03AX,NA,NA,NA,NA,NA,NA,NA,NA,NA,False,False
page_08512.html,https://pro.medicin.dk/Medicin/Praeparater/8512#a102,L01DB03,NA,NA,NA,NA,NA,NA,NA,NA,NA,False,False
page_08513.html,https://pro.medicin.dk/Medicin/Praeparater/8513#a102,S03CA04,NA,NA,NA,NA,NA,NA,NA,NA,NA,False,False
page_08519.html,https://pro.medicin.dk/Medicin/Praeparater/8519#a102,G04BE08,<30 ml/min.,[0],[29],≥17 år,[17],[150],forsigtighed,dosisjustering,Erektil dysfunktion: Højst 10 mg ved behov og højst hv. 3. dag.; Prostata hyperplasi: Kontraindiceret; Pulmonal arteriel hypertension: Kontraindiceret: Kontraindiceret,True,True
page_08521.html,https://pro.medicin.dk/Medicin/Praeparater/8521#a102,G04BE08,<30 ml/min.,[0],[29],≥17 år,[17],[150],forsigtighed,dosisjustering,Erektil dysfunktion: Højst 10 mg ved behov og højst hv. 3. dag.; Prostata hyperplasi: Kontraindiceret; Pulmonal arteriel hypertension: Kontraindiceret: Kontraindiceret,True,True
page_08523.html,https://pro.medicin.dk/Medicin/Praeparater/8523#a102,H03BB02,NA,NA,NA,NA,NA,NA,NA,NA,NA,False,False
page_08524.html,https://pro.medicin.dk/Medicin/Praeparater/8524#a102,D11AH05,<30 ml/min.,[0],[29],NA,NA,NA,forsigtighed,erfaring savnes,Dosisjustering er ikke nødvendig ved let til moderat nedsat nyrefunktion. Erfaring savnes ved GFR < 30 ml/min.,True,False
page_08525.html,https://pro.medicin.dk/Medicin/Praeparater/8525#a102,J05AF10,<50 ml/min.,[0],[49],"Voksne. Daglig dosis nedsættes til:GFR (ml/min.)Ikke tidligere nukleosid-behandlet kompenseret leversygdomLamivudin-refraktær kompenseret leversygdom eller dekompenseret leversygdom30-500,25 mg0,5 mg10-300,15 mg0,3 mg< 100,05 mg0,1 mgDosisreduktionen kan også opnås ved at øge dosisintervallerne.Ved hæmodialyse gives dosis efter dialysen.Børn 2-17 år.Erfaring savnes.",,,forsigtighed,dosisjustering,"30-50: 0,25 mg: 0,5 mg; 10-30: 0,15 mg: 0,3 mg; < 10: 0,05 mg: 0,1 mg: 0,1 mg",True,True
page_08529.html,https://pro.medicin.dk/Medicin/Praeparater/8529#a102,D01AC20,NA,NA,NA,NA,NA,NA,NA,NA,NA,False,False
page_08530.html,https://pro.medicin.dk/Medicin/Praeparater/8530#a102,G03AA16,NA,NA,NA,NA,NA,NA,NA,NA,NA,False,False
page_08534.html,https://pro.medicin.dk/Medicin/Praeparater/8534#a102,N02BG10,<60 ml/min.,[0],[59],NA,NA,NA,forsigtighed,monitorering,Der er ikke gennemført undersøgelser ved nedsat nyrefunktion. Hos denne patientgruppe kan virkningen forstærkes eller forlænges. Hyppig klinisk evaluering af en læge anbefales.,True,False
page_08535.html,https://pro.medicin.dk/Medicin/Praeparater/8535#a102,N02BG10,<60 ml/min.,[0],[59],NA,NA,NA,forsigtighed,monitorering,Der er ikke gennemført undersøgelser ved nedsat nyrefunktion. Hos denne patientgruppe kan virkningen forstærkes eller forlænges. Hyppig klinisk evaluering af en læge anbefales.,True,False
page_08536.html,https://pro.medicin.dk/Medicin/Praeparater/8536#a102,J05AR02,<50 ml/min.,[0],[49],"Kombinationspræparatet er uegnet pga. manglende mulighed for dosisreduktion af lamivudin.For enkeltstofferne gælder flg. retningslinjer:Abacavir:Ingen særlige forbehold.Lamivudin:Voksne og børn med legemsvægt ≥ 25 kgGFRml/minutInitial dosis1 gang dgl.Vedligeholdelsesdosis1 gang dgl.30-50150 mg150 mg15-30150 mg100 mg5-15150 mg50 mg≤ 550 mg25 mgBørn > 3 mdr. med legemsvægt < 25 kgGFRml/minutInitial dosis1 gang dgl.Vedligeholdelsesdosis1 gang dgl.30-504 mg/kg4 mg/kg15-304 mg/kg2,6 mg/kg5-154 mg/kg1,3 mg/kg< 51,3 mg/kg0,7 mg/kg",,,forsigtighed,dosisjustering,"30-50: 150 mg: 150 mg; 15-30: 150 mg: 100 mg; 5-15: 150 mg: 50 mg; ≤ 5: 50 mg: 25 mg: 0,7 mg/kg",True,True
page_08538.html,https://pro.medicin.dk/Medicin/Praeparater/8538#a102,C10AA05,<30 ml/min.,[0],[29],NA,NA,NA,forsigtighed,monitorering,"P-kreatinkinase bør måles før behandlingsstart pga. prædisposition for rhabdomyolyse. Ved P-kreatinkinase > 4 gange øverste normalgrænse bør behandlingen ikke startes.Under behandling:P-kreatininkinase > 10 gange øverste normalgrænse: pauser behandlingen, kontroller nyrefunktionen og monitorer P-kreatininkinase efter to uger.P-kreatininkinase < 10 gange øverste normalgrænse:ingen symptomer, fortsat behandlingen, kontroller P- kreatininkinase indenfor 2-4 uger.P-kreatininkinase < 10 gange øverste normalgrænse:hvis symptomer, pauser statin og afvent normalisering af P-kreatininkinase før genoptagelse med en lavere statindosis.Læs mere:Statiner.",True,False
page_08539.html,https://pro.medicin.dk/Medicin/Praeparater/8539#a102,J05AR06,<50 ml/min.,[0],[49],"Kombinationspræparatet er uegnet pga. manglende mulighed for individuel dosisreduktion.For enkeltstofferne gælder flg. retningslinjer:Efavirenz:Ingen dosisjusteringEmtricitabin:GFR 15-30 ml/min: Dosis nedsættes til 200 mg hver 72. time.GFR < 15 ml/min: Dosis nedsættes til 200 mg hver 96. time.Tenofovirdisoproxil:GFRml/minutDosis (voksne)30-50132 mg 1 gang dgl.20-3066 mg 1 gang dgl.10-2033 mg 1 gang dgl.< 10Bør kun anvendes i forbindelse med dialyse: 16,5 mg efter afslutning af hver 4-timers dialyseBemærk:GFR < 50 ml/min. Nyrefunktionen skal følges tæt.GFR < 30 ml/min: Bør ikke anvendes, medmindre der ikke findes alternativ behandling.Børn: Bør ikke anvendes.",,,forsigtighed,dosisjustering,"30-50: 132 mg 1 gang dgl.; 20-30: 66 mg 1 gang dgl.; 10-20: 33 mg 1 gang dgl.; < 10: Bør kun anvendes i forbindelse med dialyse: 16,5 mg efter afslutning af hver 4-timers dialyse; Bemærk:GFR < 50 ml/min. Nyrefunktionen skal følges tæt.GFR < 30 ml/min: Bør ikke anvendes, medmindre der ikke findes alternativ behandling.Børn: Bør ikke anvendes.: Bemærk:GFR < 50 ml/min. Nyrefunktionen skal følges tæt.GFR < 30 ml/min: Bør ikke anvendes, medmindre der ikke findes alternativ behandling.Børn: Bør ikke anvendes.",True,True
page_08540.html,https://pro.medicin.dk/Medicin/Praeparater/8540#a102,B01AC16,<30 ml/min.; 30-50 ml/min.,"[0, 30]","[29, 50]",NA; NA,"['NA', 'NA']","['NA', 'NA']",kontraindiceret; forsigtighed,øget bivirkningsrisiko; dosisjustering,"Risiko for overdosering, da eptifibatid udskilles renalt.; Voksne.Dosis bør nedsættes pga. risiko for blødning:Bolusinjektion: 180 mikrogram/kg legemsvægt i.v. Herefter kontinuerlig i.v.infusionaf 1 mikrogram/kg legemsvægt/minut i resten af behandlingsperioden.",True,False
page_08543.html,https://pro.medicin.dk/Medicin/Praeparater/8543#a102,C10AA07,<60 ml/min.; 10-30 ml/min.,"[0, 10]","[59, 30]",≥17 år; 6-17 år,"[17, 6]","[150, 17]",forsigtighed; forsigtighed,dosisjustering; dosisjustering,Initialdosis 5 mg. Kan øges til højst 20 mg dgl.; Initialdosis 5 mg. Kan øges til højst 10 mg dgl.,True,False
page_08544.html,https://pro.medicin.dk/Medicin/Praeparater/8544#a102,C10AA07,<60 ml/min.; 10-30 ml/min.,"[0, 10]","[59, 30]",≥17 år; 6-17 år,"[17, 6]","[150, 17]",forsigtighed; forsigtighed,dosisjustering; dosisjustering,Initialdosis 5 mg. Kan øges til højst 20 mg dgl.; Initialdosis 5 mg. Kan øges til højst 10 mg dgl.,True,False
page_08550.html,https://pro.medicin.dk/Medicin/Praeparater/8550#a102,J07BG01,NA,NA,NA,NA,NA,NA,NA,NA,NA,False,False
page_08551.html,https://pro.medicin.dk/Medicin/Praeparater/8551#a102,L04AC16,NA,NA,NA,NA,NA,NA,NA,NA,NA,False,False
page_08552.html,https://pro.medicin.dk/Medicin/Praeparater/8552#a102,J01CR02,<10 ml/min.,[0],[9],NA,NA,NA,forsigtighed,dosisjustering,"Højst 500 mg/125 mg 3 gange dgl.Ved behandling i kortere tid, op til 1 uge, er der ikke behov for dosisreduktion.",True,False
page_08553.html,https://pro.medicin.dk/Medicin/Praeparater/8553#a102,B05ZB,NA,NA,NA,NA,NA,NA,NA,NA,NA,False,False
page_08555.html,https://pro.medicin.dk/Medicin/Praeparater/8555#a102,C10AA07,<60 ml/min.; 10-30 ml/min.,"[0, 10]","[59, 30]",≥17 år; 6-17 år,"[17, 6]","[150, 17]",forsigtighed; forsigtighed,dosisjustering; dosisjustering,Initialdosis 5 mg. Kan øges til højst 20 mg dgl.; Initialdosis 5 mg. Kan øges til højst 10 mg dgl.,True,False
page_08556.html,https://pro.medicin.dk/Medicin/Praeparater/8556#a102,C10AA07,<60 ml/min.; 10-30 ml/min.,"[0, 10]","[59, 30]",≥17 år; 6-17 år,"[17, 6]","[150, 17]",forsigtighed; forsigtighed,dosisjustering; dosisjustering,Initialdosis 5 mg. Kan øges til højst 20 mg dgl.; Initialdosis 5 mg. Kan øges til højst 10 mg dgl.,True,False
page_08557.html,https://pro.medicin.dk/Medicin/Praeparater/8557#a102,C10AA07,<60 ml/min.; 10-30 ml/min.,"[0, 10]","[59, 30]",≥17 år; 6-17 år,"[17, 6]","[150, 17]",forsigtighed; forsigtighed,dosisjustering; dosisjustering,Initialdosis 5 mg. Kan øges til højst 20 mg dgl.; Initialdosis 5 mg. Kan øges til højst 10 mg dgl.,True,False
page_08558.html,https://pro.medicin.dk/Medicin/Praeparater/8558#a102,C10AA07,<60 ml/min.; 10-30 ml/min.,"[0, 10]","[59, 30]",≥17 år; 6-17 år,"[17, 6]","[150, 17]",forsigtighed; forsigtighed,dosisjustering; dosisjustering,Initialdosis 5 mg. Kan øges til højst 20 mg dgl.; Initialdosis 5 mg. Kan øges til højst 10 mg dgl.,True,False
page_08560.html,https://pro.medicin.dk/Medicin/Praeparater/8560#a102,J01CA11,NA,NA,NA,NA,NA,NA,NA,NA,NA,False,False
page_08562.html,https://pro.medicin.dk/Medicin/Praeparater/8562#a102,R03AL08,NA,NA,NA,NA,NA,NA,NA,NA,NA,False,False
page_08563.html,https://pro.medicin.dk/Medicin/Praeparater/8563#a102,L02AB02,<60 ml/min.,[0],[59],NA,NA,NA,forsigtighed,øget bivirkningsrisiko,Risiko for væskeretention.,True,False
page_08565.html,https://pro.medicin.dk/Medicin/Praeparater/8565#a102,C01CA24,NA,NA,NA,NA,NA,NA,NA,NA,NA,False,False
page_08566.html,https://pro.medicin.dk/Medicin/Praeparater/8566#a102,B03AA07,NA,NA,NA,NA,NA,NA,NA,NA,NA,False,False
page_08567.html,https://pro.medicin.dk/Medicin/Praeparater/8567#a102,N05BB01,<15 ml/min.; <15 ml/min.; <15 ml/min.; <15 ml/min.; 15-50 ml/min.; 15-50 ml/min.; 15-50 ml/min.; 15-50 ml/min.,"[0, 0, 0, 0, 15, 15, 15, 15]","[14, 14, 14, 14, 50, 50, 50, 50]",5-17 år; ≥40 KG; 17-65 år; ≥65 år; 5-17 år; ≥40 KG; 17-65 år; ≥65 år,"[5, 40, 17, 65, 5, 40, 17, 65]","[17, 150, 65, 150, 17, 150, 65, 150]",forsigtighed; forsigtighed; forsigtighed; forsigtighed; forsigtighed; forsigtighed; forsigtighed; forsigtighed,dosisjustering; dosisjustering; dosisjustering; dosisjustering; dosisjustering; dosisjustering; dosisjustering; dosisjustering,"Højst 0,5 mg/kg legemsvægt dgl.; Højst 25 mg dgl.; Højst 25 mg dgl.; Højst 12,5 mg dgl.; Højst 1 mg/kg legemsvægt dgl.; Højst 50 mg dgl.; Højst 50 mg dgl.; Højst 25 mg dgl.",True,False
page_08569.html,https://pro.medicin.dk/Medicin/Praeparater/8569#a102,L04AG08,NA,NA,NA,NA,NA,NA,NA,NA,NA,False,False
page_08571.html,https://pro.medicin.dk/Medicin/Praeparater/8571#a102,A16AX15,NA,NA,NA,NA,NA,NA,NA,NA,NA,False,False
page_08576.html,https://pro.medicin.dk/Medicin/Praeparater/8576#a102,H02AB02,<60 ml/min.,[0],[59],NA,NA,NA,forsigtighed,øget bivirkningsrisiko,"Systemisk anvendelse:Glukokortikoider kan medføre hypernatriæmi, hypokaliæmi, væskeretention og forhøjelse af blodtrykket.",True,False
page_08577.html,https://pro.medicin.dk/Medicin/Praeparater/8577#a102,L01CB01,<60 ml/min.; <50 ml/min.,"[0, 0]","[59, 49]",NA; NA,"['NA', 'NA']","['NA', 'NA']",forsigtighed; forsigtighed,hjælpestoffer; dosisjustering,Koncentrat til infusionsvæske indeholder benzylalkohol der skal bruges med forsigtighed ved nedsat nyre- og leverfunktion. Læs mereher.; GFR 15-50 ml/min:Initialdosis bør nedsættes til 75 % af normaldosis.GFR < 15 ml/min: Yderligere dosisreduktion vil sandsynligvis være nødvendig.Efterfølgende doser bør justeres i henhold til tolerans og klinisk effekt. Tæt monitorering af hæmatologiske parametre tilrådes.,True,False
page_08578.html,https://pro.medicin.dk/Medicin/Praeparater/8578#a102,M05BB03,<30 ml/min.,[0],[29],NA,NA,NA,kontraindiceret,erfaring savnes,"Erfaring savnes ved GFR < 30 ml/min, og anvendelse kan ikke anbefales.",True,False
page_08579.html,https://pro.medicin.dk/Medicin/Praeparater/8579#a102,L01DB06,<30 ml/min.,[0],[29],NA,NA,NA,kontraindiceret,øget bivirkningsrisiko,"Elimination af idarubicin er nedsat, da det udskilles gennem nyrerneog med galden.",True,False
page_08581.html,https://pro.medicin.dk/Medicin/Praeparater/8581#a102,C07AG01,NA,NA,NA,NA,NA,NA,NA,NA,NA,False,False
page_08582.html,https://pro.medicin.dk/Medicin/Praeparater/8582#a102,A04AA01,NA,NA,NA,NA,NA,NA,NA,NA,NA,False,False
page_08583.html,https://pro.medicin.dk/Medicin/Praeparater/8583#a102,L01CD01,NA,NA,NA,NA,NA,NA,NA,NA,NA,False,False
page_08584.html,https://pro.medicin.dk/Medicin/Praeparater/8584#a102,A02BC02,NA,NA,NA,NA,NA,NA,NA,NA,NA,False,False
page_08586.html,https://pro.medicin.dk/Medicin/Praeparater/8586#a102,J05AB14,<10 ml/min.; <10 ml/min.,"[0, 0]","[9, 9]",2-17 år; ≥17 år,"[2, 17]","[17, 150]",forsigtighed; forsigtighed,dosisjustering; dosisjustering,Højst 70 mg pr. m2legemsoverflade i døgnet.; Behandling af CMV: 200 mg 3 gange om ugen efter dialyse.; Forebyggelse af CMV: 100 mg 3 gange om ugen efter dialyse.: 100 mg 3 gange om ugen efter dialyse.,True,True
page_08587.html,https://pro.medicin.dk/Medicin/Praeparater/8587#a102,M05BA08,<60 ml/min.,[0],[59],NA,NA,NA,forsigtighed,betinget,Tumorinduceret hypercalcæmi:Fordele og risici ved behandling bør nøje overvejes ved GFR < 30 ml/min. Dosisjustering er ikke nødvendig ved GFR > 30 ml/min.Fremskreden malign sygdom og knoglemetastaser:Dosis skal nedsættes ved GFR 30-60 ml/min. Erfaring savnes ved GFR < 30 ml/min.,True,False
page_08589.html,https://pro.medicin.dk/Medicin/Praeparater/8589#a102,C01EA01,NA,NA,NA,NA,NA,NA,NA,NA,NA,False,False
page_08590.html,https://pro.medicin.dk/Medicin/Praeparater/8590#a102,L01XX35,<50 ml/min.; 50-60 ml/min.,"[0, 50]","[49, 60]",NA; NA,"['NA', 'NA']","['NA', 'NA']",kontraindiceret; forsigtighed,øget bivirkningsrisiko; monitorering,"Risiko for akkumulation, da det primært udskilles gennem nyrerne.; Tæt monitorering af nyrefunktionen tilrådes, især i starten af behandlingen.",True,False
page_08591.html,https://pro.medicin.dk/Medicin/Praeparater/8591#a102,N05AF05,NA,NA,NA,NA,NA,NA,NA,NA,NA,False,False
page_08592.html,https://pro.medicin.dk/Medicin/Praeparater/8592#a102,B02BD02,NA,NA,NA,NA,NA,NA,NA,NA,NA,False,False
page_08594.html,https://pro.medicin.dk/Medicin/Praeparater/8594#a102,B01AC06,<60 ml/min.,[0],[59],NA,NA,NA,forsigtighed,øget bivirkningsrisiko,Forsigtighed pga. øget risiko for bivirkninger. Behandlingen bør vurderes regelmæssigt.,True,False
page_08596.html,https://pro.medicin.dk/Medicin/Praeparater/8596#a102,J05AR06,<50 ml/min.,[0],[49],"Kombinationspræparatet er uegnet pga. manglende mulighed for individuel dosisreduktion.For enkeltstofferne gælder flg. retningslinjer:Efavirenz:Ingen dosisjusteringEmtricitabin:GFR 15-30 ml/min: Dosis nedsættes til 200 mg hver 72. time.GFR < 15 ml/min: Dosis nedsættes til 200 mg hver 96. time.Tenofovirdisoproxil:GFRml/minutDosis (voksne)30-50132 mg 1 gang dgl.20-3066 mg 1 gang dgl.10-2033 mg 1 gang dgl.< 10Bør kun anvendes i forbindelse med dialyse: 16,5 mg efter afslutning af hver 4-timers dialyseBemærk:GFR < 50 ml/min. Nyrefunktionen skal følges tæt.GFR < 30 ml/min: Bør ikke anvendes, medmindre der ikke findes alternativ behandling.Børn: Bør ikke anvendes.",,,forsigtighed,dosisjustering,"30-50: 132 mg 1 gang dgl.; 20-30: 66 mg 1 gang dgl.; 10-20: 33 mg 1 gang dgl.; < 10: Bør kun anvendes i forbindelse med dialyse: 16,5 mg efter afslutning af hver 4-timers dialyse; Bemærk:GFR < 50 ml/min. Nyrefunktionen skal følges tæt.GFR < 30 ml/min: Bør ikke anvendes, medmindre der ikke findes alternativ behandling.Børn: Bør ikke anvendes.: Bemærk:GFR < 50 ml/min. Nyrefunktionen skal følges tæt.GFR < 30 ml/min: Bør ikke anvendes, medmindre der ikke findes alternativ behandling.Børn: Bør ikke anvendes.",True,True
page_08597.html,https://pro.medicin.dk/Medicin/Praeparater/8597#a102,J05AX18,<60 ml/min.,[0],[59],NA,NA,NA,forsigtighed,betinget,Bør ikke anvendes ved samtidig moderat nedsat leverfunktion (Child-Pugh B eller C).Erfaring savnes vedr. nyresygdom i slutstadiet med eller uden dialyse.,True,False
page_08600.html,https://pro.medicin.dk/Medicin/Praeparater/8600#a102,N01AF03,<30 ml/min.,[0],[29],NA,NA,NA,forsigtighed,dosisjustering,Forsigtig dosistitrering og længere postoperativ observation.,True,False
page_08601.html,https://pro.medicin.dk/Medicin/Praeparater/8601#a102,H02AB08,<60 ml/min.,[0],[59],NA,NA,NA,forsigtighed,hjælpestoffer,"Systemisk anvendelse:Glukokortikoider kan medføre hypernatriæmi, hypokaliæmi, væskeretention og forhøjelse af blodtrykket.Indeholder benzylalkoholder skal bruges med forsigtighed ved nedsat nyre- og leverfunktion. Læs mereher.",True,False
page_08602.html,https://pro.medicin.dk/Medicin/Praeparater/8602#a102,L01CA04,NA,NA,NA,NA,NA,NA,NA,NA,NA,False,False
page_08604.html,https://pro.medicin.dk/Medicin/Praeparater/8604#a102,R03DX10,NA,NA,NA,NA,NA,NA,NA,NA,NA,False,False
page_08606.html,https://pro.medicin.dk/Medicin/Praeparater/8606#a102,N06DA03,NA,NA,NA,NA,NA,NA,NA,NA,NA,False,False
page_08607.html,https://pro.medicin.dk/Medicin/Praeparater/8607#a102,G04BE01,NA,NA,NA,NA,NA,NA,NA,NA,NA,False,False
page_08610.html,https://pro.medicin.dk/Medicin/Praeparater/8610#a102,N02AE01,NA,NA,NA,NA,NA,NA,NA,NA,NA,False,False
page_08611.html,https://pro.medicin.dk/Medicin/Praeparater/8611#a102,B01AC04,NA,NA,NA,NA,NA,NA,NA,NA,NA,False,False
page_08613.html,https://pro.medicin.dk/Medicin/Praeparater/8613#a102,C01EB17,<15 ml/min.,[0],[14],NA,NA,NA,forsigtighed,erfaring savnes,Dosisjustering er ikke nødvendig ved GFR > 15 ml/min. Erfaring savnes ved GFR < 15 ml/min.,True,False
page_08615.html,https://pro.medicin.dk/Medicin/Praeparater/8615#a102,B02AA02,<10 ml/min.; 10-50 ml/min.,"[0, 10]","[9, 50]",≥2 år; ≥2 år,"[2, 2]","[150, 150]",forsigtighed; forsigtighed,dosisjustering; dosisjustering,"Højst 12,5 mg pr. kg legemsvægt dgl.; Højst 25 mg pr. kg legemsvægt 2 gange dgl.",True,False
page_08619.html,https://pro.medicin.dk/Medicin/Praeparater/8619#a102,B02BX06,NA,NA,NA,NA,NA,NA,NA,NA,NA,False,False
page_08624.html,https://pro.medicin.dk/Medicin/Praeparater/8624#a102,C10AA07,<60 ml/min.; 10-30 ml/min.,"[0, 10]","[59, 30]",≥17 år; 6-17 år,"[17, 6]","[150, 17]",forsigtighed; forsigtighed,dosisjustering; dosisjustering,Initialdosis 5 mg. Kan øges til højst 20 mg dgl.; Initialdosis 5 mg. Kan øges til højst 10 mg dgl.,True,False
page_08625.html,https://pro.medicin.dk/Medicin/Praeparater/8625#a102,N06AB06,NA,NA,NA,NA,NA,NA,NA,NA,NA,False,False
page_08626.html,https://pro.medicin.dk/Medicin/Praeparater/8626#a102,L01XK02,<30 ml/min.,[0],[29],NA,NA,NA,forsigtighed,erfaring savnes,"Dosisjustering er ikke nødvendig ved let til moderat nedsat nyrefunktion. Erfaring savnes ved GFR < 30 ml/min. Der findes ingen data, og forsigtighed tilrådes.",True,False
page_08684.html,https://pro.medicin.dk/Medicin/Praeparater/8684#a102,G04BX15,NA,NA,NA,NA,NA,NA,NA,NA,NA,False,False
page_08685.html,https://pro.medicin.dk/Medicin/Praeparater/8685#a102,C10AX09,NA,NA,NA,NA,NA,NA,NA,NA,NA,False,False
page_08686.html,https://pro.medicin.dk/Medicin/Praeparater/8686#a102,C10AX09,NA,NA,NA,NA,NA,NA,NA,NA,NA,False,False
page_08687.html,https://pro.medicin.dk/Medicin/Praeparater/8687#a102,C10AX09,NA,NA,NA,NA,NA,NA,NA,NA,NA,False,False
page_08688.html,https://pro.medicin.dk/Medicin/Praeparater/8688#a102,C10AX09,NA,NA,NA,NA,NA,NA,NA,NA,NA,False,False
page_08689.html,https://pro.medicin.dk/Medicin/Praeparater/8689#a102,C10AX09,NA,NA,NA,NA,NA,NA,NA,NA,NA,False,False
page_08690.html,https://pro.medicin.dk/Medicin/Praeparater/8690#a102,G03AA07,NA,NA,NA,NA,NA,NA,NA,NA,NA,False,False
page_08691.html,https://pro.medicin.dk/Medicin/Praeparater/8691#a102,A06AD65,<30 ml/min.,[0],[29],NA,NA,NA,forsigtighed,monitorering,Elektrolyt- og væskebalancen bør overvåges.,True,False
page_08692.html,https://pro.medicin.dk/Medicin/Praeparater/8692#a102,R03AK06,NA,NA,NA,NA,NA,NA,NA,NA,NA,False,False
page_08693.html,https://pro.medicin.dk/Medicin/Praeparater/8693#a102,H03AA01,NA,NA,NA,NA,NA,NA,NA,NA,NA,False,False
page_08695.html,https://pro.medicin.dk/Medicin/Praeparater/8695#a102,A10BD19,30-60 ml/min.,[30],[60],≥18 år,[18],[150],forsigtighed,dosisjustering,Højst 1 tablet (10 mg empagliflozin og 5 mg linagliptin) 1 gang dgl. Yderligere glucosesænkende behandling bør overvejes pga. reduceret glucosesænkende virkning af empagliflozin.For enkeltstofferne gælder:Empagliflozin:GFR 30-60 ml/min.Højst 10 mg 1 gang dgl.GFR < 30 ml/min.Behandling bør ikke initieres som antidiabetikum. Igangværende behandling kan fortsættes uændret pga. nyrebeskyttende effekt.LinagliptinDosisjustering ikke nødvendig.,True,False
page_08697.html,https://pro.medicin.dk/Medicin/Praeparater/8697#a102,D05BB02,<30 ml/min.,[0],[29],NA,NA,NA,kontraindiceret,erfaring savnes,Kontraindiceret pga. manglende data.,True,False
page_08698.html,https://pro.medicin.dk/Medicin/Praeparater/8698#a102,R06AX29,NA,NA,NA,NA,NA,NA,NA,NA,NA,False,False
page_08699.html,https://pro.medicin.dk/Medicin/Praeparater/8699#a102,A16AB17,NA,NA,NA,NA,NA,NA,NA,NA,NA,False,False
page_08700.html,https://pro.medicin.dk/Medicin/Praeparater/8700#a102,N07XX11,<60 ml/min.; <60 ml/min.,"[0, 0]","[59, 59]",6-18 år; ≥18 år,"[6, 18]","[18, 150]",forsigtighed; forsigtighed,dosisjustering; dosisjustering,Højst 18 mg dgl.; Højst 18 mg dgl.,True,False
page_08703.html,https://pro.medicin.dk/Medicin/Praeparater/8703#a102,N07BC51,<30 ml/min.,[0],[29],NA,NA,NA,forsigtighed,øget bivirkningsrisiko,Buprenorphin: Risiko for ophobning af aktive metabolitter.,True,False
page_08705.html,https://pro.medicin.dk/Medicin/Praeparater/8705#a102,N04BA02,NA,NA,NA,NA,NA,NA,NA,NA,NA,False,False
page_08714.html,https://pro.medicin.dk/Medicin/Praeparater/8714#a102,A10BJ06,<10 ml/min.; 10-30 ml/min.,"[0, 10]","[9, 30]",NA; NA,"['NA', 'NA']","['NA', 'NA']",forsigtighed; forsigtighed,ingen eller begrænset erfaring; ingen eller begrænset erfaring,Semaglutid anbefales ikke til patienter med nyresygdom i slutstadiet.; Begrænset erfaring.,True,False
page_08715.html,https://pro.medicin.dk/Medicin/Praeparater/8715#a102,R06AX29,NA,NA,NA,NA,NA,NA,NA,NA,NA,False,False
page_08716.html,https://pro.medicin.dk/Medicin/Praeparater/8716#a102,A07DA02,<30 ml/min.,[0],[29],≥18 år,[18],[150],forsigtighed,dosisjustering,Elimination af opium reduceres og forsinkes ved nedsat nyrefunktion. Højst 30 mg dgl.,True,False
page_08718.html,https://pro.medicin.dk/Medicin/Praeparater/8718#a102,D07CC01,NA,NA,NA,NA,NA,NA,NA,NA,NA,False,False
page_08719.html,https://pro.medicin.dk/Medicin/Praeparater/8719#a102,A12BA01,<30 ml/min.; 30-60 ml/min.,"[0, 30]","[29, 60]",NA; NA,"['NA', 'NA']","['NA', 'NA']",forsigtighed; forsigtighed,øget bivirkningsrisiko; monitorering,Forsigtighed pga. risiko for hyperkaliæmi. Hyppig kontrol af P-kalium.; Hyppig kontrol af P-kalium.,True,False
page_08720.html,https://pro.medicin.dk/Medicin/Praeparater/8720#a102,H02AB02,<60 ml/min.,[0],[59],NA,NA,NA,forsigtighed,øget bivirkningsrisiko,"Systemisk anvendelse:Glukokortikoider kan medføre hypernatriæmi, hypokaliæmi, væskeretention og forhøjelse af blodtrykket.",True,False
page_08722.html,https://pro.medicin.dk/Medicin/Praeparater/8722#a102,V03AB15,NA,NA,NA,NA,NA,NA,NA,NA,NA,False,False
page_08723.html,https://pro.medicin.dk/Medicin/Praeparater/8723#a102,L04AC14,<30 ml/min.,[0],[29],NA,NA,NA,forsigtighed,erfaring savnes,Dosisjustering er ikke nødvendig ved let til moderat nedsat nyrefunktion. Erfaring savnes ved GFR < 30 ml/min. Der findes ingen data.,True,False
page_08730.html,https://pro.medicin.dk/Medicin/Praeparater/8730#a102,L01FX02,<30 ml/min.,[0],[29],NA,NA,NA,forsigtighed,erfaring savnes,Dosisjustering er ikke nødvendig ved let til moderat nedsat nyrefunktion. Erfaring savnes ved GFR < 30 ml/min.  Der findes ingen data.,True,False
page_08731.html,https://pro.medicin.dk/Medicin/Praeparater/8731#a102,N03AF01,NA,NA,NA,NA,NA,NA,NA,NA,NA,False,False
page_08732.html,https://pro.medicin.dk/Medicin/Praeparater/8732#a102,B02BB01,NA,NA,NA,NA,NA,NA,NA,NA,NA,False,False
page_08733.html,https://pro.medicin.dk/Medicin/Praeparater/8733#a102,C09DA04,<30 ml/min.,[0],[29],NA,NA,NA,forsigtighed,monitorering,Tæt monitorering af P-kalium og P-kreatinin pga. indhold af hydrochlorthiazid.,True,False
page_08734.html,https://pro.medicin.dk/Medicin/Praeparater/8734#a102,N01BB03,<30 ml/min.,[0],[29],NA,NA,NA,forsigtighed,øget bivirkningsrisiko,Forsigtighed tilrådes ved langvarig eller gentagen administration.,True,False
page_08735.html,https://pro.medicin.dk/Medicin/Praeparater/8735#a102,D07AC13,NA,NA,NA,NA,NA,NA,NA,NA,NA,False,False
page_08736.html,https://pro.medicin.dk/Medicin/Praeparater/8736#a102,N04BC05,<30 ml/min.,[0],[29],≥18 år,[18],[150],forsigtighed,dosisjustering,"Parkinsons sygdom: Depottabletter bør ikke anvendes pga. manglende erfaring ved GFR < 30 ml/min.Almindelige tabletter kan anvendes.Højst 1,1 mg dgl.; Restless legs: Depottabletter bør ikke anvendes.Almindelige tabletter kan anvendes.Højst 0,54 mg dgl.: Depottabletter bør ikke anvendes.Almindelige tabletter kan anvendes.Højst 0,54 mg dgl.",True,True
page_08737.html,https://pro.medicin.dk/Medicin/Praeparater/8737#a102,L01BB02,NA,NA,NA,NA,NA,NA,NA,NA,NA,False,False
page_08739.html,https://pro.medicin.dk/Medicin/Praeparater/8739#a102,R02AX01,<30 ml/min.,[0],[29],NA,NA,NA,kontraindiceret,øget bivirkningsrisiko,Prostaglandiner har betydning for opretholdelse af normal nyregennemblødning. NSAID's hæmning af prostaglandinsyntesen kan derfor forårsage nedsat nyregennemblødning og dermed forværret nyrefunktion.,True,False
page_08743.html,https://pro.medicin.dk/Medicin/Praeparater/8743#a102,C10AX09,NA,NA,NA,NA,NA,NA,NA,NA,NA,False,False
page_08744.html,https://pro.medicin.dk/Medicin/Praeparater/8744#a102,J05AR21,<30 ml/min.,[0],[29],NA,NA,NA,forsigtighed,betinget,"Behandlingen må kun kombineres med CYP3A-inhibitor, hvis fordele opvejer risici.Ved svært nedsat nyrefunktion eller terminal nyresygdom bør dolutegravir/rilpivirin anvendes med forsigtighed, da plasmakoncentrationer af rilpivirin kan øges sekundært til nyreinsufficiens.",True,False
page_08745.html,https://pro.medicin.dk/Medicin/Praeparater/8745#a102,C01CE02,<50 ml/min.,[0],[49],"VoksneStartdosis påvirkes ikke, men vedligeholdelsesdosis nedsættes ved GFR ≤ 50 ml/min.GFR(ml/min)Dosis(mikrogram/kg/min)40 - 500,4330 - 400,3820 - 300,3310 - 200,285 - 100,23< 50,20BørnBør ikke anvendes til børn med nedsat nyrefunktion pga. manglende data.",,,forsigtighed,dosisjustering,"40 - 50: 0,43; 30 - 40: 0,38; 20 - 30: 0,33; 10 - 20: 0,28; 5 - 10: 0,23; < 5: 0,20: 0,20",True,True
page_08746.html,https://pro.medicin.dk/Medicin/Praeparater/8746#a102,N02BA51,<10 ml/min.; 10-60 ml/min.,"[0, 10]","[9, 60]",NA; NA,"['NA', 'NA']","['NA', 'NA']",kontraindiceret; forsigtighed,øget bivirkningsrisiko; øget bivirkningsrisiko,Kontraindiceret pga. acetylsalicylsyre.; Forsigtighed pga. øget risiko for bivirkninger af acetylsalicylsyre.,True,False
page_08769.html,https://pro.medicin.dk/Medicin/Praeparater/8769#a102,R05X,<90 ml/min.,[0],[89],NA,NA,NA,forsigtighed,NA,Erfaring savnes.,True,False
page_08770.html,https://pro.medicin.dk/Medicin/Praeparater/8770#a102,M01AX,NA,NA,NA,NA,NA,NA,NA,NA,NA,False,False
page_08771.html,https://pro.medicin.dk/Medicin/Praeparater/8771#a102,N06DX02,<60 ml/min.,[0],[59],NA,NA,NA,forsigtighed,erfaring savnes,Erfaring savnes.,True,False
page_08773.html,https://pro.medicin.dk/Medicin/Praeparater/8773#a102,C05CX03,<60 ml/min.,[0],[59],NA,NA,NA,forsigtighed,erfaring savnes,Forsigtighed tilrådes.,True,False
page_08774.html,https://pro.medicin.dk/Medicin/Praeparater/8774#a102,R05CA,<30 ml/min.,[0],[29],NA,NA,NA,kontraindiceret,NA,Kontraindiceret ved stærkt nedsat nyrefunktion pga. indholdet af lakrids.,True,False
page_08775.html,https://pro.medicin.dk/Medicin/Praeparater/8775#a102,A06AC01,<60 ml/min.,[0],[59],NA,NA,NA,forsigtighed,erfaring savnes,"Det vides ikke, om nedsat nyrefunktion indebærer, at der skal udvises forsigtighed.",True,False
page_08776.html,https://pro.medicin.dk/Medicin/Praeparater/8776#a102,A07FA01,NA,NA,NA,NA,NA,NA,NA,NA,NA,False,False
page_08777.html,https://pro.medicin.dk/Medicin/Praeparater/8777#a102,A03AX15,<60 ml/min.,[0],[59],NA,NA,NA,forsigtighed,ingen eller begrænset erfaring,Der foreligger ingen data om doseringsvejledning i tilfælde af nedsat nyrefunktion.,True,False
page_08778.html,https://pro.medicin.dk/Medicin/Praeparater/8778#a102,N06AX25,<60 ml/min.,[0],[59],NA,NA,NA,forsigtighed,erfaring savnes,Erfaring savnes.,True,False
page_08779.html,https://pro.medicin.dk/Medicin/Praeparater/8779#a102,N06,<60 ml/min.,[0],[59],NA,NA,NA,forsigtighed,erfaring savnes,Erfaring savnes.,True,False
page_08780.html,https://pro.medicin.dk/Medicin/Praeparater/8780#a102,G04CX02,<60 ml/min.,[0],[59],NA,NA,NA,forsigtighed,erfaring savnes,Erfaring savnes.,True,False
page_08782.html,https://pro.medicin.dk/Medicin/Praeparater/8782#a102,G02CX04,<60 ml/min.,[0],[59],NA,NA,NA,forsigtighed,erfaring savnes,Erfaring savnes.,True,False
page_08783.html,https://pro.medicin.dk/Medicin/Praeparater/8783#a102,J01X,<60 ml/min.,[0],[59],NA,NA,NA,forsigtighed,erfaring savnes,Erfaring savnes.,True,False
page_08784.html,https://pro.medicin.dk/Medicin/Praeparater/8784#a102,N05CM09,<60 ml/min.,[0],[59],NA,NA,NA,forsigtighed,erfaring savnes,Erfaring savnes.,True,False
page_08786.html,https://pro.medicin.dk/Medicin/Praeparater/8786#a102,R05X,<60 ml/min.,[0],[59],NA,NA,NA,forsigtighed,erfaring savnes,"Det vides ikke, om nedsat nyrefunktion indebærer, at der skal udvises forsigtighed.",True,False
page_08788.html,https://pro.medicin.dk/Medicin/Praeparater/8788#a102,C04A,<60 ml/min.,[0],[59],NA,NA,NA,forsigtighed,erfaring savnes,Erfaring savnes.,True,False
page_08790.html,https://pro.medicin.dk/Medicin/Praeparater/8790#a102,R05C,<60 ml/min.,[0],[59],NA,NA,NA,forsigtighed,erfaring savnes,Erfaring savnes.,True,False
page_08793.html,https://pro.medicin.dk/Medicin/Praeparater/8793#a102,R05X,<60 ml/min.,[0],[59],NA,NA,NA,forsigtighed,erfaring savnes,Erfaring savnes.,True,False
page_08794.html,https://pro.medicin.dk/Medicin/Praeparater/8794#a102,A11DA01,NA,NA,NA,NA,NA,NA,NA,NA,NA,False,False
page_08795.html,https://pro.medicin.dk/Medicin/Praeparater/8795#a102,A11EA,NA,NA,NA,NA,NA,NA,NA,NA,NA,False,False
page_08800.html,https://pro.medicin.dk/Medicin/Praeparater/8800#a102,A11GA01,<60 ml/min.,[0],[59],NA,NA,NA,forsigtighed,øget bivirkningsrisiko,"Forsigtighed pga. risiko for udfældninger af cystein, urat og oxalat.",True,False
page_08803.html,https://pro.medicin.dk/Medicin/Praeparater/8803#a102,A11HA03,NA,NA,NA,NA,NA,NA,NA,NA,NA,False,False
page_08807.html,https://pro.medicin.dk/Medicin/Praeparater/8807#a102,B03AA02,NA,NA,NA,NA,NA,NA,NA,NA,NA,False,False
page_08809.html,https://pro.medicin.dk/Medicin/Praeparater/8809#a102,A12CE,<60 ml/min.,[0],[59],NA,NA,NA,forsigtighed,erfaring savnes,Erfaring savnes.,True,False
page_08811.html,https://pro.medicin.dk/Medicin/Praeparater/8811#a102,C01EB09,<60 ml/min.,[0],[59],NA,NA,NA,forsigtighed,erfaring savnes,Erfaring savnes.,True,False
page_08819.html,https://pro.medicin.dk/Medicin/Praeparater/8819#a102,M05BA06,<30 ml/min.,[0],[29],NA,NA,NA,forsigtighed,erfaring savnes,"Erfaring savnes ved GFR < 30 ml/min, og anvendelse kan ikke anbefales.",True,False
page_08820.html,https://pro.medicin.dk/Medicin/Praeparater/8820#a102,N02AE01,NA,NA,NA,NA,NA,NA,NA,NA,NA,False,False
page_08821.html,https://pro.medicin.dk/Medicin/Praeparater/8821#a102,G03XX01,NA,NA,NA,NA,NA,NA,NA,NA,NA,False,False
page_08822.html,https://pro.medicin.dk/Medicin/Praeparater/8822#a102,M01AE01,<30 ml/min.; 30-60 ml/min.,"[0, 30]","[29, 60]",NA; NA,"['NA', 'NA']","['NA', 'NA']",kontraindiceret; forsigtighed,øget bivirkningsrisiko; monitorering,"Prostaglandiner har betydning for opretholdelse af normal nyregennemblødning. NSAID's hæmning af prostaglandinsyntesen kan derfor forårsage nedsat nyregennemblødning og dermed forværret nyrefunktion.; Startdosis bør reduceres og holdes så lav som muligt i så kort tid, som det er nødvendigt for at kontrollere symptomerne. Tæt monitorering af nyrefunktionen tilrådes.Prostaglandiner har betydning for opretholdelse af normal nyregennemblødning. NSAID's hæmning af prostaglandinsyntesen kan derfor forårsage nedsat nyregennemblødning og dermed forværret nyrefunktion.",True,False
page_08823.html,https://pro.medicin.dk/Medicin/Praeparater/8823#a102,C01EB17,<15 ml/min.,[0],[14],NA,NA,NA,forsigtighed,erfaring savnes,Dosisjustering er ikke nødvendig ved GFR > 15 ml/min. Erfaring savnes ved GFR < 15 ml/min.,True,False
page_08825.html,https://pro.medicin.dk/Medicin/Praeparater/8825#a102,N05AX13,10-50 ml/min.; 10-50 ml/min.; 10-50 ml/min.; 50-80 ml/min.; 50-80 ml/min.; 50-80 ml/min.,"[10, 10, 10, 50, 50, 50]","[50, 50, 50, 80, 80, 80]",15-17 år; ≥51 KG; ≥17 år; 15-17 år; ≥51 KG; ≥17 år,"[15, 51, 17, 15, 51, 17]","[17, 150, 150, 17, 150, 150]",forsigtighed; forsigtighed; forsigtighed; forsigtighed; forsigtighed; forsigtighed,dosisjustering; dosisjustering; dosisjustering; dosisjustering; dosisjustering; dosisjustering,Højst 3 mg hver 2. dag.; Initialdosis 3 mg hver 2. dag. Dosis kan øges til højst 3 mg dgl.; Initialdosis 3 mg hver 2. dag. Dosis kan øges til højst 3 mg dgl.; Initialdosis 3 mg hver 2. dag. Dosis kan øges til højst 3 mg dgl.; Initialdosis 3 mg dgl. Dosis kan øges til højst 6 mg dgl.; Initialdosis 3 mg dgl. Dosis kan øges til højst 6 mg dgl.,True,False
page_08827.html,https://pro.medicin.dk/Medicin/Praeparater/8827#a102,A02BC04,NA,NA,NA,NA,NA,NA,NA,NA,NA,False,False
page_08830.html,https://pro.medicin.dk/Medicin/Praeparater/8830#a102,A03AB02,<30 ml/min.; 30-90 ml/min.,"[0, 30]","[29, 90]",NA; NA,"['NA', 'NA']","['NA', 'NA']",kontraindiceret; forsigtighed,NA; dosisjustering,"Glycopyrron udskilles hovedsageligt gennem nyrerne, og virkningen er alvorligt svækket ved stærkt nedsat nyrefunktion.; Dosis bør nedsættes til 70% af normaldosis.",True,False
page_08832.html,https://pro.medicin.dk/Medicin/Praeparater/8832#a102,G04BE08,<30 ml/min.,[0],[29],≥17 år,[17],[150],forsigtighed,dosisjustering,Erektil dysfunktion: Højst 10 mg ved behov og højst hv. 3. dag.; Prostata hyperplasi: Kontraindiceret; Pulmonal arteriel hypertension: Kontraindiceret: Kontraindiceret,True,True
page_08833.html,https://pro.medicin.dk/Medicin/Praeparater/8833#a102,N02AX02,<10 ml/min.; 10-20 ml/min.,"[0, 10]","[9, 20]",≥12 år; ≥12 år,"[12, 12]","[150, 150]",forsigtighed; forsigtighed,dosisjustering; dosisjustering,Højst 50 mg 2 gange dgl.; Højst 100 mg 2 gange dgl.,True,False
page_08836.html,https://pro.medicin.dk/Medicin/Praeparater/8836#a102,J05AR20,<30 ml/min.,[0],[29],NA,NA,NA,kontraindiceret,NA,"Kombinationspræparatet er uegnet pga. manglende mulighed for individuel dosisreduktion.For enkeltstofferne gælder flg. retningslinjer:Tenofoviralafenamid:GFR < 30 ml/min: Begrænset erfaring, da der ikke foreligger sikkerhedsdata.GFR < 15 ml/min: Bør kun anvendes i forbindelse med hæmodialyse.Emtricitabin:GFR 0-15 ml/min: Voksne og børn ≥ 33 kg. Dosis nedsættes til 200 mg hver 96. time.GFR 15-30 ml/min. Voksne og børn ≥ 33 kg. Dosis nedsættes til 200 mg hver 72. time.Bictegravir:Findes ikke som enkeltpræparat.",True,False
page_08837.html,https://pro.medicin.dk/Medicin/Praeparater/8837#a102,J01XX01,40-80 ml/min.; ≤40 ml/min.,"[40, 0]","[80, 40]","NA; Dosis skal nedsættes jf. flg. retningslinjer:GFRVoksne40 ml/minutDøgndosis nedsættes til 70% af normaldosis fordelt på 2-3 doser.30 ml/minutDøgndosis nedsættes til 60% af normaldosis fordelt på 2-3 doser.20 ml/minutDøgndosis nedsættes til 40% af normaldosis fordelt på 2-3 doser.10 ml/minutDøgndosis nedsættes til 20% af normaldosis fordelt på 1-2 doser.Ved første dosering gives dobbelt dosis ift. ovenstående, dog højst 8 g.Patienter i nyretransplantationKronisk intermitterende hæmodialyse (48 timer)2 g i slutningen af hver dialyse.Efter fortynding CVVHF (kontinuerlig venovenøs hæmodiafiltrering)Dosering som ved normal nyrefunktion.Børn:Der findes ingen dosisanbefaling for børn med nedsat nyrefunktion.",['NA'],['NA'],forsigtighed; forsigtighed,betinget; dosisjustering,"Forsigtighed tilrådes, især hvis der overvejes en dosering i den høje ende af det anbefalede område.; 40 ml/minut: Døgndosis nedsættes til 70% af normaldosis fordelt på 2-3 doser.; 30 ml/minut: Døgndosis nedsættes til 60% af normaldosis fordelt på 2-3 doser.; 20 ml/minut: Døgndosis nedsættes til 40% af normaldosis fordelt på 2-3 doser.; 10 ml/minut: Døgndosis nedsættes til 20% af normaldosis fordelt på 1-2 doser.; Ved første dosering gives dobbelt dosis ift. ovenstående, dog højst 8 g.: Ved første dosering gives dobbelt dosis ift. ovenstående, dog højst 8 g.",True,True
page_08838.html,https://pro.medicin.dk/Medicin/Praeparater/8838#a102,C07AB14,NA,NA,NA,NA,NA,NA,NA,NA,NA,False,False
page_08843.html,https://pro.medicin.dk/Medicin/Praeparater/8843#a102,N05CF01,NA,NA,NA,NA,NA,NA,NA,NA,"Dosisjustering, GFR < 10 ml/min., Initialdosis 3,75 mg 15-30 min. før sengetid, evt. stigende til 7,5 mg.",True,False
page_08844.html,https://pro.medicin.dk/Medicin/Praeparater/8844#a102,N03AD01,<45 ml/min.,[0],[44],NA,NA,NA,forsigtighed,monitorering,"Forsigtighed tilrådes. Det anbefales at udføre løbende urinanalyse, da undersøgelser har vist unormal nyrefunktion.",True,False
page_08852.html,https://pro.medicin.dk/Medicin/Praeparater/8852#a102,B03BB01,NA,NA,NA,NA,NA,NA,NA,NA,NA,False,False
page_08853.html,https://pro.medicin.dk/Medicin/Praeparater/8853#a102,L01FD01,NA,NA,NA,NA,NA,NA,NA,NA,NA,False,False
page_08855.html,https://pro.medicin.dk/Medicin/Praeparater/8855#a102,C08CA01,NA,NA,NA,NA,NA,NA,NA,NA,NA,False,False
page_08856.html,https://pro.medicin.dk/Medicin/Praeparater/8856#a102,C01DA14,NA,NA,NA,NA,NA,NA,NA,NA,NA,False,False
page_08857.html,https://pro.medicin.dk/Medicin/Praeparater/8857#a102,A16AB15,NA,NA,NA,NA,NA,NA,NA,NA,NA,False,False
page_08859.html,https://pro.medicin.dk/Medicin/Praeparater/8859#a102,N03AX15,NA,NA,NA,NA,NA,NA,NA,NA,"Forsigtighed ved nedsat nyrefunktion, en langsommere titrering af zonisamid kan være påkrævet., Da zonisamid og dets metabolitter udskilles renalt, bør det seponeres ved akut nyreinsufficiens eller hvor der observeres et klinisk betydningsfuld fald i eGFR.",True,False
page_08863.html,https://pro.medicin.dk/Medicin/Praeparater/8863#a102,L02BG04,<10 ml/min.,[0],[9],NA,NA,NA,forsigtighed,erfaring savnes,Dosisjustering er ikke nødvendig ved GFR > 10 ml/min. Erfaring savnes ved GFR < 10 ml/min. Der findes ingen data.,True,False
page_08864.html,https://pro.medicin.dk/Medicin/Praeparater/8864#a102,N03AX14,<30 ml/min.; <30 ml/min.; <30 ml/min.; 30-50 ml/min.; 30-50 ml/min.; 30-50 ml/min.; 50-80 ml/min.; 50-80 ml/min.; 50-80 ml/min.,"[0, 0, 0, 30, 30, 30, 50, 50, 50]","[29, 29, 29, 50, 50, 50, 80, 80, 80]",2-17 år; 12-17 år; ≥17 år; 2-17 år; 12-17 år; ≥17 år; 2-17 år; 12-17 år; ≥17 år,"[2, 12, 17, 2, 12, 17, 2, 12, 17]","[17, 17, 150, 17, 17, 150, 17, 17, 150]",forsigtighed; forsigtighed; forsigtighed; forsigtighed; forsigtighed; forsigtighed; forsigtighed; forsigtighed; forsigtighed,dosisjustering; dosisjustering; dosisjustering; dosisjustering; dosisjustering; dosisjustering; dosisjustering; dosisjustering; dosisjustering,Højst 20 mg pr. kg legemsvægt dgl.; Højst 1.000 mg dgl.Samme dosis til patienter i dialyse. Efter dialyse anbefales 250 mg til 500 mg som supplerende dosis.; Højst 1.000 mg dgl.Samme dosis til patienter i dialyse. Efter dialyse anbefales 250 mg til 500 mg som supplerende dosis.; Højst 30 mg pr. kg legemsvægt dgl.; Højst 1.500 mg dgl.; Højst 1.500 mg dgl.; Højst 40 mg pr. kg legemsvægt dgl.; Højst 2.000 mg dgl.; Højst 2.000 mg dgl.,True,False
page_08865.html,https://pro.medicin.dk/Medicin/Praeparater/8865#a102,A02BC02,NA,NA,NA,NA,NA,NA,NA,NA,NA,False,False
page_08867.html,https://pro.medicin.dk/Medicin/Praeparater/8867#a102,V03AE10,NA,NA,NA,NA,NA,NA,NA,NA,NA,False,False
page_08871.html,https://pro.medicin.dk/Medicin/Praeparater/8871#a102,N05AH02,<10 ml/min.; 10-50 ml/min.,"[0, 10]","[9, 50]",NA; NA,"['NA', 'NA']","['NA', 'NA']",forsigtighed; forsigtighed,dosisjustering; dosisjustering,Dosisreduktion kan være nødvendig ved signifikant nedsat nyrefunktion(5918). Ved GFR < 10 ml/min. bør behandlingen initieres med lavest anbefalede dosis og langsom op-titrering anbefales(5273). Angivet som kontraindiceret ved svære nyreforstyrrelser i produktresume.; Dosisreduktion kan være nødvendig ved signifikant nedsat nyrefunktion(5918). Angivet som kontraindiceret ved svære nyreforstyrrelser i produktresume.,True,False
page_08873.html,https://pro.medicin.dk/Medicin/Praeparater/8873#a102,N07BC02,<90 ml/min.,[0],[89],NA,NA,NA,forsigtighed,dosisjustering,Dosisintervallet bør øges:GFR 50-90 ml/min: 6 timers dosisinterval.GFR 10-50 ml/min:8 timers dosisinterval.GFR < 10 ml/min:8-12 timers dosisinterval.,True,False
page_08874.html,https://pro.medicin.dk/Medicin/Praeparater/8874#a102,C01CA03,NA,NA,NA,NA,NA,NA,NA,NA,NA,False,False
page_08875.html,https://pro.medicin.dk/Medicin/Praeparater/8875#a102,N02BE51,<30 ml/min.,[0],[29],NA,NA,NA,forsigtighed,NA,Doseringsintervallet øges til mindst 6 timer ved GFR 10-30 mg/min og til mindst 8 timer ved GFR < 10 mg/min.,True,False
page_08879.html,https://pro.medicin.dk/Medicin/Praeparater/8879#a102,J07BB02,NA,NA,NA,NA,NA,NA,NA,NA,NA,False,False
page_08884.html,https://pro.medicin.dk/Medicin/Praeparater/8884#a102,C10AA05,<30 ml/min.,[0],[29],NA,NA,NA,forsigtighed,monitorering,"P-kreatinkinase bør måles før behandlingsstart pga. prædisposition for rhabdomyolyse. Ved P-kreatinkinase > 4 gange øverste normalgrænse bør behandlingen ikke startes.Under behandling:P-kreatininkinase > 10 gange øverste normalgrænse: pauser behandlingen, kontroller nyrefunktionen og monitorer P-kreatininkinase efter to uger.P-kreatininkinase < 10 gange øverste normalgrænse:ingen symptomer, fortsat behandlingen, kontroller P- kreatininkinase indenfor 2-4 uger.P-kreatininkinase < 10 gange øverste normalgrænse:hvis symptomer, pauser statin og afvent normalisering af P-kreatininkinase før genoptagelse med en lavere statindosis.Læs mere:Statiner.",True,False
page_08887.html,https://pro.medicin.dk/Medicin/Praeparater/8887#a102,J01DH02,<10 ml/min.; 10-25 ml/min.; 25-50 ml/min.,"[0, 10, 25]","[9, 25, 50]",NA; NA; NA,"['NA', 'NA', 'NA']","['NA', 'NA', 'NA']",forsigtighed; forsigtighed; forsigtighed,dosisjustering; dosisjustering; dosisjustering,Halv dosis hver 24. time.; Halv dosis hver 12. time.; Normal dosis hver 12. time.,True,False
page_08888.html,https://pro.medicin.dk/Medicin/Praeparater/8888#a102,N05CD02,NA,NA,NA,NA,NA,NA,NA,NA,NA,False,False
page_08889.html,https://pro.medicin.dk/Medicin/Praeparater/8889#a102,L01FA01,NA,NA,NA,NA,NA,NA,NA,NA,NA,False,False
page_08890.html,https://pro.medicin.dk/Medicin/Praeparater/8890#a102,G04CA02,<10 ml/min.,[0],[9],NA,NA,NA,forsigtighed,erfaring savnes,Forsigtighed ved stærkt nedsat nyrefunktion med GFR < 10 ml/min. pga. manglende erfaring.,True,False
page_08891.html,https://pro.medicin.dk/Medicin/Praeparater/8891#a102,S01XA18,NA,NA,NA,NA,NA,NA,NA,NA,NA,False,False
page_08892.html,https://pro.medicin.dk/Medicin/Praeparater/8892#a102,N05CF01,NA,NA,NA,NA,NA,NA,NA,NA,"Dosisjustering, GFR < 10 ml/min., Initialdosis 3,75 mg 15-30 min. før sengetid, evt. stigende til 7,5 mg.",True,False
page_08893.html,https://pro.medicin.dk/Medicin/Praeparater/8893#a102,N02CD01,NA,NA,NA,NA,NA,NA,NA,NA,NA,False,False
page_08894.html,https://pro.medicin.dk/Medicin/Praeparater/8894#a102,N05AX15,<30 ml/min.,[0],[29],NA,NA,NA,kontraindiceret,erfaring savnes,"Dosisjustering er ikke nødvendig ved let til moderat nedsat nyrefunktion. Erfaring savnes ved GFR < 30 ml/min, og anvendelse frarådes.",True,False
page_08895.html,https://pro.medicin.dk/Medicin/Praeparater/8895#a102,N02BG10,<60 ml/min.,[0],[59],NA,NA,NA,forsigtighed,monitorering,Der er ikke gennemført undersøgelser ved nedsat nyrefunktion. Hos denne patientgruppe kan virkningen forstærkes eller forlænges. Hyppig klinisk evaluering af en læge anbefales.,True,False
page_08898.html,https://pro.medicin.dk/Medicin/Praeparater/8898#a102,R03AK06,NA,NA,NA,NA,NA,NA,NA,NA,NA,False,False
page_08902.html,https://pro.medicin.dk/Medicin/Praeparater/8902#a102,G03AA12,<30 ml/min.,[0],[29],NA,NA,NA,kontraindiceret,NA,Højere serumkoncentration af drospirenon er set ved nedsat nyrefunktion.,True,False
page_08906.html,https://pro.medicin.dk/Medicin/Praeparater/8906#a102,L04AB04,NA,NA,NA,NA,NA,NA,NA,NA,NA,False,False
page_08907.html,https://pro.medicin.dk/Medicin/Praeparater/8907#a102,L04AB04,NA,NA,NA,NA,NA,NA,NA,NA,NA,False,False
page_08908.html,https://pro.medicin.dk/Medicin/Praeparater/8908#a102,C10AC01,NA,NA,NA,NA,NA,NA,NA,NA,NA,False,False
page_08909.html,https://pro.medicin.dk/Medicin/Praeparater/8909#a102,S01JA51,NA,NA,NA,NA,NA,NA,NA,NA,NA,False,False
page_08910.html,https://pro.medicin.dk/Medicin/Praeparater/8910#a102,C03DA04,<30 ml/min.; 30-50 ml/min.,"[0, 30]","[29, 50]",NA; ≥17 år,"['NA', 17]","['NA', 150]",kontraindiceret; forsigtighed,øget bivirkningsrisiko; dosisjustering,"Risiko for hyperkaliæmi øges med faldende nyrefunktion.; Initialdosis 25 mg hver 2. dag. Højst 50 mg dgl.Herefter dosisjusteres efter P-kalium, som måles regelmæssigt.",True,False
page_08911.html,https://pro.medicin.dk/Medicin/Praeparater/8911#a102,A07AA02,NA,NA,NA,NA,NA,NA,NA,NA,NA,False,False
page_08912.html,https://pro.medicin.dk/Medicin/Praeparater/8912#a102,G04BE03,NA,NA,NA,NA,NA,NA,NA,NA,"GFR: 0-30 ml/min., Startdosis 25 mg 1 gang dgl. Dosis kan optitreres, hvis det tolereres.",True,False
page_08916.html,https://pro.medicin.dk/Medicin/Praeparater/8916#a102,L01FF03,<30 ml/min.,[0],[29],NA,NA,NA,forsigtighed,erfaring savnes,Dosisjustering er ikke nødvendig ved let til moderat nedsat nyrefunktion. Der findes ingen data ved GFR < 30 ml/min.,True,False
page_08919.html,https://pro.medicin.dk/Medicin/Praeparater/8919#a102,J07AP01,NA,NA,NA,NA,NA,NA,NA,NA,NA,False,False
page_08921.html,https://pro.medicin.dk/Medicin/Praeparater/8921#a102,C10AX09,NA,NA,NA,NA,NA,NA,NA,NA,NA,False,False
page_08923.html,https://pro.medicin.dk/Medicin/Praeparater/8923#a102,L04AB04,NA,NA,NA,NA,NA,NA,NA,NA,NA,False,False
page_08924.html,https://pro.medicin.dk/Medicin/Praeparater/8924#a102,R01AD09,NA,NA,NA,NA,NA,NA,NA,NA,NA,False,False
page_08925.html,https://pro.medicin.dk/Medicin/Praeparater/8925#a102,J01GB01,<60 ml/min.,[0],[59],NA,NA,NA,forsigtighed,monitorering,Plasmakoncentrationen monitoreres tæt pga. øget risiko for oto- og nefrotoksicitet.,True,False
page_08926.html,https://pro.medicin.dk/Medicin/Praeparater/8926#a102,G04BE09,<30 ml/min.,[0],[29],NA,NA,NA,forsigtighed,monitorering,"Startdosis 5 mg. Afhængig af effekt og tolerance kan dosis øges til 10 mg og 20 mg.Terminal dialysekrævende nyresygdom:Kontraindiceret pga. manglende erfaring.Mulige alternativer, se Systemiske midler (erektil dysfunktion).",True,False
page_08928.html,https://pro.medicin.dk/Medicin/Praeparater/8928#a102,N05BA12,<60 ml/min.,[0],[59],NA,NA,NA,forsigtighed,dosisjustering,"Tabletter.Voksne.Fx initialt 0,5-0,75 mg dgl. fordelt på flere doser. Dosis kan øges gradvist efter behov og tolerans.",True,False
page_08929.html,https://pro.medicin.dk/Medicin/Praeparater/8929#a102,R07AX31,<30 ml/min.,[0],[29],NA,NA,NA,forsigtighed,ingen eller begrænset erfaring,Dosisjustering er ikke nødvendig ved let til moderat nedsat nyrefunktion. Forsigtighed tilrådes ved GFR < 30 ml/min.,True,False
page_08931.html,https://pro.medicin.dk/Medicin/Praeparater/8931#a102,B05XC,NA,NA,NA,NA,NA,NA,NA,NA,NA,False,False
page_08936.html,https://pro.medicin.dk/Medicin/Praeparater/8936#a102,C07AB02,NA,NA,NA,NA,NA,NA,NA,NA,NA,False,False
page_08937.html,https://pro.medicin.dk/Medicin/Praeparater/8937#a102,L03AA13,NA,NA,NA,NA,NA,NA,NA,NA,NA,False,False
page_08938.html,https://pro.medicin.dk/Medicin/Praeparater/8938#a102,G04BE09,<30 ml/min.,[0],[29],NA,NA,NA,forsigtighed,monitorering,"Startdosis 5 mg. Afhængig af effekt og tolerance kan dosis øges til 10 mg og 20 mg.Terminal dialysekrævende nyresygdom:Kontraindiceret pga. manglende erfaring.Mulige alternativer, se Systemiske midler (erektil dysfunktion).",True,False
page_08940.html,https://pro.medicin.dk/Medicin/Praeparater/8940#a102,N05AL05,<10 ml/min.; 10-30 ml/min.; 30-60 ml/min.,"[0, 10, 30]","[9, 30, 60]",≥17 år; ≥17 år; ≥17 år,"[17, 17, 17]","[150, 150, 150]",forsigtighed; forsigtighed; forsigtighed,dosisjustering; dosisjustering; dosisjustering,Lav initialdosis. Optitrer til højst 200 mg dgl. under forsigtighed.; Dosisjustering til 33 % af normaldosis. Højst 200 mg 2 gange dgl.; Dosisjustering til 50% af normaldosis. Højst 300 mg 2 gange dgl.,True,False
page_08941.html,https://pro.medicin.dk/Medicin/Praeparater/8941#a102,H02AB09,<60 ml/min.,[0],[59],NA,NA,NA,forsigtighed,øget bivirkningsrisiko,"Glukokortikoider kan medføre hypernatriæmi, hypokaliæmi, væskeretention og forhøjelse af blodtrykket.",True,False
page_08942.html,https://pro.medicin.dk/Medicin/Praeparater/8942#a102,L01XL04,NA,NA,NA,NA,NA,NA,NA,NA,NA,False,False
page_08943.html,https://pro.medicin.dk/Medicin/Praeparater/8943#a102,J02AX04,NA,NA,NA,NA,NA,NA,NA,NA,NA,False,False
page_08946.html,https://pro.medicin.dk/Medicin/Praeparater/8946#a102,A10AE04,NA,NA,NA,NA,NA,NA,NA,NA,NA,False,False
page_08947.html,https://pro.medicin.dk/Medicin/Praeparater/8947#a102,B02BD10,NA,NA,NA,NA,NA,NA,NA,NA,NA,False,False
page_08951.html,https://pro.medicin.dk/Medicin/Praeparater/8951#a102,N07BC51,<30 ml/min.,[0],[29],NA,NA,NA,forsigtighed,øget bivirkningsrisiko,Buprenorphin: Risiko for ophobning af aktive metabolitter.,True,False
page_08952.html,https://pro.medicin.dk/Medicin/Praeparater/8952#a102,C01CA17,<30 ml/min.,[0],[29],NA,NA,NA,kontraindiceret,erfaring savnes,Kontraindiceret pga. manglende data.,True,False
page_08953.html,https://pro.medicin.dk/Medicin/Praeparater/8953#a102,N07BC51,<30 ml/min.,[0],[29],NA,NA,NA,forsigtighed,øget bivirkningsrisiko,Buprenorphin: Risiko for ophobning af aktive metabolitter.,True,False
page_08954.html,https://pro.medicin.dk/Medicin/Praeparater/8954#a102,M04AC01,<30 ml/min.; <30 ml/min.,"[0, 0]","[29, 29]",2-17 år,[2],[17],forsigtighed,dosisjustering,Anfald af artritis urica og anfaldsprofylakse: Anvendes ikke til børn; Forebyggelse af middelhavsfeber: Lav initialdosis og forsigtig optitrering til 1 mg dgl.: Lav initialdosis og forsigtig optitrering til 1 mg dgl.,True,True
page_08958.html,https://pro.medicin.dk/Medicin/Praeparater/8958#a102,S02BA08,NA,NA,NA,NA,NA,NA,NA,NA,NA,False,False
page_08961.html,https://pro.medicin.dk/Medicin/Praeparater/8961#a102,C07AA05,NA,NA,NA,NA,NA,NA,NA,NA,"GFR 0-20 ml/min., Start med lav initialdosis og titrer efter effekt., Ved alvorligt nedsat nyrefunktion er der i sjældne tilfælde set yderligere forværring af nyrefunktionen.",True,False
page_08962.html,https://pro.medicin.dk/Medicin/Praeparater/8962#a102,G03BA03,<30 ml/min.,[0],[29],NA,NA,NA,forsigtighed,monitorering,Tæt monitorering tilrådes. Ved alvorlige komplikationer i form af ødem med eller uden kongestivt hjertesvigt seponeres behandlingen straks.,True,False
page_08963.html,https://pro.medicin.dk/Medicin/Praeparater/8963#a102,R06AD02,<30 ml/min.,[0],[29],NA,NA,NA,forsigtighed,erfaring savnes,Promethazin og dets metabolitter udskilles bl.a. via urinen. Manglende erfaring ved nedsat nyrefunktion. Forsigtighed anbefales ved stærkt nedsat nyrefunktion.,True,False
page_08964.html,https://pro.medicin.dk/Medicin/Praeparater/8964#a102,L01EE03,NA,NA,NA,NA,NA,NA,NA,NA,NA,False,False
page_08965.html,https://pro.medicin.dk/Medicin/Praeparater/8965#a102,L01EC03,<30 ml/min.,[0],[29],NA,NA,NA,forsigtighed,erfaring savnes,"Dosisjustering er ikke nødvendig ved let til moderat nedsat nyrefunktion. Erfaring savnes ved GFR < 30 ml/min. Der findes ingen data, og forsigtighed tilrådes.",True,False
page_08968.html,https://pro.medicin.dk/Medicin/Praeparater/8968#a102,L01XX35,<50 ml/min.; 50-60 ml/min.,"[0, 50]","[49, 60]",NA; NA,"['NA', 'NA']","['NA', 'NA']",kontraindiceret; forsigtighed,øget bivirkningsrisiko; monitorering,"Risiko for akkumulation, da det primært udskilles gennem nyrerne.; Tæt monitorering af nyrefunktionen tilrådes, især i starten af behandlingen.",True,False
page_08969.html,https://pro.medicin.dk/Medicin/Praeparater/8969#a102,N06AX16,30-60 ml/min.; <30 ml/min.,"[30, 0]","[60, 29]",NA; ≥18 år,"['NA', 18]","['NA', 150]",forsigtighed; forsigtighed,monitorering; dosisjustering,"Dosisjustering er ikke nødvendig, men forsigtighed tilrådes. Anvend lavest mulige dosis og overvåg patienten omhyggeligt, hvis en dosisøgning er nødvendig.; Angst, panikangst og socialfobi: Højst 113 mg dgl.; Depression, forebyggelse af depression: Højst 188 mg dgl.: Højst 188 mg dgl.",True,True
page_08972.html,https://pro.medicin.dk/Medicin/Praeparater/8972#a102,L01EF03,<30 ml/min.,[0],[29],NA,NA,NA,forsigtighed,erfaring savnes,"Dosisjustering er ikke nødvendig ved let til moderat nedsat nyrefunktion. Erfaring savnes ved GFR < 30 ml/min. Der findes ingen data, og forsigtighed tilrådes.",True,False
page_08973.html,https://pro.medicin.dk/Medicin/Praeparater/8973#a102,J05AF10,<50 ml/min.,[0],[49],"Voksne. Daglig dosis nedsættes til:GFR (ml/min.)Ikke tidligere nukleosid-behandlet kompenseret leversygdomLamivudin-refraktær kompenseret leversygdom eller dekompenseret leversygdom30-500,25 mg0,5 mg10-300,15 mg0,3 mg< 100,05 mg0,1 mgDosisreduktionen kan også opnås ved at øge dosisintervallerne.Ved hæmodialyse gives dosis efter dialysen.Børn 2-17 år.Erfaring savnes.",,,forsigtighed,dosisjustering,"30-50: 0,25 mg: 0,5 mg; 10-30: 0,15 mg: 0,3 mg; < 10: 0,05 mg: 0,1 mg: 0,1 mg",True,True
page_08978.html,https://pro.medicin.dk/Medicin/Praeparater/8978#a102,J07CA06,NA,NA,NA,NA,NA,NA,NA,NA,NA,False,False
page_08980.html,https://pro.medicin.dk/Medicin/Praeparater/8980#a102,L04AX08,NA,NA,NA,NA,NA,NA,NA,NA,NA,False,False
page_08981.html,https://pro.medicin.dk/Medicin/Praeparater/8981#a102,N07BC01,<30 ml/min.,[0],[29],NA,NA,NA,forsigtighed,øget bivirkningsrisiko,Risiko for ophobning af aktive metabolitter.,True,False
page_08984.html,https://pro.medicin.dk/Medicin/Praeparater/8984#a102,A16AX12,NA,NA,NA,NA,NA,NA,NA,NA,NA,False,False
page_08985.html,https://pro.medicin.dk/Medicin/Praeparater/8985#a102,L01ED04,<30 ml/min.,[0],[29],NA,NA,NA,forsigtighed,dosisjustering,"Dosis nedsættes til 60 mg 1 gang dgl. i 7 dage, herefter 90 mg 1 gang dgl.Øget overvågning, især initialt for åndedrætssymptomer, fx dyspnø, hoste, da de kan være tegn på interstitiel lungesygdom/pneumonitis.",True,False
page_08988.html,https://pro.medicin.dk/Medicin/Praeparater/8988#a102,J05AR24,<50 ml/min.,[0],[49],NA,NA,NA,kontraindiceret,NA,Kombinationspræparatet er uegnet pga. manglende mulighed for individuel dosisreduktion af de enkelte indholdsstoffer.,True,False
page_08990.html,https://pro.medicin.dk/Medicin/Praeparater/8990#a102,J05AG06,NA,NA,NA,NA,NA,NA,NA,NA,NA,False,False
page_08991.html,https://pro.medicin.dk/Medicin/Praeparater/8991#a102,G02CX01,NA,NA,NA,NA,NA,NA,NA,NA,NA,False,False
page_08992.html,https://pro.medicin.dk/Medicin/Praeparater/8992#a102,M03BX01,NA,NA,NA,NA,NA,NA,NA,NA,NA,False,False
page_08993.html,https://pro.medicin.dk/Medicin/Praeparater/8993#a102,V03AC01,NA,NA,NA,NA,NA,NA,NA,NA,NA,False,False
page_08995.html,https://pro.medicin.dk/Medicin/Praeparater/8995#a102,L04AX03,<20 ml/min.; 20-50 ml/min.; 20-50 ml/min.,"[0, 20, 20]","[19, 50, 50]",NA; 3-17 år; ≥17 år,"['NA', 3, 17]","['NA', 17, 150]",kontraindiceret; forsigtighed; forsigtighed,øget bivirkningsrisiko; dosisjustering; dosisjustering,"Elimination af methotrexat er nedsat, da det hovedsageligt udskilles gennem nyrerne.; Juvenil reumatoid artritis: Dosis nedsættes til 50 % af normaldosis. Højst 10 mg pr. m2legemsoverflade1 gang om ugen.; Morbus Crohn: 12,5 mg1 gang om ugen.; Psoriasis, psoriasisartritis, reumatoid artritis: 15 mg1 gang om ugen.: 15 mg1 gang om ugen.",True,True
page_08997.html,https://pro.medicin.dk/Medicin/Praeparater/8997#a102,N02AA05,<10 ml/min.; 10-50 ml/min.,"[0, 10]","[9, 50]",NA; NA,"['NA', 'NA']","['NA', 'NA']",forsigtighed; forsigtighed,dosisjustering; dosisjustering,"50% reduktion af normaldosis. Lav startdosis, fx 10 mg oralt. Individuel titrering til smertekontrol.; 25 % reduktion af normaldosis.",True,False
page_08998.html,https://pro.medicin.dk/Medicin/Praeparater/8998#a102,A02BC02,NA,NA,NA,NA,NA,NA,NA,NA,NA,False,False
page_08999.html,https://pro.medicin.dk/Medicin/Praeparater/8999#a102,D11AH01,NA,NA,NA,NA,NA,NA,NA,NA,NA,False,False
page_09000.html,https://pro.medicin.dk/Medicin/Praeparater/9000#a102,J01GB01,<60 ml/min.,[0],[59],NA,NA,NA,forsigtighed,monitorering,Plasmakoncentrationen monitoreres tæt pga. øget risiko for oto- og nefrotoksicitet.,True,False
page_09001.html,https://pro.medicin.dk/Medicin/Praeparater/9001#a102,R01AD05,NA,NA,NA,NA,NA,NA,NA,NA,NA,False,False
page_09002.html,https://pro.medicin.dk/Medicin/Praeparater/9002#a102,J07BK01,NA,NA,NA,NA,NA,NA,NA,NA,NA,False,False
page_09006.html,https://pro.medicin.dk/Medicin/Praeparater/9006#a102,A01AA01,NA,NA,NA,NA,NA,NA,NA,NA,NA,False,False
page_09007.html,https://pro.medicin.dk/Medicin/Praeparater/9007#a102,J01DH02,<10 ml/min.; 10-25 ml/min.; 25-50 ml/min.,"[0, 10, 25]","[9, 25, 50]",NA; NA; NA,"['NA', 'NA', 'NA']","['NA', 'NA', 'NA']",forsigtighed; forsigtighed; forsigtighed,dosisjustering; dosisjustering; dosisjustering,Halv dosis hver 24. time.; Halv dosis hver 12. time.; Normal dosis hver 12. time.,True,False
page_09008.html,https://pro.medicin.dk/Medicin/Praeparater/9008#a102,H01BB02,<30 ml/min.,[0],[29],NA,NA,NA,forsigtighed,øget bivirkningsrisiko,Risiko for væske- og oxytocinophobning.,True,False
page_09009.html,https://pro.medicin.dk/Medicin/Praeparater/9009#a102,A04AA05,NA,NA,NA,NA,NA,NA,NA,NA,NA,False,False
page_09010.html,https://pro.medicin.dk/Medicin/Praeparater/9010#a102,N02BE51,<30 ml/min.,[0],[29],NA,NA,NA,forsigtighed,NA,Doseringsintervallet øges til mindst 6 timer ved GFR 10-30 mg/min og til mindst 8 timer ved GFR < 10 mg/min.,True,False
page_09011.html,https://pro.medicin.dk/Medicin/Praeparater/9011#a102,N04BD02,NA,NA,NA,NA,NA,NA,NA,NA,NA,False,False
page_09012.html,https://pro.medicin.dk/Medicin/Praeparater/9012#a102,N01BB09,<30 ml/min.,[0],[29],NA,NA,NA,forsigtighed,øget bivirkningsrisiko,Forsigtighed tilrådes ved langvarig eller gentagen administration.,True,False
page_09013.html,https://pro.medicin.dk/Medicin/Praeparater/9013#a102,N03AG01,<15 ml/min.,[0],[14],NA,NA,NA,forsigtighed,monitorering,"Ved nedsat nyrefunktion kan det være nødvendigt at reducere dosis eller at øge dosis ved hæmodialyse, da valproat er dialyserbart. Dosering bør justeres i henhold til klinisk monitorering af patienten.",True,False
page_09014.html,https://pro.medicin.dk/Medicin/Praeparater/9014#a102,J01CA04,<10 ml/min.,[0],[9],NA,NA,NA,forsigtighed,dosisjustering,Dosis 250 mg -1.000 mg 3 gange dgl. Højst 6 g dgl. ved endocarditis.Ved behandling i kortere tid er dosisreduktion ikke nødvendigt.,True,False
page_09017.html,https://pro.medicin.dk/Medicin/Praeparater/9017#a102,N06AX22,<60 ml/min.,[0],[59],NA,NA,NA,forsigtighed,ingen eller begrænset erfaring,Forsigtighed tilrådes ved moderat til stærkt nedsat nyrefunktion.,True,False
page_09019.html,https://pro.medicin.dk/Medicin/Praeparater/9019#a102,J05AE08,NA,NA,NA,NA,NA,NA,NA,NA,NA,False,False
page_09020.html,https://pro.medicin.dk/Medicin/Praeparater/9020#a102,J05AE10,<60 ml/min.,[0],[59],NA,NA,NA,forsigtighed,betinget,Samtidig brug af colchicin er kontraindiceret.,True,False
page_09023.html,https://pro.medicin.dk/Medicin/Praeparater/9023#a102,G03AA12,<30 ml/min.,[0],[29],NA,NA,NA,kontraindiceret,NA,Højere serumkoncentration af drospirenon er set ved nedsat nyrefunktion.,True,False
page_09024.html,https://pro.medicin.dk/Medicin/Praeparater/9024#a102,V04CX,NA,NA,NA,NA,NA,NA,NA,NA,NA,False,False
page_09027.html,https://pro.medicin.dk/Medicin/Praeparater/9027#a102,V04CX,NA,NA,NA,NA,NA,NA,NA,NA,NA,False,False
page_09028.html,https://pro.medicin.dk/Medicin/Praeparater/9028#a102,J02AC02,<60 ml/min.,[0],[59],NA,NA,NA,forsigtighed,betinget,"Forsigtighed tilrådes.Samtidig brug af clarithromycin, colchicin, fesoterodin og solifenacin er kontraindiceret.",True,False
page_09030.html,https://pro.medicin.dk/Medicin/Praeparater/9030#a102,B01AC22,NA,NA,NA,NA,NA,NA,NA,NA,NA,False,False
page_09031.html,https://pro.medicin.dk/Medicin/Praeparater/9031#a102,L04AB02,NA,NA,NA,NA,NA,NA,NA,NA,NA,False,False
page_09033.html,https://pro.medicin.dk/Medicin/Praeparater/9033#a102,B01AX07,NA,NA,NA,NA,NA,NA,NA,NA,NA,False,False
page_09035.html,https://pro.medicin.dk/Medicin/Praeparater/9035#a102,S01ED51,NA,NA,NA,NA,NA,NA,NA,NA,NA,False,False
page_09037.html,https://pro.medicin.dk/Medicin/Praeparater/9037#a102,L04AC17,NA,NA,NA,NA,NA,NA,NA,NA,NA,False,False
page_09038.html,https://pro.medicin.dk/Medicin/Praeparater/9038#a102,C10AX12,<10 ml/min.,[0],[9],≥17 år,[17],[150],forsigtighed,dosisjustering,Højst 40 mg 1 gang dgl. ved terminal nyreinsufficiens eller dialyse.,True,False
page_09041.html,https://pro.medicin.dk/Medicin/Praeparater/9041#a102,N02BF02,<15 ml/min.; 15-30 ml/min.; 30-60 ml/min.,"[0, 15, 30]","[14, 30, 60]",≥17 år; ≥17 år; ≥17 år,"[17, 17, 17]","[150, 150, 150]",forsigtighed; forsigtighed; forsigtighed,dosisjustering; dosisjustering; dosisjustering,"Initialdosis 25 mg dgl. Højst 75 mg 1 gang dgl.Supplerende dosis efter hæmodialyse: Initialt 25 mg, højst 100 mg.; Initialdosis 25-50 mg dgl. Højst 150 mg dgl. fordelt på 1-2 doser.; Initialdosis 75 mg dgl. Højst 300 mg dgl. fordelt på 2-3 doser.",True,False
page_09042.html,https://pro.medicin.dk/Medicin/Praeparater/9042#a102,J07CA02,NA,NA,NA,NA,NA,NA,NA,NA,NA,False,False
page_09043.html,https://pro.medicin.dk/Medicin/Praeparater/9043#a102,L01XL03,NA,NA,NA,NA,NA,NA,NA,NA,NA,False,False
page_09045.html,https://pro.medicin.dk/Medicin/Praeparater/9045#a102,R03AL07,<30 ml/min.,[0],[29],NA,NA,NA,forsigtighed,monitorering,Glycopyrronium:Forsigtighed ved GFR < 30 ml/min. Den systemiske eksponering kan være øget. Tæt monitorering for potentielle bivirkninger anbefales.,True,False
page_09049.html,https://pro.medicin.dk/Medicin/Praeparater/9049#a102,C09DB01,<30 ml/min.,[0],[29],NA,NA,NA,forsigtighed,erfaring savnes,Bør ikke anvendes pga. manglende erfaring.,True,False
page_09051.html,https://pro.medicin.dk/Medicin/Praeparater/9051#a102,L01EG02,NA,NA,NA,NA,NA,NA,NA,NA,NA,False,False
page_09052.html,https://pro.medicin.dk/Medicin/Praeparater/9052#a102,L04AA06,NA,NA,NA,NA,NA,NA,NA,NA,NA,False,False
page_09053.html,https://pro.medicin.dk/Medicin/Praeparater/9053#a102,A02BC05,NA,NA,NA,NA,NA,NA,NA,NA,NA,False,False
page_09054.html,https://pro.medicin.dk/Medicin/Praeparater/9054#a102,R03BA05,NA,NA,NA,NA,NA,NA,NA,NA,NA,False,False
page_09055.html,https://pro.medicin.dk/Medicin/Praeparater/9055#a102,D06BX01,NA,NA,NA,NA,NA,NA,NA,NA,NA,False,False
page_09056.html,https://pro.medicin.dk/Medicin/Praeparater/9056#a102,L01XY01,NA,NA,NA,NA,NA,NA,NA,NA,NA,False,False
page_09058.html,https://pro.medicin.dk/Medicin/Praeparater/9058#a102,L01AD04,<30 ml/min.; 30-45 ml/min.; 45-60 ml/min.,"[0, 30, 45]","[29, 45, 60]",NA; NA; NA,"['NA', 'NA', 'NA']","['NA', 'NA', 'NA']",kontraindiceret; forsigtighed; forsigtighed,øget bivirkningsrisiko; betinget; dosisjustering,Risiko for nyretoksicitet.; Fordele og risiko ved behandlingen skal vurderes nøje af bl.a. nefrolog pga. kendt risiko for alvorlig nyreskade.; Dosis nedsættes til 50% af normaldosis.,True,False
page_09060.html,https://pro.medicin.dk/Medicin/Praeparater/9060#a102,L01EK03,<30 ml/min.,[0],[29],NA,NA,NA,forsigtighed,erfaring savnes,Dosisjustering er ikke nødvendig ved let til moderat nedsat nyrefunktion. Erfaring savnes ved GFR < 30 ml/min.,True,False
page_09064.html,https://pro.medicin.dk/Medicin/Praeparater/9064#a102,N05AX16,<60 ml/min.,[0],[59],≥17 år,[17],[150],forsigtighed,dosisjustering,Højst 3 mg dgl.,True,False
page_09065.html,https://pro.medicin.dk/Medicin/Praeparater/9065#a102,J01FA09,<30 ml/min.; <30 ml/min.,"[0, 0]","[29, 29]",2-12 år; ≥12 år,"[2, 12]","[12, 150]",forsigtighed; forsigtighed,dosisjustering; dosisjustering,"Dosis nedsættes til 50 % af normaldosis. Højst 7,5 mg pr. kg legemsvægt i døgnet.Kontraindiceret ved samtidig alvorligt leversvigt og nedsat nyrefunktion.; Dosis nedsættes til 50 % af normaldosis. Højst 500 mg dgl.Kontraindiceret ved både alvorligt leversvigt og nedsat nyrefunktion.",True,False
page_09066.html,https://pro.medicin.dk/Medicin/Praeparater/9066#a102,L01EA02,NA,NA,NA,NA,NA,NA,NA,NA,NA,False,False
page_09067.html,https://pro.medicin.dk/Medicin/Praeparater/9067#a102,L04AB01,NA,NA,NA,NA,NA,NA,NA,NA,NA,False,False
page_09069.html,https://pro.medicin.dk/Medicin/Praeparater/9069#a102,A07EA06,NA,NA,NA,NA,NA,NA,NA,NA,NA,False,False
page_09072.html,https://pro.medicin.dk/Medicin/Praeparater/9072#a102,N02BF02,<15 ml/min.; 15-30 ml/min.; 30-60 ml/min.,"[0, 15, 30]","[14, 30, 60]",≥17 år; ≥17 år; ≥17 år,"[17, 17, 17]","[150, 150, 150]",forsigtighed; forsigtighed; forsigtighed,dosisjustering; dosisjustering; dosisjustering,"Initialdosis 25 mg dgl. Højst 75 mg 1 gang dgl.Supplerende dosis efter hæmodialyse: Initialt 25 mg, højst 100 mg.; Initialdosis 25-50 mg dgl. Højst 150 mg dgl. fordelt på 1-2 doser.; Initialdosis 75 mg dgl. Højst 300 mg dgl. fordelt på 2-3 doser.",True,False
page_09073.html,https://pro.medicin.dk/Medicin/Praeparater/9073#a102,C10AA05,<30 ml/min.,[0],[29],NA,NA,NA,forsigtighed,monitorering,"P-kreatinkinase bør måles før behandlingsstart pga. prædisposition for rhabdomyolyse. Ved P-kreatinkinase > 4 gange øverste normalgrænse bør behandlingen ikke startes.Under behandling:P-kreatininkinase > 10 gange øverste normalgrænse: pauser behandlingen, kontroller nyrefunktionen og monitorer P-kreatininkinase efter to uger.P-kreatininkinase < 10 gange øverste normalgrænse:ingen symptomer, fortsat behandlingen, kontroller P- kreatininkinase indenfor 2-4 uger.P-kreatininkinase < 10 gange øverste normalgrænse:hvis symptomer, pauser statin og afvent normalisering af P-kreatininkinase før genoptagelse med en lavere statindosis.Læs mere:Statiner.",True,False
page_09074.html,https://pro.medicin.dk/Medicin/Praeparater/9074#a102,L01FX06,NA,NA,NA,NA,NA,NA,NA,NA,NA,False,False
page_09077.html,https://pro.medicin.dk/Medicin/Praeparater/9077#a102,C10BA02,<60 ml/min.,[0],[59],NA,NA,NA,forsigtighed,monitorering,"P-kreatinkinase bør måles før behandlingsstart pga. prædisposition for rhabdomyolyse. Ved P-kreatinkinase > 5 gange øverste normalgrænse bør behandlingen ikke startes.Efter behandlingsstart:P-kreatininkinase > 10 gange øverste normalgrænse: pauser behandlingen, kontroller nyrefunktionen og monitorer P-kreatininkinase efter to uger.P-kreatininkinase < 10 gange øverste normalgrænse:ingen symptomer, fortsat behandlingen, kontroller P- kreatininkinase indenfor 2-4 uger.P-kreatininkinase < 10 gange øverste normalgrænse:hvis symptomer, pauser statin og afvent normalisering af P-kreatininkinase før genoptagelse med en lavere statin dosisVed GFR < 30 ml/min bør der udvises forsigtighed ved doser af simvastatin > 10 mg dgl.",True,False
page_09078.html,https://pro.medicin.dk/Medicin/Praeparater/9078#a102,B06AC05,NA,NA,NA,NA,NA,NA,NA,NA,NA,False,False
page_09080.html,https://pro.medicin.dk/Medicin/Praeparater/9080#a102,G04BE09,<30 ml/min.,[0],[29],NA,NA,NA,forsigtighed,monitorering,"Startdosis 5 mg. Afhængig af effekt og tolerance kan dosis øges til 10 mg og 20 mg.Terminal dialysekrævende nyresygdom:Kontraindiceret pga. manglende erfaring.Mulige alternativer, se Systemiske midler (erektil dysfunktion).",True,False
page_09081.html,https://pro.medicin.dk/Medicin/Praeparater/9081#a102,L01XG01,<20 ml/min.,[0],[19],NA,NA,NA,forsigtighed,erfaring savnes,Dosisjustering er ikke nødvendig ved GFR > 20 ml/min. Der findes ingen data ved GFR < 20 ml/min.,True,False
page_09084.html,https://pro.medicin.dk/Medicin/Praeparater/9084#a102,C01CA26,NA,NA,NA,NA,NA,NA,NA,NA,NA,False,False
page_09086.html,https://pro.medicin.dk/Medicin/Praeparater/9086#a102,B02BD02,NA,NA,NA,NA,NA,NA,NA,NA,NA,False,False
page_09088.html,https://pro.medicin.dk/Medicin/Praeparater/9088#a102,B01AF01,15-30 ml/min.; <15 ml/min.,"[15, 0]","[30, 14]",NA; NA,"['NA', 'NA']","['NA', 'NA']",forsigtighed; kontraindiceret,ingen eller begrænset erfaring; erfaring savnes,Ved GFR 15-30 ml/min. stiger plasmakoncentrationen af rivaroxaban signifikant. Bør derfor anvendes med forsigtighed.Børn:Bør ikke anvendes pga. maglende data.; Bør ikke anvendes.,True,False
page_09089.html,https://pro.medicin.dk/Medicin/Praeparater/9089#a102,L04AC18,NA,NA,NA,NA,NA,NA,NA,NA,NA,False,False
page_09091.html,https://pro.medicin.dk/Medicin/Praeparater/9091#a102,A04AD12,NA,NA,NA,NA,NA,NA,NA,NA,NA,False,False
page_09092.html,https://pro.medicin.dk/Medicin/Praeparater/9092#a102,N05CD08,<10 ml/min.; 10-30 ml/min.,"[0, 10]","[9, 30]",NA; NA,"['NA', 'NA']","['NA', 'NA']",forsigtighed; forsigtighed,betinget; betinget,"Farmakokinetikken for ubunden midazolam efter en i.v-enkeltdosis svarer til raskes. Forlænget sederende effekt er dog set efter længerevarende infusion - sandsynligvis pga. akkumulation af den aktive metabolit alfa-hydroxymidazolamglukuronid. Ingen specifikke data for induktion af anæstesi.; Mere udtalt og langvarig sedation, evt. inklusive respirationsdepression og kardiovaskulær depression er forekommet. Midazolam bør derfor doseres omhyggeligt og titreres for den ønskede virkning.",True,False
page_09093.html,https://pro.medicin.dk/Medicin/Praeparater/9093#a102,N06BA09,NA,NA,NA,NA,NA,NA,NA,NA,NA,False,False
page_09095.html,https://pro.medicin.dk/Medicin/Praeparater/9095#a102,N06BA09,NA,NA,NA,NA,NA,NA,NA,NA,NA,False,False
page_09097.html,https://pro.medicin.dk/Medicin/Praeparater/9097#a102,J05AR03,<60 ml/min.,[0],[59],"Unge 12-18 årBør ikke anvendes.VoksneGFR (ml/min.)Behandling afHIV-infektionProfylakse føreksponering50-601 tabl. 1 gang dgl.Bør ikke anvendes30-491 tabl. hver 2. dag.Tæt monitorering af nyrefunktion.Bør ikke anvendes< 30Bør ikke anvendes, da passende dosisreduktion ikke er mulig med kombinationspræparatet.Bør ikke anvendes",,,forsigtighed,dosisjustering,"50-60: 1 tabl. 1 gang dgl.: Bør ikke anvendes; 30-49: 1 tabl. hver 2. dag.Tæt monitorering af nyrefunktion.: Bør ikke anvendes; < 30: Bør ikke anvendes, da passende dosisreduktion ikke er mulig med kombinationspræparatet.: Bør ikke anvendes: Bør ikke anvendes",True,True
page_09098.html,https://pro.medicin.dk/Medicin/Praeparater/9098#a102,M04AA03,<30 ml/min.,[0],[29],≥17 år,[17],[150],forsigtighed,dosisjustering,Initialdosis 20-40 mg 1 gang dgl. Titrer forsigtigt til højst 80 mg dgl.,True,False
page_09101.html,https://pro.medicin.dk/Medicin/Praeparater/9101#a102,R03AC02,NA,NA,NA,NA,NA,NA,NA,NA,NA,False,False
page_09102.html,https://pro.medicin.dk/Medicin/Praeparater/9102#a102,N06BA09,NA,NA,NA,NA,NA,NA,NA,NA,NA,False,False
page_09103.html,https://pro.medicin.dk/Medicin/Praeparater/9103#a102,N06BA09,NA,NA,NA,NA,NA,NA,NA,NA,NA,False,False
page_09106.html,https://pro.medicin.dk/Medicin/Praeparater/9106#a102,N07XX12,<30 ml/min.,[0],[29],NA,NA,NA,forsigtighed,ingen eller begrænset erfaring,Dosisjustering er ikke nødvendig ved let til moderat nedsat nyrefunktion. Der findes ingen data ved GFR < 30 ml/min.,True,False
page_09108.html,https://pro.medicin.dk/Medicin/Praeparater/9108#a102,G04BE08,<30 ml/min.,[0],[29],≥17 år,[17],[150],forsigtighed,dosisjustering,Erektil dysfunktion: Højst 10 mg ved behov og højst hv. 3. dag.; Prostata hyperplasi: Kontraindiceret; Pulmonal arteriel hypertension: Kontraindiceret: Kontraindiceret,True,True
page_09109.html,https://pro.medicin.dk/Medicin/Praeparater/9109#a102,L01CA04,NA,NA,NA,NA,NA,NA,NA,NA,NA,False,False
page_09110.html,https://pro.medicin.dk/Medicin/Praeparater/9110#a102,B05BA10,<60 ml/min.,[0],[59],NA,NA,NA,forsigtighed,monitorering,"Dosistilpasning under hensyn til patientbehov og sværhedsgrad af nyreinsufficiens.Tæt monitorering af væske-, elektrolyt- og syre-base-status.Kontraindiceret ved alvorlig nyreinsufficiens uden samtidig renal substitutionsbehandling (fx hæmodialyse, hæmofiltrering).",True,False
page_09116.html,https://pro.medicin.dk/Medicin/Praeparater/9116#a102,L02BG03,<30 ml/min.,[0],[29],NA,NA,NA,forsigtighed,erfaring savnes,"Dosisjustering er ikke nødvendig ved let til moderat nedsat nyrefunktion. Erfaring savnes ved GFR < 30 ml/min. Der findes ingen data, og forsigtighed tilrådes.",True,False
page_09118.html,https://pro.medicin.dk/Medicin/Praeparater/9118#a102,M04AA03,<30 ml/min.,[0],[29],≥17 år,[17],[150],forsigtighed,dosisjustering,Initialdosis 20-40 mg 1 gang dgl. Titrer forsigtigt til højst 80 mg dgl.,True,False
page_09119.html,https://pro.medicin.dk/Medicin/Praeparater/9119#a102,J05AG01,<20 ml/min.,[0],[19],NA,NA,NA,forsigtighed,dosisjustering,Erfaring savnes vedr. depottabletter.Efter hver dialysebehandling bør gives en ekstra dosis på 200 mg.,True,False
page_09120.html,https://pro.medicin.dk/Medicin/Praeparater/9120#a102,G04BD08,<30 ml/min.; <30 ml/min.; <30 ml/min.; <30 ml/min.; <30 ml/min.,"[0, 0, 0, 0, 0]","[29, 29, 29, 29, 29]",2-18 år; 15-45 KG; 45-60 KG; >60 KG; ≥18 år,"[2, 15, 45, 61, 18]","[18, 45, 60, 150, 150]",forsigtighed; forsigtighed; forsigtighed; forsigtighed; forsigtighed,dosisjustering; dosisjustering; dosisjustering; dosisjustering; dosisjustering,Højst 2 mg dgl.Samtidig brug af potente CYP3A4-hæmmere er kontraindiceret.; Højst 3 mg dgl.Samtidig brug af potente CYP3A4-hæmmere er kontraindiceret.; Højst 4 mg dgl.Samtidig brug af potente CYP3A4-hæmmere er kontraindiceret.; Højst 5 mg dgl.Samtidig brug af potente CYP3A4-hæmmere er kontraindiceret.; Højst 5 mg 1 gang dgl.Samtidig brug af potente CYP3A4-hæmmere er kontraindiceret.,True,False
page_09121.html,https://pro.medicin.dk/Medicin/Praeparater/9121#a102,G04BD08,<30 ml/min.; <30 ml/min.; <30 ml/min.; <30 ml/min.; <30 ml/min.,"[0, 0, 0, 0, 0]","[29, 29, 29, 29, 29]",2-18 år; 15-45 KG; 45-60 KG; >60 KG; ≥18 år,"[2, 15, 45, 61, 18]","[18, 45, 60, 150, 150]",forsigtighed; forsigtighed; forsigtighed; forsigtighed; forsigtighed,dosisjustering; dosisjustering; dosisjustering; dosisjustering; dosisjustering,Højst 2 mg dgl.Samtidig brug af potente CYP3A4-hæmmere er kontraindiceret.; Højst 3 mg dgl.Samtidig brug af potente CYP3A4-hæmmere er kontraindiceret.; Højst 4 mg dgl.Samtidig brug af potente CYP3A4-hæmmere er kontraindiceret.; Højst 5 mg dgl.Samtidig brug af potente CYP3A4-hæmmere er kontraindiceret.; Højst 5 mg 1 gang dgl.Samtidig brug af potente CYP3A4-hæmmere er kontraindiceret.,True,False
page_09125.html,https://pro.medicin.dk/Medicin/Praeparater/9125#a102,G04BD08,<30 ml/min.; <30 ml/min.; <30 ml/min.; <30 ml/min.; <30 ml/min.,"[0, 0, 0, 0, 0]","[29, 29, 29, 29, 29]",2-18 år; 15-45 KG; 45-60 KG; >60 KG; ≥18 år,"[2, 15, 45, 61, 18]","[18, 45, 60, 150, 150]",forsigtighed; forsigtighed; forsigtighed; forsigtighed; forsigtighed,dosisjustering; dosisjustering; dosisjustering; dosisjustering; dosisjustering,Højst 2 mg dgl.Samtidig brug af potente CYP3A4-hæmmere er kontraindiceret.; Højst 3 mg dgl.Samtidig brug af potente CYP3A4-hæmmere er kontraindiceret.; Højst 4 mg dgl.Samtidig brug af potente CYP3A4-hæmmere er kontraindiceret.; Højst 5 mg dgl.Samtidig brug af potente CYP3A4-hæmmere er kontraindiceret.; Højst 5 mg 1 gang dgl.Samtidig brug af potente CYP3A4-hæmmere er kontraindiceret.,True,False
page_09126.html,https://pro.medicin.dk/Medicin/Praeparater/9126#a102,G04BD08,<30 ml/min.; <30 ml/min.; <30 ml/min.; <30 ml/min.; <30 ml/min.,"[0, 0, 0, 0, 0]","[29, 29, 29, 29, 29]",2-18 år; 15-45 KG; 45-60 KG; >60 KG; ≥18 år,"[2, 15, 45, 61, 18]","[18, 45, 60, 150, 150]",forsigtighed; forsigtighed; forsigtighed; forsigtighed; forsigtighed,dosisjustering; dosisjustering; dosisjustering; dosisjustering; dosisjustering,Højst 2 mg dgl.Samtidig brug af potente CYP3A4-hæmmere er kontraindiceret.; Højst 3 mg dgl.Samtidig brug af potente CYP3A4-hæmmere er kontraindiceret.; Højst 4 mg dgl.Samtidig brug af potente CYP3A4-hæmmere er kontraindiceret.; Højst 5 mg dgl.Samtidig brug af potente CYP3A4-hæmmere er kontraindiceret.; Højst 5 mg 1 gang dgl.Samtidig brug af potente CYP3A4-hæmmere er kontraindiceret.,True,False
page_09128.html,https://pro.medicin.dk/Medicin/Praeparater/9128#a102,G04BD08,<30 ml/min.; <30 ml/min.; <30 ml/min.; <30 ml/min.; <30 ml/min.,"[0, 0, 0, 0, 0]","[29, 29, 29, 29, 29]",2-18 år; 15-45 KG; 45-60 KG; >60 KG; ≥18 år,"[2, 15, 45, 61, 18]","[18, 45, 60, 150, 150]",forsigtighed; forsigtighed; forsigtighed; forsigtighed; forsigtighed,dosisjustering; dosisjustering; dosisjustering; dosisjustering; dosisjustering,Højst 2 mg dgl.Samtidig brug af potente CYP3A4-hæmmere er kontraindiceret.; Højst 3 mg dgl.Samtidig brug af potente CYP3A4-hæmmere er kontraindiceret.; Højst 4 mg dgl.Samtidig brug af potente CYP3A4-hæmmere er kontraindiceret.; Højst 5 mg dgl.Samtidig brug af potente CYP3A4-hæmmere er kontraindiceret.; Højst 5 mg 1 gang dgl.Samtidig brug af potente CYP3A4-hæmmere er kontraindiceret.,True,False
page_09130.html,https://pro.medicin.dk/Medicin/Praeparater/9130#a102,B05BA10,<60 ml/min.,[0],[59],NA,NA,NA,forsigtighed,monitorering,"Dosistilpasning under hensyn til patientbehov og sværhedsgrad af nyreinsufficiens.Tæt monitorering af væske-, elektrolyt- og syre-base-status.Kontraindiceret ved alvorlig nyreinsufficiens uden samtidig renal substitutionsbehandling (fx hæmodialyse, hæmofiltrering).",True,False
page_09132.html,https://pro.medicin.dk/Medicin/Praeparater/9132#a102,N02CD03,NA,NA,NA,NA,NA,NA,NA,NA,NA,False,False
page_09134.html,https://pro.medicin.dk/Medicin/Praeparater/9134#a102,A04AD12,NA,NA,NA,NA,NA,NA,NA,NA,NA,False,False
page_09136.html,https://pro.medicin.dk/Medicin/Praeparater/9136#a102,N06BA09,NA,NA,NA,NA,NA,NA,NA,NA,NA,False,False
page_09138.html,https://pro.medicin.dk/Medicin/Praeparater/9138#a102,N02CC06,<10 ml/min.; 10-50 ml/min.,"[0, 10]","[9, 50]",NA; ≥18 år,"['NA', 18]","['NA', 150]",kontraindiceret; forsigtighed,NA; dosisjustering,"Mulige alternativer, se Triptaner.; Initialdosis 20 mg dgl. Højst 40 mg dgl.",True,False
page_09139.html,https://pro.medicin.dk/Medicin/Praeparater/9139#a102,M04AA03,<30 ml/min.,[0],[29],≥17 år,[17],[150],forsigtighed,dosisjustering,Initialdosis 20-40 mg 1 gang dgl. Titrer forsigtigt til højst 80 mg dgl.,True,False
page_09140.html,https://pro.medicin.dk/Medicin/Praeparater/9140#a102,G02BB01,NA,NA,NA,NA,NA,NA,NA,NA,NA,False,False
page_09141.html,https://pro.medicin.dk/Medicin/Praeparater/9141#a102,N07XX02,NA,NA,NA,NA,NA,NA,NA,NA,NA,False,False
page_09142.html,https://pro.medicin.dk/Medicin/Praeparater/9142#a102,G04BD08,<30 ml/min.; <30 ml/min.; <30 ml/min.; <30 ml/min.; <30 ml/min.,"[0, 0, 0, 0, 0]","[29, 29, 29, 29, 29]",2-18 år; 15-45 KG; 45-60 KG; >60 KG; ≥18 år,"[2, 15, 45, 61, 18]","[18, 45, 60, 150, 150]",forsigtighed; forsigtighed; forsigtighed; forsigtighed; forsigtighed,dosisjustering; dosisjustering; dosisjustering; dosisjustering; dosisjustering,Højst 2 mg dgl.Samtidig brug af potente CYP3A4-hæmmere er kontraindiceret.; Højst 3 mg dgl.Samtidig brug af potente CYP3A4-hæmmere er kontraindiceret.; Højst 4 mg dgl.Samtidig brug af potente CYP3A4-hæmmere er kontraindiceret.; Højst 5 mg dgl.Samtidig brug af potente CYP3A4-hæmmere er kontraindiceret.; Højst 5 mg 1 gang dgl.Samtidig brug af potente CYP3A4-hæmmere er kontraindiceret.,True,False
page_09145.html,https://pro.medicin.dk/Medicin/Praeparater/9145#a102,L01ED05,<30 ml/min.,[0],[29],NA,NA,NA,forsigtighed,dosisjustering,Ved stærkt nedsat nyrefunktion med GFR < 30 ml/min. anbefales en startdosis på fx 75 mg én gang daglig.,True,False
page_09147.html,https://pro.medicin.dk/Medicin/Praeparater/9147#a102,H01BA01,NA,NA,NA,NA,NA,NA,NA,NA,NA,False,False
page_09148.html,https://pro.medicin.dk/Medicin/Praeparater/9148#a102,M04AA03,<30 ml/min.,[0],[29],≥17 år,[17],[150],forsigtighed,dosisjustering,Initialdosis 20-40 mg 1 gang dgl. Titrer forsigtigt til højst 80 mg dgl.,True,False
page_09149.html,https://pro.medicin.dk/Medicin/Praeparater/9149#a102,L01EB01,<20 ml/min.,[0],[19],NA,NA,NA,forsigtighed,monitorering,"Dosisjustering er ikke nødvendig ved GFR > 20 ml/min. Der findes kun begrænsede data for GFR < 20 ml/min, og tæt monitorering tilrådes.",True,False
page_09150.html,https://pro.medicin.dk/Medicin/Praeparater/9150#a102,M05BA06,<30 ml/min.,[0],[29],NA,NA,NA,forsigtighed,erfaring savnes,"Erfaring savnes ved GFR < 30 ml/min, og anvendelse kan ikke anbefales.",True,False
page_09153.html,https://pro.medicin.dk/Medicin/Praeparater/9153#a102,N06AX03,<15 ml/min.,[0],[14],NA,NA,NA,forsigtighed,dosisjustering,Lav initialdosis og langsom optitrering.,True,False
page_09159.html,https://pro.medicin.dk/Medicin/Praeparater/9159#a102,N02BG09,<60 ml/min.,[0],[59],NA,NA,NA,kontraindiceret,øget bivirkningsrisiko,"Kontraindiceret ved signifikant nedsat nyrefunktion pga. nefrotoksiske uorganiske fluorid-metabolitter. Øget risiko ved øget metaboliseringshastighed, fx ved samtidig brug af leverenzyminducerende midler.",True,False
page_09160.html,https://pro.medicin.dk/Medicin/Praeparater/9160#a102,N06AX22,<60 ml/min.,[0],[59],NA,NA,NA,forsigtighed,ingen eller begrænset erfaring,Forsigtighed tilrådes ved moderat til stærkt nedsat nyrefunktion.,True,False
page_09161.html,https://pro.medicin.dk/Medicin/Praeparater/9161#a102,R03BA02,NA,NA,NA,NA,NA,NA,NA,NA,NA,False,False
page_09164.html,https://pro.medicin.dk/Medicin/Praeparater/9164#a102,L04AJ02,NA,NA,NA,NA,NA,NA,NA,NA,NA,False,False
page_09167.html,https://pro.medicin.dk/Medicin/Praeparater/9167#a102,J05AR25,<50 ml/min.,[0],[49],"Kombinationspræparatet er uegnet pga. manglende mulighed for individuel dosisreduktion.For enkeltstofferne gælder flg. retningslinjer:Lamivudin:Voksne og børn med legemsvægt ≥ 25 kgGFRml/minutInitial dosis1 gang dgl.Vedligeholdelsesdosis1 gang dgl.30-50150 mg150 mg15-30150 mg100 mg5-15150 mg50 mg< 550 mg25 mgBørn > 3 mdr. med legemsvægt < 25 kgGFRml/minutInitial dosis1 gang dgl.Vedligeholdelsesdosis1 gang dgl.30-504 mg/kg4 mg/kg15-304 mg/kg2,6 mg/kg5-154 mg/kg1,3 mg/kg< 51,3 mg/kg0,7 mg/kgDolutegravir:Ingen særlige forbehold.Beregn eGFR for patienter ≥ 12 år:",,,kontraindiceret,NA,"30-50: 150 mg: 150 mg; 15-30: 150 mg: 100 mg; 5-15: 150 mg: 50 mg; < 5: 50 mg: 25 mg: 0,7 mg/kg",True,True
page_09170.html,https://pro.medicin.dk/Medicin/Praeparater/9170#a102,H05AA02,<30 ml/min.; 30-60 ml/min.,"[0, 30]","[29, 60]",NA; NA,"['NA', 'NA']","['NA', 'NA']",kontraindiceret; forsigtighed,NA; ingen eller begrænset erfaring,Stigning i AUC på 73 % er set ved stærkt nedsat nyrefunktion. Ingen erfaring vedr. patienter i dialyse med kronisk nyresvigt.; Forsigtighed anbefales ved moderat nedsat nyrefunktion.,True,False
page_09171.html,https://pro.medicin.dk/Medicin/Praeparater/9171#a102,N05AH04,NA,NA,NA,NA,NA,NA,NA,NA,NA,False,False
page_09172.html,https://pro.medicin.dk/Medicin/Praeparater/9172#a102,J01CE02,NA,NA,NA,NA,NA,NA,NA,NA,NA,False,False
page_09175.html,https://pro.medicin.dk/Medicin/Praeparater/9175#a102,B05BA10,<60 ml/min.,[0],[59],NA,NA,NA,forsigtighed,monitorering,"Dosisjustering under hensyn til patientbehov og sværhedsgrad af nyreinsufficiens.Tæt monitorering af væske-, elektrolyt- og syre-base-status.Kontraindiceret ved stærkt nedsat nyrefunktion uden adgang til hæmofiltrering eller hæmodialyse.",True,False
page_09176.html,https://pro.medicin.dk/Medicin/Praeparater/9176#a102,V01AA05,NA,NA,NA,NA,NA,NA,NA,NA,NA,False,False
page_09178.html,https://pro.medicin.dk/Medicin/Praeparater/9178#a102,L01AA05,NA,NA,NA,NA,NA,NA,NA,NA,NA,False,False
page_09179.html,https://pro.medicin.dk/Medicin/Praeparater/9179#a102,L01XK04,<15 ml/min.; 15-30 ml/min.; 30-60 ml/min.,"[0, 15, 30]","[14, 30, 60]",NA; NA; NA,"['NA', 'NA', 'NA']","['NA', 'NA', 'NA']",forsigtighed; forsigtighed; forsigtighed,erfaring savnes; dosisjustering; dosisjustering,"Talazoparib er ikke undersøgt ved GFR < 15 ml/min. eller ved hæmodialyse.; Initialdosis nedsættes til 0,5 mg 1 gang dgl.I kombination med enzalutamid, anbefalet dosis er 0,25 mg 1 gang dgl.; Initialdosis nedsættes til 0,75 mg 1 gang dgl.I kombination med enzalutamid, anbefalet dosis er 0,35 mg 1 gang dgl.",True,False
page_09182.html,https://pro.medicin.dk/Medicin/Praeparater/9182#a102,C09AA03,<30 ml/min.,[0],[29],≥16 år,[16],[150],forsigtighed,dosisjustering,"Hypertension: Initialdosis 2,5-5 mg dgl. Højst 40 mg dgl. Rutinemæssig monitorering af P-kalium og P-kreatinin. Ved opstart accepteres et fald i eGFR på op til 30 %.",True,False
page_09184.html,https://pro.medicin.dk/Medicin/Praeparater/9184#a102,J05AE10,<60 ml/min.,[0],[59],NA,NA,NA,forsigtighed,betinget,Samtidig brug af colchicin er kontraindiceret.,True,False
page_09186.html,https://pro.medicin.dk/Medicin/Praeparater/9186#a102,C08CA13,30-60 ml/min.; <30 ml/min.,"[30, 0]","[60, 29]",NA; NA,"['NA', 'NA']","['NA', 'NA']",forsigtighed; kontraindiceret,øget bivirkningsrisiko; øget bivirkningsrisiko,Lav initialdosis. Forsigtighed ved dosisøgning.; ,True,False
page_09187.html,https://pro.medicin.dk/Medicin/Praeparater/9187#a102,H05AA02,<30 ml/min.; 30-60 ml/min.,"[0, 30]","[29, 60]",NA; NA,"['NA', 'NA']","['NA', 'NA']",kontraindiceret; forsigtighed,NA; ingen eller begrænset erfaring,Stigning i AUC på 73 % er set ved stærkt nedsat nyrefunktion. Ingen erfaring vedr. patienter i dialyse med kronisk nyresvigt.; Forsigtighed anbefales ved moderat nedsat nyrefunktion.,True,False
page_09189.html,https://pro.medicin.dk/Medicin/Praeparater/9189#a102,N07XX02,NA,NA,NA,NA,NA,NA,NA,NA,NA,False,False
page_09190.html,https://pro.medicin.dk/Medicin/Praeparater/9190#a102,G03CX01,NA,NA,NA,NA,NA,NA,NA,NA,NA,False,False
page_09191.html,https://pro.medicin.dk/Medicin/Praeparater/9191#a102,L01AB02,<30 ml/min.,[0],[29],NA,NA,NA,kontraindiceret,erfaring savnes,"Ingen data, da patienter med stærkt nedsat nyrefunktion generelt er udelukket fra alloHSCT.",True,False
page_09193.html,https://pro.medicin.dk/Medicin/Praeparater/9193#a102,J05AE08,NA,NA,NA,NA,NA,NA,NA,NA,NA,False,False
page_09195.html,https://pro.medicin.dk/Medicin/Praeparater/9195#a102,L01AD01,<15 ml/min.; 15-60 ml/min.,"[0, 15]","[14, 60]",NA; NA,"['NA', 'NA']","['NA', 'NA']",kontraindiceret; forsigtighed,øget bivirkningsrisiko; dosisjustering,"Elimination af carmustin er nedsat, da 60-70% udskilles gennem nyrerne.; Dosis bør nedsættes.",True,False
page_09196.html,https://pro.medicin.dk/Medicin/Praeparater/9196#a102,M05BX05,<30 ml/min.,[0],[29],NA,NA,NA,kontraindiceret,erfaring savnes,Kontraindiceret ved stærkt nedsat nyrefunktion eller nyresygdom i slutstadiet. Der findes ingen data.,True,False
page_09200.html,https://pro.medicin.dk/Medicin/Praeparater/9200#a102,L01AA03,<50 ml/min.,[0],[49],NA,NA,NA,forsigtighed,dosisjustering,Initialdosis bør nedsættes til højst 50% af normaldosis. Se i øvrigt speciallitteratur.,True,False
page_09204.html,https://pro.medicin.dk/Medicin/Praeparater/9204#a102,B02AB02,NA,NA,NA,NA,NA,NA,NA,NA,NA,False,False
page_09206.html,https://pro.medicin.dk/Medicin/Praeparater/9206#a102,S01ED51,NA,NA,NA,NA,NA,NA,NA,NA,NA,False,False
page_09207.html,https://pro.medicin.dk/Medicin/Praeparater/9207#a102,S01AD03,NA,NA,NA,NA,NA,NA,NA,NA,NA,False,False
page_09209.html,https://pro.medicin.dk/Medicin/Praeparater/9209#a102,J05AE08,NA,NA,NA,NA,NA,NA,NA,NA,NA,False,False
page_09210.html,https://pro.medicin.dk/Medicin/Praeparater/9210#a102,N04BA02,NA,NA,NA,NA,NA,NA,NA,NA,NA,False,False
page_09211.html,https://pro.medicin.dk/Medicin/Praeparater/9211#a102,C02CA04,NA,NA,NA,NA,NA,NA,NA,NA,NA,False,False
page_09214.html,https://pro.medicin.dk/Medicin/Praeparater/9214#a102,M01AH01,30-60 ml/min.; <30 ml/min.,"[30, 0]","[60, 29]",NA; NA,"['NA', 'NA']","['NA', 'NA']",forsigtighed; kontraindiceret,monitorering; øget bivirkningsrisiko,Prostaglandiner har betydning for opretholdelse af normal nyregennemblødning. NSAID's hæmning af prostaglandinsyntesen kan derfor forårsage nedsat nyregennemblødning og dermed forværret nyrefunktion. Tæt monitorering af nyrefunktionen tilrådes.; Prostaglandiner har betydning for opretholdelse af normal nyregennemblødning. NSAID's hæmning af prostaglandinsyntesen kan derfor forårsage nedsat nyregennemblødning og dermed forværret nyrefunktion,True,False
page_09217.html,https://pro.medicin.dk/Medicin/Praeparater/9217#a102,N02BE51,<30 ml/min.; 30-60 ml/min.,"[0, 30]","[29, 60]",NA; NA,"['NA', 'NA']","['NA', 'NA']",kontraindiceret; forsigtighed,øget bivirkningsrisiko; monitorering,"Ibuprofen: Prostaglandiner har betydning for opretholdelse af normal nyregennemblødning. NSAID's hæmning af prostaglandinsyntesen kan derfor forårsage nedsat nyregennemblødning og dermed forværret nyrefunktion.; Ibuprofen:Prostaglandiner har betydning for opretholdelse af normal nyregennemblødning. NSAID's hæmning af prostaglandinsyntesen kan derfor forårsage nedsat nyregennemblødning og dermed forværret nyrefunktion. Tæt monitorering af nyrefunktionen tilrådes, dette kunne være i form af kontrol af urin for protein, blodtryk og evt. kreatinin-clearance.",True,False
page_09218.html,https://pro.medicin.dk/Medicin/Praeparater/9218#a102,A11CC05,30-60 ml/min.; <30 ml/min.,"[30, 0]","[60, 29]",NA; NA,"['NA', 'NA']","['NA', 'NA']",forsigtighed; forsigtighed,monitorering; NA,"Kontrol af P-calcium og P-fosfat.; Bør ikke anvendes. Ved svær nyreinsufficiens metaboliseres vitamin D i form af cholecalciferol ikke normalt, og der bør anvendes andre former for vitamin D.",True,False
page_09219.html,https://pro.medicin.dk/Medicin/Praeparater/9219#a102,A03AB02,NA,NA,NA,NA,NA,NA,NA,NA,NA,False,False
page_09220.html,https://pro.medicin.dk/Medicin/Praeparater/9220#a102,J07BB02,NA,NA,NA,NA,NA,NA,NA,NA,NA,False,False
page_09224.html,https://pro.medicin.dk/Medicin/Praeparater/9224#a102,C09DA03,<30 ml/min.,[0],[29],NA,NA,NA,forsigtighed,monitorering,Rutinemæssig monitorering af P-kalium og P-kreatinin.,True,False
page_09226.html,https://pro.medicin.dk/Medicin/Praeparater/9226#a102,C09DX01,<30 ml/min.,[0],[29],NA,NA,NA,forsigtighed,monitorering,Rutinemæssig monitorering af P-kalium og P-kreatinin.,True,False
page_09227.html,https://pro.medicin.dk/Medicin/Praeparater/9227#a102,N06BA09,NA,NA,NA,NA,NA,NA,NA,NA,NA,False,False
page_09229.html,https://pro.medicin.dk/Medicin/Praeparater/9229#a102,L01FF06,NA,NA,NA,NA,NA,NA,NA,NA,NA,False,False
page_09230.html,https://pro.medicin.dk/Medicin/Praeparater/9230#a102,L01EX12,NA,NA,NA,NA,NA,NA,NA,NA,NA,False,False
page_09231.html,https://pro.medicin.dk/Medicin/Praeparater/9231#a102,J06BA01,NA,NA,NA,NA,NA,NA,NA,NA,NA,False,False
page_09232.html,https://pro.medicin.dk/Medicin/Praeparater/9232#a102,R01AB06,NA,NA,NA,NA,NA,NA,NA,NA,NA,False,False
page_09235.html,https://pro.medicin.dk/Medicin/Praeparater/9235#a102,B02BD02,NA,NA,NA,NA,NA,NA,NA,NA,NA,False,False
page_09239.html,https://pro.medicin.dk/Medicin/Praeparater/9239#a102,C09CA04,NA,NA,NA,NA,NA,NA,NA,NA,NA,False,False
page_09240.html,https://pro.medicin.dk/Medicin/Praeparater/9240#a102,N05BA06,NA,NA,NA,NA,NA,NA,NA,NA,NA,False,False
page_09241.html,https://pro.medicin.dk/Medicin/Praeparater/9241#a102,A07EC02,<30 ml/min.,[0],[29],NA,NA,NA,kontraindiceret,øget bivirkningsrisiko,Risiko for mesalazininduceret nyreskade.,True,False
page_09242.html,https://pro.medicin.dk/Medicin/Praeparater/9242#a102,N06BA04,<60 ml/min.,[0],[59],NA,NA,NA,forsigtighed,erfaring savnes,Der er ingen erfaring med brug af methylphenidat til patienter med nedsat nyrefunktion.,True,False
page_09243.html,https://pro.medicin.dk/Medicin/Praeparater/9243#a102,J05AB14,<10 ml/min.; <10 ml/min.,"[0, 0]","[9, 9]",2-17 år; ≥17 år,"[2, 17]","[17, 150]",forsigtighed; forsigtighed,dosisjustering; dosisjustering,Højst 70 mg pr. m2legemsoverflade i døgnet.; Behandling af CMV: 200 mg 3 gange om ugen efter dialyse.; Forebyggelse af CMV: 100 mg 3 gange om ugen efter dialyse.: 100 mg 3 gange om ugen efter dialyse.,True,True
page_09244.html,https://pro.medicin.dk/Medicin/Praeparater/9244#a102,J01FA10,<10 ml/min.,[0],[9],NA,NA,NA,forsigtighed,øget bivirkningsrisiko,En stigning i AUC på 33% for azithromycin er set ved GFR < 10 ml/min. Forsigtighed tilrådes.,True,False
page_09248.html,https://pro.medicin.dk/Medicin/Praeparater/9248#a102,N02CD02,NA,NA,NA,NA,NA,NA,NA,NA,NA,False,False
page_09252.html,https://pro.medicin.dk/Medicin/Praeparater/9252#a102,N06BA04,<60 ml/min.,[0],[59],NA,NA,NA,forsigtighed,erfaring savnes,Der er ingen erfaring med brug af methylphenidat til patienter med nedsat nyrefunktion.,True,False
page_09253.html,https://pro.medicin.dk/Medicin/Praeparater/9253#a102,D11AH01,NA,NA,NA,NA,NA,NA,NA,NA,NA,False,False
page_09254.html,https://pro.medicin.dk/Medicin/Praeparater/9254#a102,L01BA01,<20 ml/min.; 20-50 ml/min.,"[0, 20]","[19, 50]",NA; NA,"['NA', 'NA']","['NA', 'NA']",kontraindiceret; forsigtighed,øget bivirkningsrisiko; dosisjustering,"Elimination af methotrexat er nedsat, da det hovedsageligt udskilles gennem nyrerne.; Dosis skal nedsættes til 50 % af normaldosis.",True,False
page_09255.html,https://pro.medicin.dk/Medicin/Praeparater/9255#a102,M05BA04,<35 ml/min.,[0],[34],NA,NA,NA,kontraindiceret,erfaring savnes,"Erfaring savnes ved GFR < 35 ml/min, og anvendelse kan ikke anbefales.",True,False
page_09256.html,https://pro.medicin.dk/Medicin/Praeparater/9256#a102,C01CA24,NA,NA,NA,NA,NA,NA,NA,NA,NA,False,False
page_09257.html,https://pro.medicin.dk/Medicin/Praeparater/9257#a102,G04CB02,NA,NA,NA,NA,NA,NA,NA,NA,NA,False,False
page_09258.html,https://pro.medicin.dk/Medicin/Praeparater/9258#a102,C01EB17,<15 ml/min.,[0],[14],NA,NA,NA,forsigtighed,erfaring savnes,Dosisjustering er ikke nødvendig ved GFR > 15 ml/min. Erfaring savnes ved GFR < 15 ml/min.,True,False
page_09259.html,https://pro.medicin.dk/Medicin/Praeparater/9259#a102,N05CH01,<60 ml/min.,[0],[59],NA,NA,NA,forsigtighed,erfaring savnes,Forsigtighed ved nedsat nyrefunktion pga. manglende erfaring. Anbefales ikke ved stærkt nedsat nyrefunktion. Ingen tegn på akkumulering ved stabil hæmodialyse.,True,False
page_09260.html,https://pro.medicin.dk/Medicin/Praeparater/9260#a102,N04BC04,<30 ml/min.,[0],[29],NA,NA,NA,kontraindiceret,erfaring savnes,"Erfaring savnes.Mulige alternativer, se Dopaminagonister.",True,False
page_09261.html,https://pro.medicin.dk/Medicin/Praeparater/9261#a102,G03AC09,NA,NA,NA,NA,NA,NA,NA,NA,NA,False,False
page_09262.html,https://pro.medicin.dk/Medicin/Praeparater/9262#a102,L03AB15,<15 ml/min.; 30-60 ml/min.; 15-30 ml/min.,"[0, 30, 15]","[14, 60, 30]",NA; NA; NA,"['NA', 'NA', 'NA']","['NA', 'NA', 'NA']",kontraindiceret; forsigtighed; forsigtighed,NA; hjælpestoffer; dosisjustering,Kontraindiceret.; BenzylalkoholBesremi injektionsvæske indeholder benzylalkohol der skal bruges med forsigtighed ved nedsat nyre- og leverfunktion. Læs mereher.; Initialdosis nedsættes til 50 mikrogram.BenzylalkoholBesremi injektionsvæske indeholder benzylalkohol der skal bruges med forsigtighed ved nedsat nyre- og leverfunktion. Læs mereher.,True,False
page_09263.html,https://pro.medicin.dk/Medicin/Praeparater/9263#a102,C01BD07,<30 ml/min.,[0],[29],NA,NA,NA,kontraindiceret,erfaring savnes,Kontraindiceret pga. manglende data.,True,False
page_09264.html,https://pro.medicin.dk/Medicin/Praeparater/9264#a102,C09DA01,<30 ml/min.,[0],[29],NA,NA,NA,forsigtighed,monitorering,Rutinemæssig monitorering af P-kalium og P-kreatinin.,True,False
page_09266.html,https://pro.medicin.dk/Medicin/Praeparater/9266#a102,A02BC02,NA,NA,NA,NA,NA,NA,NA,NA,NA,False,False
page_09269.html,https://pro.medicin.dk/Medicin/Praeparater/9269#a102,G03AA12,<30 ml/min.,[0],[29],NA,NA,NA,kontraindiceret,NA,Højere serumkoncentration af drospirenon er set ved nedsat nyrefunktion.,True,False
page_09270.html,https://pro.medicin.dk/Medicin/Praeparater/9270#a102,L01EX13,<30 ml/min.,[0],[29],NA,NA,NA,forsigtighed,øget bivirkningsrisiko,Dosisjustering er ikke nødvendig ved let til moderat nedsat nyrefunktion. Ved GFR < 30 ml/min er der øget risiko for bivirkninger.,True,False
page_09271.html,https://pro.medicin.dk/Medicin/Praeparater/9271#a102,A16AX12,NA,NA,NA,NA,NA,NA,NA,NA,NA,False,False
page_09273.html,https://pro.medicin.dk/Medicin/Praeparater/9273#a102,S01ED51,NA,NA,NA,NA,NA,NA,NA,NA,NA,False,False
page_09275.html,https://pro.medicin.dk/Medicin/Praeparater/9275#a102,M01AE02,30-60 ml/min.; <30 ml/min.,"[30, 0]","[60, 29]",NA; NA,"['NA', 'NA']","['NA', 'NA']",forsigtighed; kontraindiceret,monitorering; øget bivirkningsrisiko,Prostaglandiner har betydning for opretholdelse af normal nyregennemblødning. NSAID's hæmning af prostaglandinsyntesen kan derfor forårsage nedsat nyregennemblødning og dermed forværret nyrefunktion. Tæt monitorering af nyrefunktionen tilrådes.; Prostaglandiner har betydning for opretholdelse af normal nyregennemblødning. NSAID's hæmning af prostaglandinsyntesen kan derfor forårsage nedsat nyregennemblødning og dermed forværret nyrefunktion.,True,False
page_09278.html,https://pro.medicin.dk/Medicin/Praeparater/9278#a102,J02AC04,NA,NA,NA,NA,NA,NA,NA,NA,NA,False,False
page_09281.html,https://pro.medicin.dk/Medicin/Praeparater/9281#a102,J01CA04,<10 ml/min.,[0],[9],NA,NA,NA,forsigtighed,dosisjustering,Dosis 250 mg -1.000 mg 3 gange dgl. Højst 6 g dgl. ved endocarditis.Ved behandling i kortere tid er dosisreduktion ikke nødvendigt.,True,False
page_09282.html,https://pro.medicin.dk/Medicin/Praeparater/9282#a102,C09AA01,<10 ml/min.; 10-20 ml/min.; 10-50 ml/min.; 20-40 ml/min.,"[0, 10, 10, 20]","[9, 20, 50, 40]",≥17 år; ≥17 år; 2-17 år; ≥17 år,"[17, 17, 2, 17]","[150, 150, 17, 150]",forsigtighed; forsigtighed; forsigtighed; forsigtighed,dosisjustering; dosisjustering; dosisjustering; dosisjustering,"Initialdosis 6,25 mg dgl. Højst 37,5 mg dgl.Rutinemæssig monitorering af P-kalium og P-kreatinin.; Initialdosis 12,5 mg dgl. Højst 75 mg dgl.Rutinemæssig monitorering af P-kalium og P-kreatinin.; Initialdosis 0,15 mg/kg under tæt overvågning. Højst 3 mg/kg legemsvægt dgl. fordelt på 3 doser.; Initialdosis 25 mg dgl. Højst 100 mg dgl.Rutinemæssig monitorering af P-kalium og P-kreatinin.",True,False
page_09283.html,https://pro.medicin.dk/Medicin/Praeparater/9283#a102,J01CA04,<60 ml/min.; <10 ml/min.,"[0, 0]","[59, 9]",NA; NA,"['NA', 'NA']","['NA', 'NA']",forsigtighed; forsigtighed,hjælpestoffer; dosisjustering,Indeholder benzylalkohol der skal bruges med forsigtighed ved nedsat nyre- og leverfunktion. Læs mereher.; Dosis 250 mg -1.000 mg 3 gange dgl. Højst 6 g dgl. ved endocarditis.Ved behandling i kortere tid er dosisreduktion ikke nødvendigt.,True,False
page_09284.html,https://pro.medicin.dk/Medicin/Praeparater/9284#a102,S01CA01,NA,NA,NA,NA,NA,NA,NA,NA,NA,False,False
page_09286.html,https://pro.medicin.dk/Medicin/Praeparater/9286#a102,L02BB05,<30 ml/min.,[0],[29],NA,NA,NA,forsigtighed,erfaring savnes,"Dosisjustering er ikke nødvendig ved let til moderat nedsat nyrefunktion. Erfaring savnes ved GFR < 30 ml/min. Der findes ingen data, og forsigtighed tilrådes.",True,False
page_09287.html,https://pro.medicin.dk/Medicin/Praeparater/9287#a102,C08DA01,NA,NA,NA,NA,NA,NA,NA,NA,NA,False,False
page_09288.html,https://pro.medicin.dk/Medicin/Praeparater/9288#a102,B01AA03,<30 ml/min.,[0],[29],NA,NA,NA,forsigtighed,monitorering,Tæt monitorering ved nedsat nyrefunktion pga. øget blødningsrisiko.,True,False
page_09293.html,https://pro.medicin.dk/Medicin/Praeparater/9293#a102,C02CA04,NA,NA,NA,NA,NA,NA,NA,NA,NA,False,False
page_09295.html,https://pro.medicin.dk/Medicin/Praeparater/9295#a102,B03BB01,NA,NA,NA,NA,NA,NA,NA,NA,NA,False,False
page_09298.html,https://pro.medicin.dk/Medicin/Praeparater/9298#a102,A02BC01,NA,NA,NA,NA,NA,NA,NA,NA,NA,False,False
page_09299.html,https://pro.medicin.dk/Medicin/Praeparater/9299#a102,M05BA07,<30 ml/min.,[0],[29],NA,NA,NA,kontraindiceret,NA,Renal clearance for risedronat er ca. 70% reduceret ved stærkt nedsat nyrefunktion.,True,False
page_09300.html,https://pro.medicin.dk/Medicin/Praeparater/9300#a102,L01FD01,NA,NA,NA,NA,NA,NA,NA,NA,NA,False,False
page_09301.html,https://pro.medicin.dk/Medicin/Praeparater/9301#a102,N06AX11,<40 ml/min.,[0],[39],NA,NA,NA,forsigtighed,dosisjustering,"Lav initialdosis (7,5-15 mg) og langsom optitrering.Tæt monitorering anbefales pga. fald i clearance på 30 % ved GFR < 40 ml/min og på 50 % ved GFR < 10 ml/min.",True,False
page_09304.html,https://pro.medicin.dk/Medicin/Praeparater/9304#a102,L04AF03,<15 ml/min.; 15-30 ml/min.,"[0, 15]","[14, 30]",NA; NA,"['NA', 'NA']","['NA', 'NA']",forsigtighed; forsigtighed,ingen eller begrænset erfaring; dosisjustering,Erfaring savnes ved behandling af patienter med nyresygdom i slutstadie.; Initialt: Colitis ulcerosa: 30 mg.Vedligeholdelsesdosis ved alle indikationer: 15 mg dgl.,True,False
page_09307.html,https://pro.medicin.dk/Medicin/Praeparater/9307#a102,R03BA02,NA,NA,NA,NA,NA,NA,NA,NA,NA,False,False
page_09308.html,https://pro.medicin.dk/Medicin/Praeparater/9308#a102,L01AA01,<50 ml/min.,[0],[49],NA,NA,NA,forsigtighed,dosisjustering,Dosis bør nedsættes pga. risiko for øget toksicitet.,True,False
page_09309.html,https://pro.medicin.dk/Medicin/Praeparater/9309#a102,L01EA02,NA,NA,NA,NA,NA,NA,NA,NA,NA,False,False
page_09312.html,https://pro.medicin.dk/Medicin/Praeparater/9312#a102,N01AX14,NA,NA,NA,NA,NA,NA,NA,NA,NA,False,False
page_09314.html,https://pro.medicin.dk/Medicin/Praeparater/9314#a102,L01BC05,NA,NA,NA,NA,NA,NA,NA,NA,NA,False,False
page_09317.html,https://pro.medicin.dk/Medicin/Praeparater/9317#a102,S01XA27,NA,NA,NA,NA,NA,NA,NA,NA,NA,False,False
page_09320.html,https://pro.medicin.dk/Medicin/Praeparater/9320#a102,N05CH01,<60 ml/min.,[0],[59],NA,NA,NA,forsigtighed,erfaring savnes,Forsigtighed ved nedsat nyrefunktion pga. manglende erfaring. Anbefales ikke ved stærkt nedsat nyrefunktion. Ingen tegn på akkumulering ved stabil hæmodialyse.,True,False
page_09321.html,https://pro.medicin.dk/Medicin/Praeparater/9321#a102,C07AB02,NA,NA,NA,NA,NA,NA,NA,NA,NA,False,False
page_09323.html,https://pro.medicin.dk/Medicin/Praeparater/9323#a102,N05CH01,<60 ml/min.,[0],[59],NA,NA,NA,forsigtighed,erfaring savnes,Forsigtighed ved nedsat nyrefunktion pga. manglende erfaring. Anbefales ikke ved stærkt nedsat nyrefunktion. Ingen tegn på akkumulering ved stabil hæmodialyse.,True,False
page_09324.html,https://pro.medicin.dk/Medicin/Praeparater/9324#a102,A07DA03,NA,NA,NA,NA,NA,NA,NA,NA,NA,False,False
page_09326.html,https://pro.medicin.dk/Medicin/Praeparater/9326#a102,C01CA24,NA,NA,NA,NA,NA,NA,NA,NA,NA,False,False
page_09327.html,https://pro.medicin.dk/Medicin/Praeparater/9327#a102,N01AH02,<60 ml/min.,[0],[59],NA,NA,NA,forsigtighed,monitorering,Forsigtig dosistitrering og længere postoperativ observation.,True,False
page_09328.html,https://pro.medicin.dk/Medicin/Praeparater/9328#a102,L01AA09,NA,NA,NA,NA,NA,NA,NA,NA,NA,False,False
page_09331.html,https://pro.medicin.dk/Medicin/Praeparater/9331#a102,J05AE10,<60 ml/min.,[0],[59],NA,NA,NA,forsigtighed,betinget,Samtidig brug af colchicin er kontraindiceret.,True,False
page_09333.html,https://pro.medicin.dk/Medicin/Praeparater/9333#a102,B01AB05,<30 ml/min.,[0],[29],≥17 år,[17],[150],forsigtighed,dosisjustering,Tromboseprofylakse: 20 mg (2.000 IE) 1 gang dgl.; Behandling af DVT og PE: 1 mg/kg (100 IE/kg) 1 gang dgl.; Behandling af UAP og NSTEMI: 1 mg/kg (100 IE/kg) 1 gang dgl.; Behandling af akut STEMIAlder < 75 år: Bolus 30 mg (3.000 IE) i.v.Herefter 1 mg/kg (100 IE/kg) s.c. 1 gang dgl.; Behandling af akut STEMIAlder ≥ 75 år: Ingen i.v.-bolus.1 mg/kg (100 IE/kg) s.c. 1 gang dgl.: Ingen i.v.-bolus.1 mg/kg (100 IE/kg) s.c. 1 gang dgl.,True,True
page_09335.html,https://pro.medicin.dk/Medicin/Praeparater/9335#a102,M01AB15,<30 ml/min.; 30-60 ml/min.,"[0, 30]","[29, 60]",NA; NA,"['NA', 'NA']","['NA', 'NA']",kontraindiceret; forsigtighed,øget bivirkningsrisiko; dosisjustering,"Prostaglandiner har betydning for opretholdelse af normal nyregennemblødning. NSAID's hæmning af prostaglandinsyntesen kan derfor forårsage nedsat nyregennemblødning og dermed forværret nyrefunktion.; Dosis bør nedsættes. 10-15 mg hver 4.-6. time, maksimalt 60 mg i døgnet.Prostaglandiner har betydning for opretholdelse af normal nyregennemblødning. NSAID's hæmning af prostaglandinsyntesen kan derfor forårsage nedsat nyregennemblødning og dermed forværret nyrefunktion. Tæt monitorering af nyrefunktionen tilrådes, dette kunne være i form af kontrol af urin for protein, blodtryk og evt. kreatinin-clearance.",True,False
page_09336.html,https://pro.medicin.dk/Medicin/Praeparater/9336#a102,N04BA03,NA,NA,NA,NA,NA,NA,NA,NA,NA,False,False
page_09337.html,https://pro.medicin.dk/Medicin/Praeparater/9337#a102,B01AC30,<60 ml/min.,[0],[59],NA,NA,NA,forsigtighed,øget bivirkningsrisiko,Forsigtighed pga. øget risiko for bivirkninger af acetylsalicylsyre.,True,False
page_09338.html,https://pro.medicin.dk/Medicin/Praeparater/9338#a102,A04AA05,NA,NA,NA,NA,NA,NA,NA,NA,NA,False,False
page_09341.html,https://pro.medicin.dk/Medicin/Praeparater/9341#a102,L03AA13,NA,NA,NA,NA,NA,NA,NA,NA,NA,False,False
page_09342.html,https://pro.medicin.dk/Medicin/Praeparater/9342#a102,M03AC09,<60 ml/min.,[0],[59],NA,NA,NA,forsigtighed,øget bivirkningsrisiko,Virkningsvarigheden forlænges ved nedsat nyrefunktion.,True,False
page_09346.html,https://pro.medicin.dk/Medicin/Praeparater/9346#a102,C01BD01,<60 ml/min.,[0],[59],NA,NA,NA,forsigtighed,hjælpestoffer,"BenzylalkoholCordarone® injektionsvæske og Amiodaron ""Hameln"" koncentrat til injektions-/infusionsvæske indeholder benzylalkohol der skal bruges med forsigtighed ved nedsat nyre- og leverfunktion. Læs mereher.",True,False
page_09347.html,https://pro.medicin.dk/Medicin/Praeparater/9347#a102,J01CA04,<60 ml/min.; <10 ml/min.,"[0, 0]","[59, 9]",NA; NA,"['NA', 'NA']","['NA', 'NA']",forsigtighed; forsigtighed,hjælpestoffer; dosisjustering,Indeholder benzylalkohol der skal bruges med forsigtighed ved nedsat nyre- og leverfunktion. Læs mereher.; Dosis 250 mg -1.000 mg 3 gange dgl. Højst 6 g dgl. ved endocarditis.Ved behandling i kortere tid er dosisreduktion ikke nødvendigt.,True,False
page_09348.html,https://pro.medicin.dk/Medicin/Praeparater/9348#a102,A10BB09,30-60 ml/min.; <30 ml/min.,"[30, 0]","[60, 29]",NA; NA,"['NA', 'NA']","['NA', 'NA']",forsigtighed; kontraindiceret,øget bivirkningsrisiko; øget bivirkningsrisiko,"Halvering af dosis. Startdosis er 30 mg dgl. Optitrér langsomt for at undgå hypoglykæmi.; Kontraindiceret pga. stor risiko for hypoglykæmi. Alternativer, seβ-cellestimulerende midler.",True,False
page_09350.html,https://pro.medicin.dk/Medicin/Praeparater/9350#a102,R01AX03,NA,NA,NA,NA,NA,NA,NA,NA,NA,False,False
page_09351.html,https://pro.medicin.dk/Medicin/Praeparater/9351#a102,N05CH01,<60 ml/min.,[0],[59],NA,NA,NA,forsigtighed,erfaring savnes,Forsigtighed ved nedsat nyrefunktion pga. manglende erfaring. Anbefales ikke ved stærkt nedsat nyrefunktion. Ingen tegn på akkumulering ved stabil hæmodialyse.,True,False
page_09354.html,https://pro.medicin.dk/Medicin/Praeparater/9354#a102,D11AH01,NA,NA,NA,NA,NA,NA,NA,NA,NA,False,False
page_09355.html,https://pro.medicin.dk/Medicin/Praeparater/9355#a102,G04CA02,<10 ml/min.,[0],[9],NA,NA,NA,forsigtighed,erfaring savnes,Forsigtighed ved stærkt nedsat nyrefunktion med GFR < 10 ml/min. pga. manglende erfaring.,True,False
page_09358.html,https://pro.medicin.dk/Medicin/Praeparater/9358#a102,N07BB03,<30 ml/min.; 30-50 ml/min.,"[0, 30]","[29, 50]",NA; ≥18 år,"['NA', 18]","['NA', 150]",kontraindiceret; forsigtighed,øget bivirkningsrisiko; dosisjustering,Udskilles uomdannet gennem nyrerne. Kontraindiceret pga. risiko for akkumulering af stoffet.; Højst 333 mg 3 gange dgl.,True,False
page_09360.html,https://pro.medicin.dk/Medicin/Praeparater/9360#a102,C07AB07,<15 ml/min.,[0],[14],≥17 år,[17],[150],forsigtighed,dosisjustering,Højst 10 mg dgl.,True,False
page_09361.html,https://pro.medicin.dk/Medicin/Praeparater/9361#a102,N04BA02,NA,NA,NA,NA,NA,NA,NA,NA,NA,False,False
page_09365.html,https://pro.medicin.dk/Medicin/Praeparater/9365#a102,J05AR10,<60 ml/min.,[0],[59],NA,NA,NA,forsigtighed,betinget,Samtidig brug afcolchiciner kontraindiceret pga. høj risiko for alvorlige og livstruende reaktioner som neuromuskulær toksicitet.,True,False
page_09366.html,https://pro.medicin.dk/Medicin/Praeparater/9366#a102,A10BA02,<30 ml/min.; 30-45 ml/min.,"[0, 30]","[29, 45]",NA; ≥10 år,"['NA', 10]","['NA', 150]",kontraindiceret; forsigtighed,NA; dosisjustering,"Mulige alternativer, se Type 2-diabetes; Højst 500 mg metformin 2 gange dgl.",True,False
page_09367.html,https://pro.medicin.dk/Medicin/Praeparater/9367#a102,N02AA01,<30 ml/min.; 30-50 ml/min.,"[0, 30]","[29, 50]",NA; NA,"['NA', 'NA']","['NA', 'NA']",forsigtighed; forsigtighed,dosisjustering; dosisjustering,Dosis nedsættes til 25% af normaldosis med uændret dosisinterval.Velbehandlede patienter med stabil nyrefunktion < 30 ml/min. kan fortsætte behandling indtil GFR 10 ml/min.; Dosis nedsættes til 75 % af normaldosis.,True,False
page_09368.html,https://pro.medicin.dk/Medicin/Praeparater/9368#a102,N01AX10,<60 ml/min.,[0],[59],NA,NA,NA,forsigtighed,dosisjustering,Forsigtig dosistitrering og længere postoperativ observation.,True,False
page_09369.html,https://pro.medicin.dk/Medicin/Praeparater/9369#a102,C10AA07,<60 ml/min.; 10-30 ml/min.,"[0, 10]","[59, 30]",≥17 år; 6-17 år,"[17, 6]","[150, 17]",forsigtighed; forsigtighed,dosisjustering; dosisjustering,Initialdosis 5 mg. Kan øges til højst 20 mg dgl.; Initialdosis 5 mg. Kan øges til højst 10 mg dgl.,True,False
page_09370.html,https://pro.medicin.dk/Medicin/Praeparater/9370#a102,N02AA01,<30 ml/min.; 30-50 ml/min.,"[0, 30]","[29, 50]",NA; NA,"['NA', 'NA']","['NA', 'NA']",forsigtighed; forsigtighed,dosisjustering; dosisjustering,Dosis nedsættes til 25% af normaldosis med uændret dosisinterval.Velbehandlede patienter med stabil nyrefunktion < 30 ml/min. kan fortsætte behandling indtil GFR 10 ml/min.; Dosis nedsættes til 75 % af normaldosis.,True,False
page_09372.html,https://pro.medicin.dk/Medicin/Praeparater/9372#a102,N06AX27,<30 ml/min.,[0],[29],NA,NA,NA,forsigtighed,betinget,Ingen erfaring med patienter i dialyse.,True,False
page_09373.html,https://pro.medicin.dk/Medicin/Praeparater/9373#a102,C08CA01,NA,NA,NA,NA,NA,NA,NA,NA,NA,False,False
page_09374.html,https://pro.medicin.dk/Medicin/Praeparater/9374#a102,C07AB07,<15 ml/min.,[0],[14],≥17 år,[17],[150],forsigtighed,dosisjustering,Højst 10 mg dgl.,True,False
page_09375.html,https://pro.medicin.dk/Medicin/Praeparater/9375#a102,D05AX52,NA,NA,NA,NA,NA,NA,NA,NA,NA,False,False
page_09376.html,https://pro.medicin.dk/Medicin/Praeparater/9376#a102,L01EB02,<15 ml/min.,[0],[14],NA,NA,NA,forsigtighed,erfaring savnes,Dosisjustering er ikke nødvendig ved GFR > 15 ml/min. Erfaring savnes ved GFR < 15 ml/min.,True,False
page_09378.html,https://pro.medicin.dk/Medicin/Praeparater/9378#a102,M05BX06,<30 ml/min.,[0],[29],NA,NA,NA,forsigtighed,monitorering,Øget risiko for hypocalcæmi. Tæt monitorering af calciumniveau tilrådes.,True,False
page_09380.html,https://pro.medicin.dk/Medicin/Praeparater/9380#a102,C01EB17,<15 ml/min.,[0],[14],NA,NA,NA,forsigtighed,erfaring savnes,Dosisjustering er ikke nødvendig ved GFR > 15 ml/min. Erfaring savnes ved GFR < 15 ml/min.,True,False
page_09382.html,https://pro.medicin.dk/Medicin/Praeparater/9382#a102,L04AE03,NA,NA,NA,NA,NA,NA,NA,NA,NA,False,False
page_09383.html,https://pro.medicin.dk/Medicin/Praeparater/9383#a102,L04AX03,<20 ml/min.; 20-50 ml/min.; 20-50 ml/min.,"[0, 20, 20]","[19, 50, 50]",NA; 3-17 år,"['NA', 3]","['NA', 17]",kontraindiceret; forsigtighed,øget bivirkningsrisiko; dosisjustering,"Elimination af methotrexat er nedsat, da det hovedsageligt udskilles gennem nyrerne.; Juvenil reumatoid artritis: 10 mg pr. m2legemsoverflade1 gang om ugen; Akut lymfatisk leukæmi: 20 mg pr. m2legemsoverflade1 gang om ugen: 20 mg pr. m2legemsoverflade1 gang om ugen",True,True
page_09384.html,https://pro.medicin.dk/Medicin/Praeparater/9384#a102,C07AB02,NA,NA,NA,NA,NA,NA,NA,NA,NA,False,False
page_09386.html,https://pro.medicin.dk/Medicin/Praeparater/9386#a102,C03BA08,<60 ml/min.,[0],[59],NA,NA,NA,forsigtighed,øget bivirkningsrisiko,"Forsigtighed ved nedsat nyrefunktion, da metolazon hovedsageligt udskilles via nyrerne.",True,False
page_09389.html,https://pro.medicin.dk/Medicin/Praeparater/9389#a102,L01BC07,NA,NA,NA,NA,NA,NA,NA,NA,NA,False,False
page_09390.html,https://pro.medicin.dk/Medicin/Praeparater/9390#a102,L01EB02,<15 ml/min.,[0],[14],NA,NA,NA,forsigtighed,erfaring savnes,Dosisjustering er ikke nødvendig ved GFR > 15 ml/min. Erfaring savnes ved GFR < 15 ml/min.,True,False
page_09393.html,https://pro.medicin.dk/Medicin/Praeparater/9393#a102,C07AB02,NA,NA,NA,NA,NA,NA,NA,NA,NA,False,False
page_09394.html,https://pro.medicin.dk/Medicin/Praeparater/9394#a102,N06BA07,NA,NA,NA,NA,NA,NA,NA,NA,NA,False,False
page_09395.html,https://pro.medicin.dk/Medicin/Praeparater/9395#a102,C09AA04,<30 ml/min.,[0],[29],≥18 år,[18],[150],forsigtighed,dosisjustering,"Højst 2,5 mg hver anden dag.",True,False
page_09396.html,https://pro.medicin.dk/Medicin/Praeparater/9396#a102,C09CA03,<30 ml/min.,[0],[29],NA,NA,NA,forsigtighed,monitorering,Rutinemæssig monitorering af P-kalium og P-kreatinin.GFR < 10 ml/min:Erfaring savnes vedr. voksne.GFR < 30 ml/min:Erfaring savnes vedr. børn 6-18 år.,True,False
page_09397.html,https://pro.medicin.dk/Medicin/Praeparater/9397#a102,N06AX16,30-60 ml/min.; <30 ml/min.,"[30, 0]","[60, 29]",NA; ≥18 år,"['NA', 18]","['NA', 150]",forsigtighed; forsigtighed,monitorering; dosisjustering,"Dosisjustering er ikke nødvendig, men forsigtighed tilrådes. Anvend lavest mulige dosis og overvåg patienten omhyggeligt, hvis en dosisøgning er nødvendig.; Angst, panikangst og socialfobi: Højst 113 mg dgl.; Depression, forebyggelse af depression: Højst 188 mg dgl.: Højst 188 mg dgl.",True,True
page_09399.html,https://pro.medicin.dk/Medicin/Praeparater/9399#a102,S01LA06,NA,NA,NA,NA,NA,NA,NA,NA,NA,False,False
page_09400.html,https://pro.medicin.dk/Medicin/Praeparater/9400#a102,J01DC02,<30 ml/min.,[0],[29],GFROral dosis (voksne)10-30 ml/min.Dosis hver 24. time< 10 ml/min.Dosis hver 48. timeHæmodialyse1 ekstra dosis efter hver dialyse,,,forsigtighed,dosisjustering,10-30 ml/min.: Dosis hver 24. time; < 10 ml/min.: Dosis hver 48. time; Hæmodialyse: 1 ekstra dosis efter hver dialyse: 1 ekstra dosis efter hver dialyse,True,True
page_09402.html,https://pro.medicin.dk/Medicin/Praeparater/9402#a102,C09CA03,<30 ml/min.,[0],[29],NA,NA,NA,forsigtighed,monitorering,Rutinemæssig monitorering af P-kalium og P-kreatinin.GFR < 10 ml/min:Erfaring savnes vedr. voksne.GFR < 30 ml/min:Erfaring savnes vedr. børn 6-18 år.,True,False
page_09403.html,https://pro.medicin.dk/Medicin/Praeparater/9403#a102,G04CA52,<10 ml/min.,[0],[9],NA,NA,NA,forsigtighed,erfaring savnes,Forsigtighed ved stærkt nedsat nyrefunktion med GFR < 10 ml/min. pga. manglende erfaring.,True,False
page_09406.html,https://pro.medicin.dk/Medicin/Praeparater/9406#a102,L02BB06,<15 ml/min.; 15-29 ml/min.,"[0, 15]","[14, 29]",NA; NA,"['NA', 'NA']","['NA', 'NA']",kontraindiceret; forsigtighed,erfaring savnes; dosisjustering,Ingen erfaring ved GFR < 15 ml/min.; Startdosis nedsættes til 300 mg 2 gange dgl.Omhyggelig monitorering for bivirkninger pga. begrænset erfaring.,True,False
page_09407.html,https://pro.medicin.dk/Medicin/Praeparater/9407#a102,N06AB05,<30 ml/min.,[0],[29],≥18 år,[18],[150],forsigtighed,dosisjustering,Højst 40 mg dgl.Øgede plasmakoncentrationer af paroxetin ses ved svært nedsat nyrefunktion. Der anbefales dosering i den lave del af dosisområdet.,True,False
page_09409.html,https://pro.medicin.dk/Medicin/Praeparater/9409#a102,P02CF01,NA,NA,NA,NA,NA,NA,NA,NA,NA,False,False
page_09410.html,https://pro.medicin.dk/Medicin/Praeparater/9410#a102,A05AA02,NA,NA,NA,NA,NA,NA,NA,NA,NA,False,False
page_09413.html,https://pro.medicin.dk/Medicin/Praeparater/9413#a102,L01BC07,NA,NA,NA,NA,NA,NA,NA,NA,NA,False,False
page_09414.html,https://pro.medicin.dk/Medicin/Praeparater/9414#a102,J01FA10,<10 ml/min.,[0],[9],NA,NA,NA,forsigtighed,øget bivirkningsrisiko,En stigning i AUC på 33% for azithromycin er set ved GFR < 10 ml/min. Forsigtighed tilrådes.,True,False
page_09415.html,https://pro.medicin.dk/Medicin/Praeparater/9415#a102,S01EE03,NA,NA,NA,NA,NA,NA,NA,NA,NA,False,False
page_09416.html,https://pro.medicin.dk/Medicin/Praeparater/9416#a102,C07AB07,<15 ml/min.,[0],[14],≥17 år,[17],[150],forsigtighed,dosisjustering,Højst 10 mg dgl.,True,False
page_09417.html,https://pro.medicin.dk/Medicin/Praeparater/9417#a102,H05BX01,NA,NA,NA,NA,NA,NA,NA,NA,NA,False,False
page_09418.html,https://pro.medicin.dk/Medicin/Praeparater/9418#a102,J05AR06,<50 ml/min.,[0],[49],"Kombinationspræparatet er uegnet pga. manglende mulighed for individuel dosisreduktion.For enkeltstofferne gælder flg. retningslinjer:Efavirenz:Ingen dosisjusteringEmtricitabin:GFR 15-30 ml/min: Dosis nedsættes til 200 mg hver 72. time.GFR < 15 ml/min: Dosis nedsættes til 200 mg hver 96. time.Tenofovirdisoproxil:GFRml/minutDosis (voksne)30-50132 mg 1 gang dgl.20-3066 mg 1 gang dgl.10-2033 mg 1 gang dgl.< 10Bør kun anvendes i forbindelse med dialyse: 16,5 mg efter afslutning af hver 4-timers dialyseBemærk:GFR < 50 ml/min. Nyrefunktionen skal følges tæt.GFR < 30 ml/min: Bør ikke anvendes, medmindre der ikke findes alternativ behandling.Børn: Bør ikke anvendes.",,,forsigtighed,dosisjustering,"30-50: 132 mg 1 gang dgl.; 20-30: 66 mg 1 gang dgl.; 10-20: 33 mg 1 gang dgl.; < 10: Bør kun anvendes i forbindelse med dialyse: 16,5 mg efter afslutning af hver 4-timers dialyse; Bemærk:GFR < 50 ml/min. Nyrefunktionen skal følges tæt.GFR < 30 ml/min: Bør ikke anvendes, medmindre der ikke findes alternativ behandling.Børn: Bør ikke anvendes.: Bemærk:GFR < 50 ml/min. Nyrefunktionen skal følges tæt.GFR < 30 ml/min: Bør ikke anvendes, medmindre der ikke findes alternativ behandling.Børn: Bør ikke anvendes.",True,True
page_09421.html,https://pro.medicin.dk/Medicin/Praeparater/9421#a102,C01BB02,<30 ml/min.,[0],[29],NA,NA,NA,forsigtighed,ingen eller begrænset erfaring,"Begrænset erfaring, anbefales ikke.",True,False
page_09424.html,https://pro.medicin.dk/Medicin/Praeparater/9424#a102,N05AH02,<10 ml/min.; 10-50 ml/min.,"[0, 10]","[9, 50]",NA; NA,"['NA', 'NA']","['NA', 'NA']",forsigtighed; forsigtighed,dosisjustering; dosisjustering,Dosisreduktion kan være nødvendig ved signifikant nedsat nyrefunktion(5918). Ved GFR < 10 ml/min. bør behandlingen initieres med lavest anbefalede dosis og langsom op-titrering anbefales(5273). Angivet som kontraindiceret ved svære nyreforstyrrelser i produktresume.; Dosisreduktion kan være nødvendig ved signifikant nedsat nyrefunktion(5918). Angivet som kontraindiceret ved svære nyreforstyrrelser i produktresume.,True,False
page_09425.html,https://pro.medicin.dk/Medicin/Praeparater/9425#a102,C09CA01,<30 ml/min.,[0],[29],NA,NA,NA,forsigtighed,monitorering,Rutinemæssig monitorering af P-kalium og P-kreatinin.,True,False
page_09427.html,https://pro.medicin.dk/Medicin/Praeparater/9427#a102,N03AX09,NA,NA,NA,NA,NA,NA,NA,NA,"Kronisk nyresvigt påvirker ikke plasmakoncentrationen af lamotrigin, men der kan forventes akkumulering af glucuronidmetabolitten. Ved patienter med nyresvigt i slutstadiet skal initialdosis baseres på de lægemidler, som patienten tager samtidigt, og lavere vedligeholdelsesdoser kan være effektive.",True,False
page_09428.html,https://pro.medicin.dk/Medicin/Praeparater/9428#a102,G03AA07,NA,NA,NA,NA,NA,NA,NA,NA,NA,False,False
page_09429.html,https://pro.medicin.dk/Medicin/Praeparater/9429#a102,N03AX14,<30 ml/min.; <30 ml/min.; <30 ml/min.; 30-50 ml/min.; 30-50 ml/min.; 30-50 ml/min.; 50-80 ml/min.; 50-80 ml/min.; 50-80 ml/min.,"[0, 0, 0, 30, 30, 30, 50, 50, 50]","[29, 29, 29, 50, 50, 50, 80, 80, 80]",2-17 år; 12-17 år; ≥17 år; 2-17 år; 12-17 år; ≥17 år; 2-17 år; 12-17 år; ≥17 år,"[2, 12, 17, 2, 12, 17, 2, 12, 17]","[17, 17, 150, 17, 17, 150, 17, 17, 150]",forsigtighed; forsigtighed; forsigtighed; forsigtighed; forsigtighed; forsigtighed; forsigtighed; forsigtighed; forsigtighed,dosisjustering; dosisjustering; dosisjustering; dosisjustering; dosisjustering; dosisjustering; dosisjustering; dosisjustering; dosisjustering,Højst 20 mg pr. kg legemsvægt dgl.; Højst 1.000 mg dgl.Samme dosis til patienter i dialyse. Efter dialyse anbefales 250 mg til 500 mg som supplerende dosis.; Højst 1.000 mg dgl.Samme dosis til patienter i dialyse. Efter dialyse anbefales 250 mg til 500 mg som supplerende dosis.; Højst 30 mg pr. kg legemsvægt dgl.; Højst 1.500 mg dgl.; Højst 1.500 mg dgl.; Højst 40 mg pr. kg legemsvægt dgl.; Højst 2.000 mg dgl.; Højst 2.000 mg dgl.,True,False
page_09430.html,https://pro.medicin.dk/Medicin/Praeparater/9430#a102,S01ED51,NA,NA,NA,NA,NA,NA,NA,NA,NA,False,False
page_09432.html,https://pro.medicin.dk/Medicin/Praeparater/9432#a102,N06AB05,<30 ml/min.,[0],[29],≥18 år,[18],[150],forsigtighed,dosisjustering,Højst 40 mg dgl.Øgede plasmakoncentrationer af paroxetin ses ved svært nedsat nyrefunktion. Der anbefales dosering i den lave del af dosisområdet.,True,False
page_09433.html,https://pro.medicin.dk/Medicin/Praeparater/9433#a102,J02AC04,NA,NA,NA,NA,NA,NA,NA,NA,NA,False,False
page_09436.html,https://pro.medicin.dk/Medicin/Praeparater/9436#a102,R03AC12,NA,NA,NA,NA,NA,NA,NA,NA,NA,False,False
page_09437.html,https://pro.medicin.dk/Medicin/Praeparater/9437#a102,C10AA01,<30 ml/min.,[0],[29],NA,NA,NA,forsigtighed,monitorering,"P-kreatinkinase bør måles før behandlingsstart pga. prædisposition for rhabdomyolyse. Ved P-kreatinkinase > 4 gange øverste normalgrænse bør behandlingen ikke startes.Under behandling:P-kreatininkinase > 10 gange øverste normalgrænse: pauser behandlingen, kontroller nyrefunktionen og monitorer P-kreatininkinase efter to uger.P-kreatininkinase < 10 gange øverste normalgrænse:ingen symptomer, fortsat behandlingen, kontroller P- kreatininkinase indenfor 2-4 uger.P-kreatininkinase < 10 gange øverste normalgrænse:hvis symptomer, pauser statin og afvent normalisering af P-kreatininkinase før genoptagelse med en lavere statin dosis.VedGFR < 30 ml/minbør der udvises forsigtighed ved doser > 10 mg dgl.Læs mere:Statiner",True,False
page_09438.html,https://pro.medicin.dk/Medicin/Praeparater/9438#a102,D10AD03,NA,NA,NA,NA,NA,NA,NA,NA,NA,False,False
page_09440.html,https://pro.medicin.dk/Medicin/Praeparater/9440#a102,C01BD07,<30 ml/min.,[0],[29],NA,NA,NA,kontraindiceret,erfaring savnes,Kontraindiceret pga. manglende data.,True,False
page_09441.html,https://pro.medicin.dk/Medicin/Praeparater/9441#a102,J05AB09,<20 ml/min.,[0],[19],≥18 år,[18],[150],forsigtighed,dosisjustering,Herpes zoster: 250 mg 1 gang dgl. i 7 dageImmunkompromitterede:250 mg 1 gang dgl. i 10 dage.; Herpes genitalis - behandling: 250 mg 1 gang dgl. i 5 dageImmunkompromitterede:250 mg 1 gang dgl. i 7 dage.; Herpes genitalis - forebyggelse: 125 mg 1 gang dgl.Immunkompromitterede:250 mg 1 gang dgl.; Efter hver hæmodialyse: 250 mg: 250 mg,True,True
page_09442.html,https://pro.medicin.dk/Medicin/Praeparater/9442#a102,C01BC04,<35 ml/min.,[0],[34],≥12 år,[12],[150],forsigtighed,dosisjustering,Initialdosis 100 mg og forsigtig dosisøgning til højst 200 mg dgl.Tæt monitorering af plasmakoncentrationen anbefales pga. langsommere elimination af flecainid.,True,False
page_09443.html,https://pro.medicin.dk/Medicin/Praeparater/9443#a102,N03AX09,NA,NA,NA,NA,NA,NA,NA,NA,"Kronisk nyresvigt påvirker ikke plasmakoncentrationen af lamotrigin, men der kan forventes akkumulering af glucuronidmetabolitten. Ved patienter med nyresvigt i slutstadiet skal initialdosis baseres på de lægemidler, som patienten tager samtidigt, og lavere vedligeholdelsesdoser kan være effektive.",True,False
page_09444.html,https://pro.medicin.dk/Medicin/Praeparater/9444#a102,G03AA11,NA,NA,NA,NA,NA,NA,NA,NA,NA,False,False
page_09446.html,https://pro.medicin.dk/Medicin/Praeparater/9446#a102,J05AG01,<20 ml/min.,[0],[19],NA,NA,NA,forsigtighed,dosisjustering,Erfaring savnes vedr. depottabletter.Efter hver dialysebehandling bør gives en ekstra dosis på 200 mg.,True,False
page_09450.html,https://pro.medicin.dk/Medicin/Praeparater/9450#a102,B05XA07,NA,NA,NA,NA,NA,NA,NA,NA,NA,False,False
page_09452.html,https://pro.medicin.dk/Medicin/Praeparater/9452#a102,J02AC04,NA,NA,NA,NA,NA,NA,NA,NA,NA,False,False
page_09453.html,https://pro.medicin.dk/Medicin/Praeparater/9453#a102,J05AE03,NA,NA,NA,NA,NA,NA,NA,NA,NA,False,False
page_09454.html,https://pro.medicin.dk/Medicin/Praeparater/9454#a102,J05AF07,<10 ml/min.; 10-20 ml/min.; 20-30 ml/min.; 30-50 ml/min.,"[0, 10, 20, 30]","[9, 20, 30, 50]",≥12 år; ≥12 år; ≥12 år; ≥12 år,"[12, 12, 12, 12]","[150, 150, 150, 150]",forsigtighed; forsigtighed; forsigtighed; forsigtighed,dosisjustering; dosisjustering; dosisjustering; dosisjustering,"Ingen dosisanbefalinger til ikke-hæmodialyse-patienter.Hæmodialyse: 16,5 mg dgl. eller 245 mg 1 gang om ugen.Stor forsigtighed og tæt monitorering.; Højst 33 mg dgl. eller 245 mg 2 gange om ugen.; Højst 65 mg dgl. eller 245 mg 2 gange om ugen.; Højst 132 mg dgl. eller 245 mg hver 2. dag.",True,False
page_09456.html,https://pro.medicin.dk/Medicin/Praeparater/9456#a102,N03AX24,<60 ml/min.; <15 ml/min.,"[0, 0]","[59, 14]",NA; NA,"['NA', 'NA']","['NA', 'NA']",forsigtighed; forsigtighed,hjælpestoffer; erfaring savnes,Indeholder benzylalkohol der skal bruges med forsigtighed ved nedsat nyre- og leverfunktion. Læs mereher.; Erfaring savnes vedr. nyresygdom i slutstadiet.,True,False
page_09458.html,https://pro.medicin.dk/Medicin/Praeparater/9458#a102,J05AE08,NA,NA,NA,NA,NA,NA,NA,NA,NA,False,False
page_09459.html,https://pro.medicin.dk/Medicin/Praeparater/9459#a102,G01AA10,NA,NA,NA,NA,NA,NA,NA,NA,NA,False,False
page_09461.html,https://pro.medicin.dk/Medicin/Praeparater/9461#a102,J01XX01,<10 ml/min.,[0],[9],NA,NA,NA,kontraindiceret,NA,Kontraindiceret ved stærkt nedsat nyrefunktion med GFR < 10 ml/min. og ved behandling i hæmodialyse.,True,False
page_09462.html,https://pro.medicin.dk/Medicin/Praeparater/9462#a102,N03AX09,NA,NA,NA,NA,NA,NA,NA,NA,"Kronisk nyresvigt påvirker ikke plasmakoncentrationen af lamotrigin, men der kan forventes akkumulering af glucuronidmetabolitten. Ved patienter med nyresvigt i slutstadiet skal initialdosis baseres på de lægemidler, som patienten tager samtidigt, og lavere vedligeholdelsesdoser kan være effektive.",True,False
page_09464.html,https://pro.medicin.dk/Medicin/Praeparater/9464#a102,N07XX04,<60 ml/min.,[0],[59],NA,NA,NA,forsigtighed,ingen eller begrænset erfaring,Reduktion i natriumindtag via kosten tilrådes.,True,False
page_09465.html,https://pro.medicin.dk/Medicin/Praeparater/9465#a102,C07AB12,<30 ml/min.,[0],[29],≥18 år,[18],[150],forsigtighed,dosisjustering,"Initialdosis 2,5 mg dgl. Højst 5 mg dgl.",True,False
page_09466.html,https://pro.medicin.dk/Medicin/Praeparater/9466#a102,D11AH04,<30 ml/min.; 30-60 ml/min.,"[0, 30]","[29, 60]",NA; NA,"['NA', 'NA']","['NA', 'NA']",kontraindiceret; forsigtighed,erfaring savnes; ingen eller begrænset erfaring,Erfaring savnes.; Erfaring savnes pga. utilstrækkelige data.,True,False
page_09467.html,https://pro.medicin.dk/Medicin/Praeparater/9467#a102,G04BE01,<60 ml/min.,[0],[59],NA,NA,NA,forsigtighed,hjælpestoffer,"BenzylalkoholCaverject og Alprostadil ""2care4"" indeholder benzylalkohol der skal bruges med forsigtighed ved nedsat nyre- og leverfunktion. Læs mereher.",True,False
page_09471.html,https://pro.medicin.dk/Medicin/Praeparater/9471#a102,C07AB03,<15 ml/min.; 15-30 ml/min.,"[0, 15]","[14, 30]",≥17 år; ≥17 år,"[17, 17]","[150, 150]",forsigtighed; forsigtighed,dosisjustering; dosisjustering,Højst 25-50 mg hver 2. dag. Efter hver dialyse 50 mg.; Højst 25-50 mg dgl.,True,False
page_09472.html,https://pro.medicin.dk/Medicin/Praeparater/9472#a102,J01AA02,NA,NA,NA,NA,NA,NA,NA,NA,NA,False,False
page_09473.html,https://pro.medicin.dk/Medicin/Praeparater/9473#a102,N03AD01,<45 ml/min.,[0],[44],NA,NA,NA,forsigtighed,monitorering,"Forsigtighed tilrådes. Det anbefales at udføre løbende urinanalyse, da undersøgelser har vist unormal nyrefunktion.",True,False
page_09474.html,https://pro.medicin.dk/Medicin/Praeparater/9474#a102,M01AX05,NA,NA,NA,NA,NA,NA,NA,NA,NA,False,False
page_09477.html,https://pro.medicin.dk/Medicin/Praeparater/9477#a102,H05AA02,<30 ml/min.; 30-60 ml/min.,"[0, 30]","[29, 60]",NA; NA,"['NA', 'NA']","['NA', 'NA']",kontraindiceret; forsigtighed,NA; ingen eller begrænset erfaring,Stigning i AUC på 73 % er set ved stærkt nedsat nyrefunktion. Ingen erfaring vedr. patienter i dialyse med kronisk nyresvigt.; Forsigtighed anbefales ved moderat nedsat nyrefunktion.,True,False
page_09478.html,https://pro.medicin.dk/Medicin/Praeparater/9478#a102,M03BX02,<25 ml/min.,[0],[24],≥18 år,[18],[150],forsigtighed,dosisjustering,"Initialdosis 2 mg dgl. Langsom optitrering til virksom dosis. Det tilrådes at øge daglig dosis langsomt, inden hyppigheden af administration øges.",True,False
page_09479.html,https://pro.medicin.dk/Medicin/Praeparater/9479#a102,G03DA04,NA,NA,NA,NA,NA,NA,NA,NA,NA,False,False
page_09481.html,https://pro.medicin.dk/Medicin/Praeparater/9481#a102,N06AX16,30-60 ml/min.; <30 ml/min.,"[30, 0]","[60, 29]",NA; ≥18 år,"['NA', 18]","['NA', 150]",forsigtighed; forsigtighed,monitorering; dosisjustering,"Dosisjustering er ikke nødvendig, men forsigtighed tilrådes. Anvend lavest mulige dosis og overvåg patienten omhyggeligt, hvis en dosisøgning er nødvendig.; Angst, panikangst og socialfobi: Højst 113 mg dgl.; Depression, forebyggelse af depression: Højst 188 mg dgl.: Højst 188 mg dgl.",True,True
page_09483.html,https://pro.medicin.dk/Medicin/Praeparater/9483#a102,J05AR02,<50 ml/min.,[0],[49],"Kombinationspræparatet er uegnet pga. manglende mulighed for dosisreduktion af lamivudin.For enkeltstofferne gælder flg. retningslinjer:Abacavir:Ingen særlige forbehold.Lamivudin:Voksne og børn med legemsvægt ≥ 25 kgGFRml/minutInitial dosis1 gang dgl.Vedligeholdelsesdosis1 gang dgl.30-50150 mg150 mg15-30150 mg100 mg5-15150 mg50 mg≤ 550 mg25 mgBørn > 3 mdr. med legemsvægt < 25 kgGFRml/minutInitial dosis1 gang dgl.Vedligeholdelsesdosis1 gang dgl.30-504 mg/kg4 mg/kg15-304 mg/kg2,6 mg/kg5-154 mg/kg1,3 mg/kg< 51,3 mg/kg0,7 mg/kg",,,forsigtighed,dosisjustering,"30-50: 150 mg: 150 mg; 15-30: 150 mg: 100 mg; 5-15: 150 mg: 50 mg; ≤ 5: 50 mg: 25 mg: 0,7 mg/kg",True,True
page_09484.html,https://pro.medicin.dk/Medicin/Praeparater/9484#a102,J01FA10,<10 ml/min.,[0],[9],NA,NA,NA,forsigtighed,øget bivirkningsrisiko,En stigning i AUC på 33% for azithromycin er set ved GFR < 10 ml/min. Forsigtighed tilrådes.,True,False
page_09488.html,https://pro.medicin.dk/Medicin/Praeparater/9488#a102,J01AA02,NA,NA,NA,NA,NA,NA,NA,NA,NA,False,False
page_09489.html,https://pro.medicin.dk/Medicin/Praeparater/9489#a102,N06AX21,<30 ml/min.,[0],[29],≥18 år,[18],[150],forsigtighed,dosisjustering,"Højst 60 mg 1 gang dgl.Lav initialdosis: depression, angst og neuropatiske smerter 30 mg, inkontinens 20 mg.Forsigtig optitrering efter respons.",True,False
page_09490.html,https://pro.medicin.dk/Medicin/Praeparater/9490#a102,J05AR03,<60 ml/min.,[0],[59],"Unge 12-18 årBør ikke anvendes.VoksneGFR (ml/min.)Behandling afHIV-infektionProfylakse føreksponering50-601 tabl. 1 gang dgl.Bør ikke anvendes30-491 tabl. hver 2. dag.Tæt monitorering af nyrefunktion.Bør ikke anvendes< 30Bør ikke anvendes, da passende dosisreduktion ikke er mulig med kombinationspræparatet.Bør ikke anvendes",,,forsigtighed,dosisjustering,"50-60: 1 tabl. 1 gang dgl.: Bør ikke anvendes; 30-49: 1 tabl. hver 2. dag.Tæt monitorering af nyrefunktion.: Bør ikke anvendes; < 30: Bør ikke anvendes, da passende dosisreduktion ikke er mulig med kombinationspræparatet.: Bør ikke anvendes: Bør ikke anvendes",True,True
page_09491.html,https://pro.medicin.dk/Medicin/Praeparater/9491#a102,J05AR03,<60 ml/min.,[0],[59],"Unge 12-18 årBør ikke anvendes.VoksneGFR (ml/min.)Behandling afHIV-infektionProfylakse føreksponering50-601 tabl. 1 gang dgl.Bør ikke anvendes30-491 tabl. hver 2. dag.Tæt monitorering af nyrefunktion.Bør ikke anvendes< 30Bør ikke anvendes, da passende dosisreduktion ikke er mulig med kombinationspræparatet.Bør ikke anvendes",,,forsigtighed,dosisjustering,"50-60: 1 tabl. 1 gang dgl.: Bør ikke anvendes; 30-49: 1 tabl. hver 2. dag.Tæt monitorering af nyrefunktion.: Bør ikke anvendes; < 30: Bør ikke anvendes, da passende dosisreduktion ikke er mulig med kombinationspræparatet.: Bør ikke anvendes: Bør ikke anvendes",True,True
page_09492.html,https://pro.medicin.dk/Medicin/Praeparater/9492#a102,N03AD01,<45 ml/min.,[0],[44],NA,NA,NA,forsigtighed,monitorering,"Forsigtighed tilrådes. Det anbefales at udføre løbende urinanalyse, da undersøgelser har vist unormal nyrefunktion.",True,False
page_09495.html,https://pro.medicin.dk/Medicin/Praeparater/9495#a102,L01FX14,<30 ml/min.,[0],[29],NA,NA,NA,forsigtighed,erfaring savnes,Dosisjustering er ikke nødvendig ved let til moderat nedsat nyrefunktion.Der findes ingen data ved GFR < 30 ml/min.,True,False
page_09496.html,https://pro.medicin.dk/Medicin/Praeparater/9496#a102,A10BJ06,<10 ml/min.; 10-30 ml/min.,"[0, 10]","[9, 30]",NA; NA,"['NA', 'NA']","['NA', 'NA']",forsigtighed; forsigtighed,ingen eller begrænset erfaring; ingen eller begrænset erfaring,Semaglutid anbefales ikke til patienter med nyresygdom i slutstadiet.; Begrænset erfaring.,True,False
page_09497.html,https://pro.medicin.dk/Medicin/Praeparater/9497#a102,G03AD01,NA,NA,NA,NA,NA,NA,NA,NA,NA,False,False
page_09498.html,https://pro.medicin.dk/Medicin/Praeparater/9498#a102,R03AL12,<30 ml/min.,[0],[29],NA,NA,NA,forsigtighed,monitorering,Glycopyrronium:Forsigtighed ved GFR < 30 ml/min. Den systemiske eksponering kan være øget. Tæt monitorering for potentielle bivirkninger anbefales.,True,False
page_09500.html,https://pro.medicin.dk/Medicin/Praeparater/9500#a102,J05AH01,<15 ml/min.,[0],[14],"AlderLegemsvægtInitial- dosisVedligeholdelsesdosisInterval mellem initialdosis og 1. vedligeholdelsesdosis≥18 år600 mg60 mg x 2 dgl.48 timer6-17 år≥50 kg600 mg60 mg x 2 dgl.48 timer< 50 kg12 mg/kg1,2 mg/kg x 2 dgl.48 timer6 mdr.-5 år≥42,8 kg600 mg60 mg x 2 dgl.48 timer< 42,8 kg14 mg/kg1,4 mg/kg x 2 dgl.48 timer",,,forsigtighed,dosisjustering,"≥18 år: 600 mg: 60 mg x 2 dgl.: 48 timer; 6-17 år: ≥50 kg: 600 mg: 60 mg x 2 dgl.: 48 timer; < 50 kg: 12 mg/kg: 1,2 mg/kg x 2 dgl.: 48 timer; 6 mdr.-5 år: ≥42,8 kg: 600 mg: 60 mg x 2 dgl.: 48 timer; < 42,8 kg: 14 mg/kg: 1,4 mg/kg x 2 dgl.: 48 timer: 48 timer",True,True
page_09502.html,https://pro.medicin.dk/Medicin/Praeparater/9502#a102,L01FC02,NA,NA,NA,NA,NA,NA,NA,NA,NA,False,False
page_09504.html,https://pro.medicin.dk/Medicin/Praeparater/9504#a102,M09AX09,<60 ml/min.,[0],[59],NA,NA,NA,forsigtighed,ingen eller begrænset erfaring,Behandlingen bør nøje overvejes hos patienter med nedsat nyrefunktion. Der findes ingen data.,True,False
page_09505.html,https://pro.medicin.dk/Medicin/Praeparater/9505#a102,C03CA01,NA,NA,NA,NA,NA,NA,NA,NA,NA,False,False
page_09506.html,https://pro.medicin.dk/Medicin/Praeparater/9506#a102,N07BC02,<90 ml/min.,[0],[89],NA,NA,NA,forsigtighed,dosisjustering,Dosisintervallet bør øges:GFR 50-90 ml/min: 6 timers dosisinterval.GFR 10-50 ml/min:8 timers dosisinterval.GFR < 10 ml/min:8-12 timers dosisinterval.,True,False
page_09507.html,https://pro.medicin.dk/Medicin/Praeparater/9507#a102,C09DA01,<30 ml/min.,[0],[29],NA,NA,NA,forsigtighed,monitorering,Rutinemæssig monitorering af P-kalium og P-kreatinin.,True,False
page_09510.html,https://pro.medicin.dk/Medicin/Praeparater/9510#a102,J01GB06,<30 ml/min.; 30-50 ml/min.,"[0, 30]","[29, 50]",NA; NA,"['NA', 'NA']","['NA', 'NA']",forsigtighed; forsigtighed,erfaring savnes; dosisjustering,"Erfaring savnes vedr. gentagen dosering, da tilstrækkelig lav P-amikacin ikke kan opnås inden for 48 timer efter 1. dosis.Erfaring savnes vedr. hæmodialyse, men der gives sædvanligvis 1 dosis på 5 mg/kg legemsvægt efter hver dialyse.; Initialt 15 mg/kg legemsvægt i.v./i.m. 1. dag.Derefter fastlægges doseringsinterval ud fra den laveste værdi af P-amikacin, som umiddelbart før næste planlagte dosis skal være ≤ 10 mikrogram/ml. Ved progressiv stigning i laveste værdi forlænges doseringsintervallet.P-amikacin og nyrefunktion monitoreres på 2. behandlingsdag og derefter 2-3 gange ugentlig. Hørelse og balance kontrolleres også med samme tidsintervaller.",True,False
page_09513.html,https://pro.medicin.dk/Medicin/Praeparater/9513#a102,R03AK14,NA,NA,NA,NA,NA,NA,NA,NA,NA,False,False
page_09516.html,https://pro.medicin.dk/Medicin/Praeparater/9516#a102,B01AC04,NA,NA,NA,NA,NA,NA,NA,NA,NA,False,False
page_09517.html,https://pro.medicin.dk/Medicin/Praeparater/9517#a102,A10AB05,NA,NA,NA,NA,NA,NA,NA,NA,NA,False,False
page_09519.html,https://pro.medicin.dk/Medicin/Praeparater/9519#a102,J01CR02,<10 ml/min.,[0],[9],NA,NA,NA,forsigtighed,dosisjustering,"Højst 500 mg/125 mg 3 gange dgl.Ved behandling i kortere tid, op til 1 uge, er der ikke behov for dosisreduktion.",True,False
page_09523.html,https://pro.medicin.dk/Medicin/Praeparater/9523#a102,L01EX14,<30 ml/min.,[0],[29],NA,NA,NA,forsigtighed,erfaring savnes,Der findes ingen data ved GFR < 30 ml/min.,True,False
page_09524.html,https://pro.medicin.dk/Medicin/Praeparater/9524#a102,N02BF01,<15 ml/min.; 15-30 ml/min.; 30-60 ml/min.; 60-80 ml/min.,"[0, 15, 30, 60]","[14, 30, 60, 80]",≥12 år; ≥12 år; ≥12 år; ≥12 år,"[12, 12, 12, 12]","[150, 150, 150, 150]",forsigtighed; forsigtighed; forsigtighed; forsigtighed,dosisjustering; dosisjustering; dosisjustering; dosisjustering,"Højst 150-300 mg 1 gang i døgnet. Døgndoser på 150 mg gives som 300 mg hver 2. dag.Daglig dosis bør nedsættes i forhold til GFR (ved GFR < 7,5 ml/min. halvt så stor daglig dosis som ved en GFR på 15 ml/min.).; Højst 150-600 mg i døgnet, så vidt muligt fordelt på flere daglige doser.Døgndoser på 150 mg gives som 300 mg hver 2. dag.; Højst 300-900 mg i døgnet, så vidt muligt fordelt på flere daglige doser.; Højst 600-1.800 mg i døgnet fordelt på 3 daglige doser.",True,False
page_09525.html,https://pro.medicin.dk/Medicin/Praeparater/9525#a102,N02AA03,<20 ml/min.,[0],[19],NA,NA,NA,forsigtighed,dosisjustering,Lavere initialdosis og forsigtig titrering til smertekontrol.,True,False
page_09528.html,https://pro.medicin.dk/Medicin/Praeparater/9528#a102,L04AA06,NA,NA,NA,NA,NA,NA,NA,NA,NA,False,False
page_09530.html,https://pro.medicin.dk/Medicin/Praeparater/9530#a102,C03DA01,<50 ml/min.,[0],[49],≥17 år,[17],[150],forsigtighed,dosisjustering,"Primær hyperaldosteronisme, ødemer: Initialdosis 12,5 mg dgl. stigende til højst 300 mg dgl.; Hjerteinsufficiens: Initialdosis 12,5 mg dgl. stigende til højst 25 mg dgl.: Initialdosis 12,5 mg dgl. stigende til højst 25 mg dgl.",True,True
page_09532.html,https://pro.medicin.dk/Medicin/Praeparater/9532#a102,N04BB01,<15 ml/min.; 15-35 ml/min.; 35-60 ml/min.,"[0, 15, 35]","[14, 35, 60]",NA; ≥18 år; ≥18 år,"['NA', 18, 18]","['NA', 150, 150]",kontraindiceret; forsigtighed; forsigtighed,NA; dosisjustering; dosisjustering,Amantadin er kontraindiceret ved GFR < 15 ml/min.; Højst 100 mg hver 2. dag.; Højst 100 mg dgl.,True,False
page_09533.html,https://pro.medicin.dk/Medicin/Praeparater/9533#a102,N06AB04,<30 ml/min.,[0],[29],NA,NA,NA,forsigtighed,erfaring savnes,Forsigtighed ved GFR < 30 ml/min pga. manglende erfaring.,True,False
page_09535.html,https://pro.medicin.dk/Medicin/Praeparater/9535#a102,R07AX32,<30 ml/min.,[0],[29],NA,NA,NA,forsigtighed,ingen eller begrænset erfaring,Ingen erfaring ved stærkt nedsat nyrefunktion eller terminal nyresygdom.,True,False
page_09536.html,https://pro.medicin.dk/Medicin/Praeparater/9536#a102,N05AX13,10-50 ml/min.; 10-50 ml/min.; 10-50 ml/min.; 50-80 ml/min.; 50-80 ml/min.; 50-80 ml/min.,"[10, 10, 10, 50, 50, 50]","[50, 50, 50, 80, 80, 80]",15-17 år; ≥51 KG; ≥17 år; 15-17 år; ≥51 KG; ≥17 år,"[15, 51, 17, 15, 51, 17]","[17, 150, 150, 17, 150, 150]",forsigtighed; forsigtighed; forsigtighed; forsigtighed; forsigtighed; forsigtighed,dosisjustering; dosisjustering; dosisjustering; dosisjustering; dosisjustering; dosisjustering,Højst 3 mg hver 2. dag.; Initialdosis 3 mg hver 2. dag. Dosis kan øges til højst 3 mg dgl.; Initialdosis 3 mg hver 2. dag. Dosis kan øges til højst 3 mg dgl.; Initialdosis 3 mg hver 2. dag. Dosis kan øges til højst 3 mg dgl.; Initialdosis 3 mg dgl. Dosis kan øges til højst 6 mg dgl.; Initialdosis 3 mg dgl. Dosis kan øges til højst 6 mg dgl.,True,False
page_09537.html,https://pro.medicin.dk/Medicin/Praeparater/9537#a102,N06AB05,<30 ml/min.,[0],[29],≥18 år,[18],[150],forsigtighed,dosisjustering,Højst 40 mg dgl.Øgede plasmakoncentrationer af paroxetin ses ved svært nedsat nyrefunktion. Der anbefales dosering i den lave del af dosisområdet.,True,False
page_09540.html,https://pro.medicin.dk/Medicin/Praeparater/9540#a102,L01BC02,NA,NA,NA,NA,NA,NA,NA,NA,NA,False,False
page_09542.html,https://pro.medicin.dk/Medicin/Praeparater/9542#a102,L04AX03,<20 ml/min.; 20-50 ml/min.; 20-50 ml/min.,"[0, 20, 20]","[19, 50, 50]",NA; 3-17 år,"['NA', 3]","['NA', 17]",kontraindiceret; forsigtighed,øget bivirkningsrisiko; dosisjustering,"Elimination af methotrexat er nedsat, da det hovedsageligt udskilles gennem nyrerne.; Juvenil reumatoid artritis: 10 mg pr. m2legemsoverflade1 gang om ugen; Akut lymfatisk leukæmi: 20 mg pr. m2legemsoverflade1 gang om ugen: 20 mg pr. m2legemsoverflade1 gang om ugen",True,True
page_09549.html,https://pro.medicin.dk/Medicin/Praeparater/9549#a102,B03XA06,<30 ml/min.,[0],[29],NA,NA,NA,forsigtighed,erfaring savnes,Manglende data vedr. nedsat nyrefunktion med GFR < 30 ml/min.,True,False
page_09551.html,https://pro.medicin.dk/Medicin/Praeparater/9551#a102,L04AE02,NA,NA,NA,NA,NA,NA,NA,NA,NA,False,False
page_09554.html,https://pro.medicin.dk/Medicin/Praeparater/9554#a102,H05BX01,NA,NA,NA,NA,NA,NA,NA,NA,NA,False,False
page_09555.html,https://pro.medicin.dk/Medicin/Praeparater/9555#a102,N02AA05,<10 ml/min.; 10-50 ml/min.,"[0, 10]","[9, 50]",NA; NA,"['NA', 'NA']","['NA', 'NA']",forsigtighed; forsigtighed,dosisjustering; dosisjustering,"50% reduktion af normaldosis. Lav startdosis, fx 10 mg oralt. Individuel titrering til smertekontrol.; 25 % reduktion af normaldosis.",True,False
page_09556.html,https://pro.medicin.dk/Medicin/Praeparater/9556#a102,D10BA01,<30 ml/min.,[0],[29],NA,NA,NA,forsigtighed,monitorering,Voksne og børn > 12 år.Lavere startdosis på 10 mg anbefales. Herefter øges dosis efter tolerans til højst 1 mg/kg/døgn.,True,False
page_09559.html,https://pro.medicin.dk/Medicin/Praeparater/9559#a102,J01XC01,NA,NA,NA,NA,NA,NA,NA,NA,NA,False,False
page_09560.html,https://pro.medicin.dk/Medicin/Praeparater/9560#a102,C01BC04,<35 ml/min.,[0],[34],≥12 år,[12],[150],forsigtighed,dosisjustering,Initialdosis 100 mg og forsigtig dosisøgning til højst 200 mg dgl.Tæt monitorering af plasmakoncentrationen anbefales pga. langsommere elimination af flecainid.,True,False
page_09562.html,https://pro.medicin.dk/Medicin/Praeparater/9562#a102,V03AB15,NA,NA,NA,NA,NA,NA,NA,NA,NA,False,False
page_09565.html,https://pro.medicin.dk/Medicin/Praeparater/9565#a102,N06BA14,15-30 ml/min.; 30-60 ml/min.,"[15, 30]","[30, 60]",≥18 år; ≥18 år,"[18, 18]","[150, 150]",forsigtighed; forsigtighed,dosisjustering; dosisjustering,"Højst 37,5 mg 1 gang dgl.; Initialdosis 37,5 mg 1 gang dgl. Efter 5 dage kan dosis øges til højst 75 mg 1 gang dgl.",True,False
page_09566.html,https://pro.medicin.dk/Medicin/Praeparater/9566#a102,C01CA24,NA,NA,NA,NA,NA,NA,NA,NA,NA,False,False
page_09569.html,https://pro.medicin.dk/Medicin/Praeparater/9569#a102,J01FF01,NA,NA,NA,NA,NA,NA,NA,NA,NA,False,False
page_09570.html,https://pro.medicin.dk/Medicin/Praeparater/9570#a102,J01XB01,<10 ml/min.; <10 ml/min.; <10 ml/min.; 10-30 ml/min.; 10-30 ml/min.; 10-30 ml/min.; 30-50 ml/min.; 30-50 ml/min.; 30-50 ml/min.,"[0, 0, 0, 10, 10, 10, 30, 30, 30]","[9, 9, 9, 30, 30, 30, 50, 50, 50]",2-17 år; >40 KG; ≥17 år; 2-17 år; >40 KG; ≥17 år; 2-17 år; >40 KG; ≥17 år,"[2, 41, 17, 2, 41, 17, 2, 41, 17]","[17, 150, 150, 17, 150, 150, 17, 150, 150]",forsigtighed; forsigtighed; forsigtighed; forsigtighed; forsigtighed; forsigtighed; forsigtighed; forsigtighed; forsigtighed,dosisjustering; dosisjustering; dosisjustering; dosisjustering; dosisjustering; dosisjustering; dosisjustering; dosisjustering; dosisjustering,"Højst 60.000 IE pr. kg legemsvægt i døgnet fordelt på 3 doser.; Højst 3,5 mill. IE i døgnet fordelt på 2 doser.; Højst 3,5 mill. IE i døgnet fordelt på 2 doser.; Højst 91.000 IE pr. kg legemsvægt i døgnet fordelt på 3 doser.; Højst 5,5 mill. IE i døgnet fordelt på 2 doser.; Højst 5,5 mill. IE i døgnet fordelt på 2 doser.; Højst 125.000 IE pr. kg legemsvægt i døgnet fordelt på 3 doser.; Højst 7,5 mill. IE i døgnet fordelt på 2 doser.; Højst 7,5 Mill. IE i døgnet fordelt på 2 doser.",True,False
page_09572.html,https://pro.medicin.dk/Medicin/Praeparater/9572#a102,L04AA41,NA,NA,NA,NA,NA,NA,NA,NA,NA,False,False
page_09574.html,https://pro.medicin.dk/Medicin/Praeparater/9574#a102,C01CA02,NA,NA,NA,NA,NA,NA,NA,NA,NA,False,False
page_09578.html,https://pro.medicin.dk/Medicin/Praeparater/9578#a102,C02DD01,<60 ml/min.,[0],[59],NA,NA,NA,forsigtighed,monitorering,"Monitorering af thiocyanat-niveauer, særligt hvis infusionen gives over flere dage. Ved høje doser allerede inden for 24 timer.",True,False
page_09580.html,https://pro.medicin.dk/Medicin/Praeparater/9580#a102,L01EM03,<30 ml/min.,[0],[29],NA,NA,NA,forsigtighed,erfaring savnes,"Erfaring savnes ved GFR < 30 ml/min. Der findes ingen data, og forsigtighed tilrådes.",True,False
page_09582.html,https://pro.medicin.dk/Medicin/Praeparater/9582#a102,L01FX09,NA,NA,NA,NA,NA,NA,NA,NA,NA,False,False
page_09583.html,https://pro.medicin.dk/Medicin/Praeparater/9583#a102,C02KX02,<30 ml/min.,[0],[29],NA,NA,NA,forsigtighed,erfaring savnes,Erfaring savnes. Særlig forsigtighed ved dosisøgning til 10 mg dgl.,True,False
page_09584.html,https://pro.medicin.dk/Medicin/Praeparater/9584#a102,H05BA01,NA,NA,NA,NA,NA,NA,NA,NA,NA,False,False
page_09585.html,https://pro.medicin.dk/Medicin/Praeparater/9585#a102,M01AE01,<30 ml/min.; 30-60 ml/min.,"[0, 30]","[29, 60]",NA; NA,"['NA', 'NA']","['NA', 'NA']",kontraindiceret; forsigtighed,øget bivirkningsrisiko; monitorering,Prostaglandiner har betydning for opretholdelse af normal nyregennemblødning. NSAID's hæmning af prostaglandinsyntesen kan derfor forårsage nedsat nyregennemblødning og dermed forværret nyrefunktion.; Prostaglandiner har betydning for opretholdelse af normal nyregennemblødning. NSAID's hæmning af prostaglandinsyntesen kan derfor forårsage nedsat nyregennemblødning og dermed forværret nyrefunktion. Tæt monitorering af nyrefunktionen tilrådes.,True,False
page_09587.html,https://pro.medicin.dk/Medicin/Praeparater/9587#a102,H02CA02,<30 ml/min.,[0],[29],NA,NA,NA,forsigtighed,NA,Niveauet af frit kortisol i urin (UFC) bør tolkes med forsigtighed pga. reduceret udskillelse. Alternative metoder til monitorering af kortisol bør overvejes.,True,False
page_09590.html,https://pro.medicin.dk/Medicin/Praeparater/9590#a102,L01EH02,<30 ml/min.,[0],[29],NA,NA,NA,forsigtighed,erfaring savnes,Behandlingen bør nøje overvejes ved stærkt nedsat nyrefunktion og dialysekrævende nyresvigt. Der foreligger ingen data.,True,False
page_09594.html,https://pro.medicin.dk/Medicin/Praeparater/9594#a102,N01BB04,<30 ml/min.,[0],[29],NA,NA,NA,forsigtighed,dosisjustering,"Forsigtighed, dosisreduktion ved stærkt nedsat nyrefunktion (GFR 0-30 ml/min).",True,False
page_09595.html,https://pro.medicin.dk/Medicin/Praeparater/9595#a102,M04AA01,<10 ml/min.; 10-20 ml/min.,"[0, 10]","[9, 20]",≥2 år; ≥2 år,"[2, 2]","[150, 150]",forsigtighed; forsigtighed,dosisjustering; dosisjustering,"Voksne: Højst 50 mg dgl. eller 100 mg hver 2. dag.Børn 2-15 år: Højst 5 mg/kg legemsvægt (højst 50 mg dgl.)Allopurinol er ikke i sig selv nefrotoksisk, men der er øget risiko for bivirkninger.; Voksne: Højst 200 mg dgl. Initialt 50 mg dgl., gradvis øgning med 50 mg hver 2.-6. uge indtil nået behandlingsmål, eller der evt. kommer bivirkninger.Børn 2-15 år: Højst 10 mg/kg legemsvægt (højst 200 mg dgl.)Allopurinol er ikke i sig selv nefrotoksisk, men der er øget risiko for bivirkninger.",True,False
page_09596.html,https://pro.medicin.dk/Medicin/Praeparater/9596#a102,C02KX02,<30 ml/min.,[0],[29],NA,NA,NA,forsigtighed,erfaring savnes,Erfaring savnes. Særlig forsigtighed ved dosisøgning til 10 mg dgl.,True,False
page_09599.html,https://pro.medicin.dk/Medicin/Praeparater/9599#a102,B02BX08,<30 ml/min.,[0],[29],NA,NA,NA,forsigtighed,ingen eller begrænset erfaring,"Farmakokinetik og -dynamik er ikke undersøgt ved svært nedsat nyrefunktion, herunder hæmodialyse.",True,False
page_09600.html,https://pro.medicin.dk/Medicin/Praeparater/9600#a102,L01EB01,<20 ml/min.,[0],[19],NA,NA,NA,forsigtighed,monitorering,"Dosisjustering er ikke nødvendig ved GFR > 20 ml/min. Der findes kun begrænsede data for GFR < 20 ml/min, og tæt monitorering tilrådes.",True,False
page_09604.html,https://pro.medicin.dk/Medicin/Praeparater/9604#a102,N02CC04,<10 ml/min.,[0],[9],NA,NA,NA,kontraindiceret,NA,"Mulige alternativer, se Triptaner.",True,False
page_09606.html,https://pro.medicin.dk/Medicin/Praeparater/9606#a102,M03BX02,<25 ml/min.,[0],[24],≥18 år,[18],[150],forsigtighed,dosisjustering,"Initialdosis 2 mg dgl. Langsom optitrering til virksom dosis. Det tilrådes at øge daglig dosis langsomt, inden hyppigheden af administration øges.",True,False
page_09608.html,https://pro.medicin.dk/Medicin/Praeparater/9608#a102,A16AB19,<60 ml/min.,[0],[59],NA,NA,NA,forsigtighed,erfaring savnes,Der er ikke udført kliniske studier til evaluering af effekten af nedsat nyrefunktion.,True,False
page_09610.html,https://pro.medicin.dk/Medicin/Praeparater/9610#a102,G03AC10,<30 ml/min.; 30-60 ml/min.,"[0, 30]","[29, 60]",NA; NA,"['NA', 'NA']","['NA', 'NA']",kontraindiceret; forsigtighed,NA; monitorering,Kontraindiceret pga. øget risiko for udvikling af hyperkaliæmi. Højere serumkoncentration er set ved nedsat nyrefunktion.; Kontrol af plasmakalium anbefales i første behandlingscyklus.,True,False
page_09612.html,https://pro.medicin.dk/Medicin/Praeparater/9612#a102,V08CA10,<30 ml/min.,[0],[29],NA,NA,NA,forsigtighed,dosisjustering,"Der er rapporteret nefrogen systemisk fibrose (NSF) ved brug af andre lineære gadolinium-holdige kontrastmidler hos patienter med akut eller kronisk svær nedsat nyrefunktion.Bør så vidt muligt ikke anvendes, men hvis anvendelse ikke kan undgås, bør dosis ikke overstige 0,025 mmol/kg legemsvægt (1/4 af den dosis, der anvendes med de extracellulære makrocycliske kontraststoffer). Der skal være mindst 7 dage mellem to injektioner.",True,False
page_09613.html,https://pro.medicin.dk/Medicin/Praeparater/9613#a102,L01FG01,NA,NA,NA,NA,NA,NA,NA,NA,NA,False,False
page_09615.html,https://pro.medicin.dk/Medicin/Praeparater/9615#a102,J05AF10,<50 ml/min.,[0],[49],"Voksne. Daglig dosis nedsættes til:GFR (ml/min.)Ikke tidligere nukleosid-behandlet kompenseret leversygdomLamivudin-refraktær kompenseret leversygdom eller dekompenseret leversygdom30-500,25 mg0,5 mg10-300,15 mg0,3 mg< 100,05 mg0,1 mgDosisreduktionen kan også opnås ved at øge dosisintervallerne.Ved hæmodialyse gives dosis efter dialysen.Børn 2-17 år.Erfaring savnes.",,,forsigtighed,dosisjustering,"30-50: 0,25 mg: 0,5 mg; 10-30: 0,15 mg: 0,3 mg; < 10: 0,05 mg: 0,1 mg: 0,1 mg",True,True
page_09616.html,https://pro.medicin.dk/Medicin/Praeparater/9616#a102,N05CD08,<60 ml/min.,[0],[59],NA,NA,NA,forsigtighed,øget bivirkningsrisiko,"Dosisjustering er ikke nødvendig, men forsigtighed tilrådes ved kronisk nyreinsufficiens.",True,False
page_09617.html,https://pro.medicin.dk/Medicin/Praeparater/9617#a102,L01FA01,NA,NA,NA,NA,NA,NA,NA,NA,NA,False,False
page_09619.html,https://pro.medicin.dk/Medicin/Praeparater/9619#a102,M01AH01,30-60 ml/min.; <30 ml/min.,"[30, 0]","[60, 29]",NA; NA,"['NA', 'NA']","['NA', 'NA']",forsigtighed; kontraindiceret,monitorering; øget bivirkningsrisiko,Prostaglandiner har betydning for opretholdelse af normal nyregennemblødning. NSAID's hæmning af prostaglandinsyntesen kan derfor forårsage nedsat nyregennemblødning og dermed forværret nyrefunktion. Tæt monitorering af nyrefunktionen tilrådes.; Prostaglandiner har betydning for opretholdelse af normal nyregennemblødning. NSAID's hæmning af prostaglandinsyntesen kan derfor forårsage nedsat nyregennemblødning og dermed forværret nyrefunktion,True,False
page_09621.html,https://pro.medicin.dk/Medicin/Praeparater/9621#a102,N06AB03,<60 ml/min.,[0],[59],NA,NA,NA,forsigtighed,hjælpestoffer,"Dispergible tabletter indeholder benzylalkohol, der skal bruges med forsigtighed ved nedsat nyre- og leverfunktion. Læs mereher.",True,False
page_09622.html,https://pro.medicin.dk/Medicin/Praeparater/9622#a102,N05AX08,<60 ml/min.; <60 ml/min.; <60 ml/min.; <60 ml/min.,"[0, 0, 0, 0]","[59, 59, 59, 59]",5-17 år; ≥50 KG; 17-65 år,"[5, 50, 17]","[17, 150, 65]",forsigtighed; forsigtighed; forsigtighed,dosisjustering; dosisjustering; dosisjustering,"Vedvarende aggression ifm. adfærdsforstyrrelse: Højst 0,38 mg 1 gang dgl.; Vedvarende aggression ifm. adfærdsforstyrrelse: Højst 0,75 mg 1 gang dgl.; Bipolar lidelse, maniske faser: 3 mg i døgnet; Psykoser: 8 mg i døgnet; Vedvarende aggression ved moderat til svær Alzheimers sygdom: 0,5 mg 2 gange dgl.: 0,5 mg 2 gange dgl.",True,True
page_09624.html,https://pro.medicin.dk/Medicin/Praeparater/9624#a102,C08DA01,NA,NA,NA,NA,NA,NA,NA,NA,NA,False,False
page_09627.html,https://pro.medicin.dk/Medicin/Praeparater/9627#a102,M03BX01,<10 ml/min.; 10-30 ml/min.; 10-30 ml/min.; 10-30 ml/min.; 30-60 ml/min.; 30-60 ml/min.; 30-60 ml/min.,"[0, 10, 10, 10, 30, 30, 30]","[9, 30, 30, 30, 60, 60, 60]",≥2 år; 2-8 år; 8-17 år; ≥17 år; 2-8 år; 8-17 år; ≥17 år,"[2, 2, 8, 17, 2, 8, 17]","[150, 8, 17, 150, 8, 17, 150]",forsigtighed; forsigtighed; forsigtighed; forsigtighed; forsigtighed; forsigtighed; forsigtighed,dosisjustering; dosisjustering; dosisjustering; dosisjustering; dosisjustering; dosisjustering; dosisjustering,Højst 5 mg dgl. Alvorligt neurologisk udfald efter oral dosering er blevet rapporteret hos patienter med nedsat nyrefunktion.; Højst 5 mg 2 gange dgl.; Højst 5 mg 3 gange dgl.; Højst 20 mg i døgnet.; Højst 20 mg i døgnet.; Højst 30 mg i døgnet.; Højst 40 mg i døgnet.,True,False
page_09628.html,https://pro.medicin.dk/Medicin/Praeparater/9628#a102,D05AX52,NA,NA,NA,NA,NA,NA,NA,NA,NA,False,False
page_09630.html,https://pro.medicin.dk/Medicin/Praeparater/9630#a102,N06AX21,<30 ml/min.,[0],[29],≥18 år,[18],[150],forsigtighed,dosisjustering,"Højst 60 mg 1 gang dgl.Lav initialdosis: depression, angst og neuropatiske smerter 30 mg, inkontinens 20 mg.Forsigtig optitrering efter respons.",True,False
page_09631.html,https://pro.medicin.dk/Medicin/Praeparater/9631#a102,N02BF01,<15 ml/min.; 15-30 ml/min.; 30-60 ml/min.; 60-80 ml/min.,"[0, 15, 30, 60]","[14, 30, 60, 80]",≥12 år; ≥12 år; ≥12 år; ≥12 år,"[12, 12, 12, 12]","[150, 150, 150, 150]",forsigtighed; forsigtighed; forsigtighed; forsigtighed,dosisjustering; dosisjustering; dosisjustering; dosisjustering,"Højst 150-300 mg 1 gang i døgnet. Døgndoser på 150 mg gives som 300 mg hver 2. dag.Daglig dosis bør nedsættes i forhold til GFR (ved GFR < 7,5 ml/min. halvt så stor daglig dosis som ved en GFR på 15 ml/min.).; Højst 150-600 mg i døgnet, så vidt muligt fordelt på flere daglige doser.Døgndoser på 150 mg gives som 300 mg hver 2. dag.; Højst 300-900 mg i døgnet, så vidt muligt fordelt på flere daglige doser.; Højst 600-1.800 mg i døgnet fordelt på 3 daglige doser.",True,False
page_09632.html,https://pro.medicin.dk/Medicin/Praeparater/9632#a102,D07AC13,NA,NA,NA,NA,NA,NA,NA,NA,NA,False,False
page_09633.html,https://pro.medicin.dk/Medicin/Praeparater/9633#a102,J01MA14,NA,NA,NA,NA,NA,NA,NA,NA,NA,False,False
page_09636.html,https://pro.medicin.dk/Medicin/Praeparater/9636#a102,L01XX27,NA,NA,NA,NA,NA,NA,NA,NA,NA,False,False
page_09638.html,https://pro.medicin.dk/Medicin/Praeparater/9638#a102,L01EX18,<30 ml/min.,[0],[29],NA,NA,NA,forsigtighed,erfaring savnes,Behandlingen bør nøje overvejes ved stærkt nedsat nyrefunktion. Der findes ingen data ved GFR< 30 ml/min.,True,False
page_09641.html,https://pro.medicin.dk/Medicin/Praeparater/9641#a102,C08CA05,NA,NA,NA,NA,NA,NA,NA,NA,NA,False,False
page_09642.html,https://pro.medicin.dk/Medicin/Praeparater/9642#a102,C01CA03,NA,NA,NA,NA,NA,NA,NA,NA,NA,False,False
page_09643.html,https://pro.medicin.dk/Medicin/Praeparater/9643#a102,A06AB08,NA,NA,NA,NA,NA,NA,NA,NA,NA,False,False
page_09644.html,https://pro.medicin.dk/Medicin/Praeparater/9644#a102,N02AA05,<10 ml/min.; 10-50 ml/min.,"[0, 10]","[9, 50]",NA; NA,"['NA', 'NA']","['NA', 'NA']",forsigtighed; forsigtighed,dosisjustering; dosisjustering,"50% reduktion af normaldosis. Lav startdosis, fx 10 mg oralt. Individuel titrering til smertekontrol.; 25 % reduktion af normaldosis.",True,False
page_09645.html,https://pro.medicin.dk/Medicin/Praeparater/9645#a102,N02BE01,NA,NA,NA,NA,NA,NA,NA,NA,"Oral administration, Det anbefales at:, ved GFR 10-50 ml/min: dosis hver 6. time, ved GFR < 10 ml/min: dosis hver 8. time",True,False
page_09647.html,https://pro.medicin.dk/Medicin/Praeparater/9647#a102,D06BX01,NA,NA,NA,NA,NA,NA,NA,NA,NA,False,False
page_09648.html,https://pro.medicin.dk/Medicin/Praeparater/9648#a102,N05AE04,NA,NA,NA,NA,NA,NA,NA,NA,NA,False,False
page_09650.html,https://pro.medicin.dk/Medicin/Praeparater/9650#a102,J07BN01,NA,NA,NA,NA,NA,NA,NA,NA,NA,False,False
page_09651.html,https://pro.medicin.dk/Medicin/Praeparater/9651#a102,A07EA01,NA,NA,NA,NA,NA,NA,NA,NA,NA,False,False
page_09653.html,https://pro.medicin.dk/Medicin/Praeparater/9653#a102,L01EL02,<30 ml/min.,[0],[29],NA,NA,NA,forsigtighed,erfaring savnes,"Erfaring savnes ved GFR < 30 ml/min. Der findes ingen data. Bør kun anvendes, hvis fordelene opvejer risikoen, overvågning for tegn på toksicitet tilrådes.",True,False
page_09655.html,https://pro.medicin.dk/Medicin/Praeparater/9655#a102,L04AF04,<15 ml/min.; 15-60 ml/min.,"[0, 15]","[14, 60]",NA; NA,"['NA', 'NA']","['NA', 'NA']",kontraindiceret; forsigtighed,erfaring savnes; dosisjustering,Filgotinib er ikke blevet undersøgt hos patienter med nyresygdom i slutstadiet (GFR < 15 ml/min) og anbefales derfor ikke til brug hos disse patienter.; En dosis på 100 mg en gang dgl. er anbefalet til patienter med moderat eller svært nedsat nyrefunktion.,True,False
page_09656.html,https://pro.medicin.dk/Medicin/Praeparater/9656#a102,R06AX26,<60 ml/min.,[0],[59],NA,NA,NA,forsigtighed,erfaring savnes,Forsigtighed pga. manglende erfaring.,True,False
page_09658.html,https://pro.medicin.dk/Medicin/Praeparater/9658#a102,S01CA01,NA,NA,NA,NA,NA,NA,NA,NA,NA,False,False
page_09659.html,https://pro.medicin.dk/Medicin/Praeparater/9659#a102,H02AB02,<60 ml/min.,[0],[59],NA,NA,NA,forsigtighed,øget bivirkningsrisiko,"Systemisk anvendelse:Glukokortikoider kan medføre hypernatriæmi, hypokaliæmi, væskeretention og forhøjelse af blodtrykket.",True,False
page_09662.html,https://pro.medicin.dk/Medicin/Praeparater/9662#a102,J07BN01,NA,NA,NA,NA,NA,NA,NA,NA,NA,False,False
page_09666.html,https://pro.medicin.dk/Medicin/Praeparater/9666#a102,A16AX16,<15 ml/min.,[0],[14],NA,NA,NA,forsigtighed,erfaring savnes,Ikke undersøgt ved nyresvigt eller dialyse.,True,False
page_09669.html,https://pro.medicin.dk/Medicin/Praeparater/9669#a102,L02BA03,30-60 ml/min.; <30 ml/min.,"[30, 0]","[60, 29]",NA; NA,"['NA', 'NA']","['NA', 'NA']",forsigtighed; forsigtighed,hjælpestoffer; erfaring savnes,"Indeholder benzylalkoholder skal bruges med forsigtighed ved nedsat nyre- og leverfunktion. Læs mereher.; Erfaring savnes ved GFR < 30 ml/min. Der findes ingen data, og forsigtighed tilrådes.Indeholder benzylalkoholder skal bruges med forsigtighed ved nedsat nyre- og leverfunktion. Læs mereher.",True,False
page_09672.html,https://pro.medicin.dk/Medicin/Praeparater/9672#a102,B01AB01,<60 ml/min.,[0],[59],NA,NA,NA,forsigtighed,hjælpestoffer,"Heparin ""Leo"" og Heparin ""Panpharma"" indeholder benzylalkohol der skal bruges med forsigtighed ved nedsat nyre- og leverfunktion. Læs mereher.",True,False
page_09674.html,https://pro.medicin.dk/Medicin/Praeparater/9674#a102,C01CA24,NA,NA,NA,NA,NA,NA,NA,NA,NA,False,False
page_09676.html,https://pro.medicin.dk/Medicin/Praeparater/9676#a102,G04CB01,NA,NA,NA,NA,NA,NA,NA,NA,NA,False,False
page_09677.html,https://pro.medicin.dk/Medicin/Praeparater/9677#a102,L02BA03,30-60 ml/min.; <30 ml/min.,"[30, 0]","[60, 29]",NA; NA,"['NA', 'NA']","['NA', 'NA']",forsigtighed; forsigtighed,hjælpestoffer; erfaring savnes,"Indeholder benzylalkoholder skal bruges med forsigtighed ved nedsat nyre- og leverfunktion. Læs mereher.; Erfaring savnes ved GFR < 30 ml/min. Der findes ingen data, og forsigtighed tilrådes.Indeholder benzylalkoholder skal bruges med forsigtighed ved nedsat nyre- og leverfunktion. Læs mereher.",True,False
page_09678.html,https://pro.medicin.dk/Medicin/Praeparater/9678#a102,M01AE02,30-60 ml/min.; <30 ml/min.,"[30, 0]","[60, 29]",NA; NA,"['NA', 'NA']","['NA', 'NA']",forsigtighed; kontraindiceret,monitorering; øget bivirkningsrisiko,Prostaglandiner har betydning for opretholdelse af normal nyregennemblødning. NSAID's hæmning af prostaglandinsyntesen kan derfor forårsage nedsat nyregennemblødning og dermed forværret nyrefunktion. Tæt monitorering af nyrefunktionen tilrådes.; Prostaglandiner har betydning for opretholdelse af normal nyregennemblødning. NSAID's hæmning af prostaglandinsyntesen kan derfor forårsage nedsat nyregennemblødning og dermed forværret nyrefunktion.,True,False
page_09679.html,https://pro.medicin.dk/Medicin/Praeparater/9679#a102,N07XX04,<60 ml/min.,[0],[59],NA,NA,NA,forsigtighed,ingen eller begrænset erfaring,Reduktion i natriumindtag via kosten tilrådes.,True,False
page_09685.html,https://pro.medicin.dk/Medicin/Praeparater/9685#a102,S01BA15,NA,NA,NA,NA,NA,NA,NA,NA,NA,False,False
page_09686.html,https://pro.medicin.dk/Medicin/Praeparater/9686#a102,J05AR06,<50 ml/min.,[0],[49],"Kombinationspræparatet er uegnet pga. manglende mulighed for individuel dosisreduktion.For enkeltstofferne gælder flg. retningslinjer:Efavirenz:Ingen dosisjusteringEmtricitabin:GFR 15-30 ml/min: Dosis nedsættes til 200 mg hver 72. time.GFR < 15 ml/min: Dosis nedsættes til 200 mg hver 96. time.Tenofovirdisoproxil:GFRml/minutDosis (voksne)30-50132 mg 1 gang dgl.20-3066 mg 1 gang dgl.10-2033 mg 1 gang dgl.< 10Bør kun anvendes i forbindelse med dialyse: 16,5 mg efter afslutning af hver 4-timers dialyseBemærk:GFR < 50 ml/min. Nyrefunktionen skal følges tæt.GFR < 30 ml/min: Bør ikke anvendes, medmindre der ikke findes alternativ behandling.Børn: Bør ikke anvendes.",,,forsigtighed,dosisjustering,"30-50: 132 mg 1 gang dgl.; 20-30: 66 mg 1 gang dgl.; 10-20: 33 mg 1 gang dgl.; < 10: Bør kun anvendes i forbindelse med dialyse: 16,5 mg efter afslutning af hver 4-timers dialyse; Bemærk:GFR < 50 ml/min. Nyrefunktionen skal følges tæt.GFR < 30 ml/min: Bør ikke anvendes, medmindre der ikke findes alternativ behandling.Børn: Bør ikke anvendes.: Bemærk:GFR < 50 ml/min. Nyrefunktionen skal følges tæt.GFR < 30 ml/min: Bør ikke anvendes, medmindre der ikke findes alternativ behandling.Børn: Bør ikke anvendes.",True,True
page_09687.html,https://pro.medicin.dk/Medicin/Praeparater/9687#a102,R01AD08,NA,NA,NA,NA,NA,NA,NA,NA,NA,False,False
page_09690.html,https://pro.medicin.dk/Medicin/Praeparater/9690#a102,R06AX18,<60 ml/min.,[0],[59],NA,NA,NA,forsigtighed,ingen eller begrænset erfaring,Forsigtighed tilrådes.,True,False
page_09691.html,https://pro.medicin.dk/Medicin/Praeparater/9691#a102,L01BC07,NA,NA,NA,NA,NA,NA,NA,NA,NA,False,False
page_09692.html,https://pro.medicin.dk/Medicin/Praeparater/9692#a102,A07EA06,NA,NA,NA,NA,NA,NA,NA,NA,NA,False,False
page_09693.html,https://pro.medicin.dk/Medicin/Praeparater/9693#a102,L01EB02,<15 ml/min.,[0],[14],NA,NA,NA,forsigtighed,erfaring savnes,Dosisjustering er ikke nødvendig ved GFR > 15 ml/min. Erfaring savnes ved GFR < 15 ml/min.,True,False
page_09694.html,https://pro.medicin.dk/Medicin/Praeparater/9694#a102,N06BC01,<60 ml/min.,[0],[59],NA,NA,NA,forsigtighed,dosisjustering,Øget risiko for akkumulering. Daglig vedligeholdelsesdosis skal nedsættes på baggrund af plasmakoncentrationen.,True,False
page_09695.html,https://pro.medicin.dk/Medicin/Praeparater/9695#a102,S01XA20,NA,NA,NA,NA,NA,NA,NA,NA,NA,False,False
page_09696.html,https://pro.medicin.dk/Medicin/Praeparater/9696#a102,N02AA01,<30 ml/min.; 30-50 ml/min.,"[0, 30]","[29, 50]",NA; NA,"['NA', 'NA']","['NA', 'NA']",forsigtighed; forsigtighed,dosisjustering; dosisjustering,Dosis nedsættes til 25% af normaldosis med uændret dosisinterval.Velbehandlede patienter med stabil nyrefunktion < 30 ml/min. kan fortsætte behandling indtil GFR 10 ml/min.; Dosis nedsættes til 75 % af normaldosis.,True,False
page_09697.html,https://pro.medicin.dk/Medicin/Praeparater/9697#a102,B01AC22,NA,NA,NA,NA,NA,NA,NA,NA,NA,False,False
page_09703.html,https://pro.medicin.dk/Medicin/Praeparater/9703#a102,J05AJ04,NA,NA,NA,NA,NA,NA,NA,NA,NA,False,False
page_09707.html,https://pro.medicin.dk/Medicin/Praeparater/9707#a102,C02KX02,<30 ml/min.,[0],[29],NA,NA,NA,forsigtighed,erfaring savnes,Erfaring savnes. Særlig forsigtighed ved dosisøgning til 10 mg dgl.,True,False
page_09711.html,https://pro.medicin.dk/Medicin/Praeparater/9711#a102,L01FY01,NA,NA,NA,NA,NA,NA,NA,NA,NA,False,False
page_09712.html,https://pro.medicin.dk/Medicin/Praeparater/9712#a102,M03AB01,NA,NA,NA,NA,NA,NA,NA,NA,NA,False,False
page_09715.html,https://pro.medicin.dk/Medicin/Praeparater/9715#a102,J05AX29,NA,NA,NA,NA,NA,NA,NA,NA,NA,False,False
page_09717.html,https://pro.medicin.dk/Medicin/Praeparater/9717#a102,M05BA06,<30 ml/min.; 30-50 ml/min.,"[0, 30]","[29, 50]",≥18 år; ≥18 år,"[18, 18]","[150, 150]",forsigtighed; forsigtighed,dosisjustering; dosisjustering,Højst 2 mg hver 3. uge. Indgives som i.v. infusion over mindst 1 time.; Højst 4 mg hver 3. uge. Indgives som i.v. infusion over mindst 1 time.,True,False
page_09719.html,https://pro.medicin.dk/Medicin/Praeparater/9719#a102,J05AG05,NA,NA,NA,NA,NA,NA,NA,NA,NA,False,False
page_09723.html,https://pro.medicin.dk/Medicin/Praeparater/9723#a102,N07CA01,NA,NA,NA,NA,NA,NA,NA,NA,NA,False,False
page_09724.html,https://pro.medicin.dk/Medicin/Praeparater/9724#a102,M03BX01,NA,NA,NA,NA,NA,NA,NA,NA,NA,False,False
page_09725.html,https://pro.medicin.dk/Medicin/Praeparater/9725#a102,M01AE01,<30 ml/min.; 30-60 ml/min.,"[0, 30]","[29, 60]",NA; NA,"['NA', 'NA']","['NA', 'NA']",kontraindiceret; forsigtighed,øget bivirkningsrisiko; monitorering,Prostaglandiner har betydning for opretholdelse af normal nyregennemblødning. NSAID's hæmning af prostaglandinsyntesen kan derfor forårsage nedsat nyregennemblødning og dermed forværret nyrefunktion.; Prostaglandiner har betydning for opretholdelse af normal nyregennemblødning. NSAID's hæmning af prostaglandinsyntesen kan derfor forårsage nedsat nyregennemblødning og dermed forværret nyrefunktion. Tæt monitorering af nyrefunktionen tilrådes.,True,False
page_09730.html,https://pro.medicin.dk/Medicin/Praeparater/9730#a102,J04AM06,<30 ml/min.,[0],[29],NA,NA,NA,kontraindiceret,øget bivirkningsrisiko,"Ved alvorlig nyreinsufficiens kan elimination af isoniazid, pyrazinamid og etham-butol- være forsinket, hvilket medfører højere systemisk eksponering og dermed en øget forekomst af bivirkninger.",True,False
page_09733.html,https://pro.medicin.dk/Medicin/Praeparater/9733#a102,R03AL11,<30 ml/min.,[0],[29],NA,NA,NA,forsigtighed,monitorering,Glycopyrronium:Forsigtighed ved GFR < 30 ml/min. Den systemiske eksponering kan være øget. Tæt monitorering for potentielle bivirkninger anbefales.,True,False
page_09734.html,https://pro.medicin.dk/Medicin/Praeparater/9734#a102,H05BX01,NA,NA,NA,NA,NA,NA,NA,NA,NA,False,False
page_09736.html,https://pro.medicin.dk/Medicin/Praeparater/9736#a102,L01FD04,<30 ml/min.,[0],[29],NA,NA,NA,forsigtighed,monitorering,"Dosisjustering er ikke nødvendig ved let til moderat nedsat nyrefunktion. Erfaring savnes ved GFR < 30 ml/min. Der findes ingen data, og tæt monitorering tilrådes.",True,False
page_09737.html,https://pro.medicin.dk/Medicin/Praeparater/9737#a102,N05AH03,<60 ml/min.,[0],[59],NA,NA,NA,forsigtighed,dosisjustering,Voksne.Lavere initialdosis (5 mg) kan overvejes.,True,False
page_09739.html,https://pro.medicin.dk/Medicin/Praeparater/9739#a102,L01EJ02,<15 ml/min.; 15-30 ml/min.,"[0, 15]","[14, 30]",NA; NA,"['NA', 'NA']","['NA', 'NA']",forsigtighed; forsigtighed,erfaring savnes; dosisjustering,Der foreligger ingen data ved GFR < 15 ml/min.; Dosis nedsættes til 200 mg 1 gang dgl.,True,False
page_09740.html,https://pro.medicin.dk/Medicin/Praeparater/9740#a102,N05CH01,<60 ml/min.,[0],[59],NA,NA,NA,forsigtighed,erfaring savnes,Forsigtighed ved nedsat nyrefunktion pga. manglende erfaring. Anbefales ikke ved stærkt nedsat nyrefunktion. Ingen tegn på akkumulering ved stabil hæmodialyse.,True,False
page_09741.html,https://pro.medicin.dk/Medicin/Praeparater/9741#a102,C08CA05,NA,NA,NA,NA,NA,NA,NA,NA,NA,False,False
page_09742.html,https://pro.medicin.dk/Medicin/Praeparater/9742#a102,D07AC13,NA,NA,NA,NA,NA,NA,NA,NA,NA,False,False
page_09744.html,https://pro.medicin.dk/Medicin/Praeparater/9744#a102,C10AA01,<30 ml/min.,[0],[29],NA,NA,NA,forsigtighed,monitorering,"P-kreatinkinase bør måles før behandlingsstart pga. prædisposition for rhabdomyolyse. Ved P-kreatinkinase > 4 gange øverste normalgrænse bør behandlingen ikke startes.Under behandling:P-kreatininkinase > 10 gange øverste normalgrænse: pauser behandlingen, kontroller nyrefunktionen og monitorer P-kreatininkinase efter to uger.P-kreatininkinase < 10 gange øverste normalgrænse:ingen symptomer, fortsat behandlingen, kontroller P- kreatininkinase indenfor 2-4 uger.P-kreatininkinase < 10 gange øverste normalgrænse:hvis symptomer, pauser statin og afvent normalisering af P-kreatininkinase før genoptagelse med en lavere statin dosis.VedGFR < 30 ml/minbør der udvises forsigtighed ved doser > 10 mg dgl.Læs mere:Statiner",True,False
page_09746.html,https://pro.medicin.dk/Medicin/Praeparater/9746#a102,J01DH51,<15 ml/min.; 15-30 ml/min.; 30-60 ml/min.; 60-90 ml/min.,"[0, 15, 30, 60]","[14, 30, 60, 90]",NA; NA; NA; NA,"['NA', 'NA', 'NA', 'NA']","['NA', 'NA', 'NA', 'NA']",forsigtighed; forsigtighed; forsigtighed; forsigtighed,betinget; dosisjustering; dosisjustering; dosisjustering,"VoksneGenerelt:Kontraindiceret.Ved hæmodialyse igangsat inden for ≤ 48 timer:500 mg/500 mg i.v. efter hæmodialyse og derefter hver 12. time. Bør dog kun anvendes, når fordelene ved behandling opvejer den potentielle risiko for krampeanfald.BørnKontraindiceret.; Voksne:200 mg/200 mg i.v. hver 6. timeeller500 mg/500 mg i.v. hver 12. time.Børn:Kontraindiceret.; Voksne:300 mg/300 mg i.v. hver 6. timeeller500 mg/500 mg i.v. hver 8. timeeller500 mg/500 mg i.v. hver 6. time.Børn:Kontraindiceret.; Voksne:400 mg/400 mg hver 6. timeeller500 mg/500 mg hver 6. timeeller750 mg/750 mg hver 8. time.Børn:Kontraindiceret.",True,False
page_09748.html,https://pro.medicin.dk/Medicin/Praeparater/9748#a102,L01EX22,<15 ml/min.,[0],[14],NA,NA,NA,forsigtighed,erfaring savnes,Der foreligger ingen data ved nyresygdom i slutstadiet eller dialysepatienter.,True,False
page_09750.html,https://pro.medicin.dk/Medicin/Praeparater/9750#a102,N03AX09,NA,NA,NA,NA,NA,NA,NA,NA,"Kronisk nyresvigt påvirker ikke plasmakoncentrationen af lamotrigin, men der kan forventes akkumulering af glucuronidmetabolitten. Ved patienter med nyresvigt i slutstadiet skal initialdosis baseres på de lægemidler, som patienten tager samtidigt, og lavere vedligeholdelsesdoser kan være effektive.",True,False
page_09752.html,https://pro.medicin.dk/Medicin/Praeparater/9752#a102,J05AX25,NA,NA,NA,NA,NA,NA,NA,NA,NA,False,False
page_09753.html,https://pro.medicin.dk/Medicin/Praeparater/9753#a102,M01AB05,30-60 ml/min.; <30 ml/min.,"[30, 0]","[60, 29]",NA; NA,"['NA', 'NA']","['NA', 'NA']",forsigtighed; kontraindiceret,monitorering; øget bivirkningsrisiko,Prostaglandiner har betydning for opretholdelse af normal nyregennemblødning. NSAID's hæmning af prostaglandinsyntesen kan derfor forårsage nedsat nyregennemblødning og dermed forværret nyrefunktion. Tæt monitorering af nyrefunktionen tilrådes.; Prostaglandiner har betydning for opretholdelse af normal nyregennemblødning. NSAID's hæmning af prostaglandinsyntesen kan derfor forårsage nedsat nyregennemblødning og dermed forværret nyrefunktion.,True,False
page_09755.html,https://pro.medicin.dk/Medicin/Praeparater/9755#a102,C01BD01,NA,NA,NA,NA,NA,NA,NA,NA,NA,False,False
page_09757.html,https://pro.medicin.dk/Medicin/Praeparater/9757#a102,B05BB02,<30 ml/min.,[0],[29],NA,NA,NA,forsigtighed,monitorering,"Monitorering af væske-, elektrolyt- og syre-base-status. Risiko for hyperkaliæmi.Glucosetolerancen kan være nedsat. Tæt monitorering af blod-glucose er påkrævet, og insulinbehov kan ændres.",True,False
page_09759.html,https://pro.medicin.dk/Medicin/Praeparater/9759#a102,N04BC04,<30 ml/min.,[0],[29],NA,NA,NA,kontraindiceret,erfaring savnes,"Erfaring savnes.Mulige alternativer, se Dopaminagonister.",True,False
page_09760.html,https://pro.medicin.dk/Medicin/Praeparater/9760#a102,C10AX16,<30 ml/min.,[0],[29],NA,NA,NA,forsigtighed,ingen eller begrænset erfaring,"Forsigtighed ved stærkt nedsat nyrefunktion pga. begrænset erfaring.Hæmodialyse: Dosis bør tages efter afsluttet dialyse, og hæmodialyse bør ikke udføres før 72 timer efter behandling med inclisiran.",True,False
page_09763.html,https://pro.medicin.dk/Medicin/Praeparater/9763#a102,S01EC04,NA,NA,NA,NA,NA,NA,NA,NA,NA,False,False
page_09764.html,https://pro.medicin.dk/Medicin/Praeparater/9764#a102,L04AD02,<60 ml/min.,[0],[59],NA,NA,NA,forsigtighed,monitorering,"Tacrolimus kan medføre nedsat nyrefunktion efter transplantation. Tæt monitorering pga. risiko for, at akut nyreinsufficiens uden aktiv indgriben kan udvikle sig til kronisk nyreinsufficiens. Det kan evt. være nødvendigt med nedsat dosis. Se også Interaktioner.",True,False
page_09765.html,https://pro.medicin.dk/Medicin/Praeparater/9765#a102,S01ED51,NA,NA,NA,NA,NA,NA,NA,NA,NA,False,False
page_09766.html,https://pro.medicin.dk/Medicin/Praeparater/9766#a102,J01CE02,NA,NA,NA,NA,NA,NA,NA,NA,NA,False,False
page_09767.html,https://pro.medicin.dk/Medicin/Praeparater/9767#a102,M05BA08,<60 ml/min.,[0],[59],NA,NA,NA,forsigtighed,betinget,Tumorinduceret hypercalcæmi:Fordele og risici ved behandling bør nøje overvejes ved GFR < 30 ml/min. Dosisjustering er ikke nødvendig ved GFR > 30 ml/min.Fremskreden malign sygdom og knoglemetastaser:Dosis skal nedsættes ved GFR 30-60 ml/min. Erfaring savnes ved GFR < 30 ml/min.,True,False
page_09769.html,https://pro.medicin.dk/Medicin/Praeparater/9769#a102,L01XJ02,NA,NA,NA,NA,NA,NA,NA,NA,NA,False,False
page_09771.html,https://pro.medicin.dk/Medicin/Praeparater/9771#a102,L01EN02,<30 ml/min.,[0],[29],NA,NA,NA,forsigtighed,dosisjustering,"Dosisreduktion fra 13,5 mg til 9 mg eller fra 9 mg til 4,5 mg 1 gang dgl.",True,False
page_09774.html,https://pro.medicin.dk/Medicin/Praeparater/9774#a102,C01BC04,<35 ml/min.,[0],[34],≥12 år,[12],[150],forsigtighed,dosisjustering,Initialdosis 100 mg og forsigtig dosisøgning til højst 200 mg dgl.Tæt monitorering af plasmakoncentrationen anbefales pga. langsommere elimination af flecainid.,True,False
page_09775.html,https://pro.medicin.dk/Medicin/Praeparater/9775#a102,L02BA03,30-60 ml/min.; <30 ml/min.,"[30, 0]","[60, 29]",NA; NA,"['NA', 'NA']","['NA', 'NA']",forsigtighed; forsigtighed,hjælpestoffer; erfaring savnes,"Indeholder benzylalkoholder skal bruges med forsigtighed ved nedsat nyre- og leverfunktion. Læs mereher.; Erfaring savnes ved GFR < 30 ml/min. Der findes ingen data, og forsigtighed tilrådes.Indeholder benzylalkoholder skal bruges med forsigtighed ved nedsat nyre- og leverfunktion. Læs mereher.",True,False
page_09776.html,https://pro.medicin.dk/Medicin/Praeparater/9776#a102,G03DB08,NA,NA,NA,NA,NA,NA,NA,NA,NA,False,False
page_09778.html,https://pro.medicin.dk/Medicin/Praeparater/9778#a102,M09AX10,NA,NA,NA,NA,NA,NA,NA,NA,NA,False,False
page_09779.html,https://pro.medicin.dk/Medicin/Praeparater/9779#a102,L04AB02,NA,NA,NA,NA,NA,NA,NA,NA,NA,False,False
page_09781.html,https://pro.medicin.dk/Medicin/Praeparater/9781#a102,A03AA04,NA,NA,NA,NA,NA,NA,NA,NA,NA,False,False
page_09782.html,https://pro.medicin.dk/Medicin/Praeparater/9782#a102,A04AA05,NA,NA,NA,NA,NA,NA,NA,NA,NA,False,False
page_09784.html,https://pro.medicin.dk/Medicin/Praeparater/9784#a102,A06AX05,<30 ml/min.,[0],[29],≥18 år,[18],[150],forsigtighed,dosisjustering,Højst 1 mg dgl. Kontraindiceret ved dialysekrævende nyreinsufficiens.,True,False
page_09785.html,https://pro.medicin.dk/Medicin/Praeparater/9785#a102,J01FA06,NA,NA,NA,NA,NA,NA,NA,NA,NA,False,False
page_09787.html,https://pro.medicin.dk/Medicin/Praeparater/9787#a102,H01AC07,NA,NA,NA,NA,NA,NA,NA,NA,NA,False,False
page_09788.html,https://pro.medicin.dk/Medicin/Praeparater/9788#a102,L01CD04,NA,NA,NA,NA,NA,NA,NA,NA,NA,False,False
page_09790.html,https://pro.medicin.dk/Medicin/Praeparater/9790#a102,L01BA04,<45 ml/min.,[0],[44],NA,NA,NA,forsigtighed,ingen eller begrænset erfaring,Dosisjustering er ikke nødvendig ved GFR > 45 ml/min. Der er utilstrækkelige data ved GFR < 45 ml/min.,True,False
page_09791.html,https://pro.medicin.dk/Medicin/Praeparater/9791#a102,A06AX05,<30 ml/min.,[0],[29],≥18 år,[18],[150],forsigtighed,dosisjustering,Højst 1 mg dgl. Kontraindiceret ved dialysekrævende nyreinsufficiens.,True,False
page_09792.html,https://pro.medicin.dk/Medicin/Praeparater/9792#a102,C03XA01,<60 ml/min.,[0],[59],NA,NA,NA,forsigtighed,monitorering,Væske- og elektrolytbalance skal kontrolleres jævnligt.Erfaring savnes ved GFR < 30 ml/min.,True,False
page_09794.html,https://pro.medicin.dk/Medicin/Praeparater/9794#a102,D11AH07,NA,NA,NA,NA,NA,NA,NA,NA,NA,False,False
page_09795.html,https://pro.medicin.dk/Medicin/Praeparater/9795#a102,G03AA11,NA,NA,NA,NA,NA,NA,NA,NA,NA,False,False
page_09796.html,https://pro.medicin.dk/Medicin/Praeparater/9796#a102,N05AX12,NA,NA,NA,NA,NA,NA,NA,NA,NA,False,False
page_09797.html,https://pro.medicin.dk/Medicin/Praeparater/9797#a102,N03AF04,<60 ml/min.; <60 ml/min.; <60 ml/min.,"[0, 0, 0]","[59, 59, 59]",6-17 år; ≥60 KG; ≥17 år,"[6, 60, 17]","[17, 150, 150]",forsigtighed; forsigtighed; forsigtighed,dosisjustering; dosisjustering; dosisjustering,Højst 15 mg/kg legemsvægt (højst 600 mg) dgl.Initialdosis 10 mg/kg legemsvægt hver 2. dag i 2 uger.Herefter 10 mg/kg legemsvægt dgl. evt. højere afhængig af respons.; Højst 800 mg dgl.Initialdosis 400 mg hver 2. dag i 2 uger.Herefter 400 mg dgl. evt. højere afhængig af respons.; Højst 800 mg dgl.Initialdosis 200 mg 1 gang dgl.eller400 mg hver 2. dag i 2 uger.Herefter 400 mg dgl. evt. højere afhængig af respons.,True,False
page_09798.html,https://pro.medicin.dk/Medicin/Praeparater/9798#a102,P02CF01,NA,NA,NA,NA,NA,NA,NA,NA,NA,False,False
page_09800.html,https://pro.medicin.dk/Medicin/Praeparater/9800#a102,S01EE01,NA,NA,NA,NA,NA,NA,NA,NA,NA,False,False
page_09801.html,https://pro.medicin.dk/Medicin/Praeparater/9801#a102,L04AK01,<60 ml/min.,[0],[59],NA,NA,NA,kontraindiceret,erfaring savnes,Dosisjustering er ikke nødvendig ved let nedsat nyrefunktion. Kontraindiceret ved GFR < 60 ml/min. Der findes ingen data.,True,False
page_09802.html,https://pro.medicin.dk/Medicin/Praeparater/9802#a102,N05CH01,<60 ml/min.,[0],[59],NA,NA,NA,forsigtighed,erfaring savnes,Forsigtighed ved nedsat nyrefunktion pga. manglende erfaring. Anbefales ikke ved stærkt nedsat nyrefunktion. Ingen tegn på akkumulering ved stabil hæmodialyse.,True,False
page_09804.html,https://pro.medicin.dk/Medicin/Praeparater/9804#a102,A01AD02,NA,NA,NA,NA,NA,NA,NA,NA,NA,False,False
page_09807.html,https://pro.medicin.dk/Medicin/Praeparater/9807#a102,A02BC05,NA,NA,NA,NA,NA,NA,NA,NA,NA,False,False
page_09810.html,https://pro.medicin.dk/Medicin/Praeparater/9810#a102,L04AG12,NA,NA,NA,NA,NA,NA,NA,NA,NA,False,False
page_09811.html,https://pro.medicin.dk/Medicin/Praeparater/9811#a102,L04AD01,<30 ml/min.,[0],[29],NA,NA,NA,forsigtighed,betinget,"Andre indikationer end transplantation. Bør kun anvendes  ved nefrotisk syndrom med samtidig  nyreinsufficiens.  Initialdosis bør ikke overstige 2,5 mg/kg/dag.",True,False
page_09812.html,https://pro.medicin.dk/Medicin/Praeparater/9812#a102,L04AA06,NA,NA,NA,NA,NA,NA,NA,NA,NA,False,False
page_09813.html,https://pro.medicin.dk/Medicin/Praeparater/9813#a102,N02BF02,<15 ml/min.; 15-30 ml/min.; 30-60 ml/min.,"[0, 15, 30]","[14, 30, 60]",≥17 år; ≥17 år; ≥17 år,"[17, 17, 17]","[150, 150, 150]",forsigtighed; forsigtighed; forsigtighed,dosisjustering; dosisjustering; dosisjustering,"Initialdosis 25 mg dgl. Højst 75 mg 1 gang dgl.Supplerende dosis efter hæmodialyse: Initialt 25 mg, højst 100 mg.; Initialdosis 25-50 mg dgl. Højst 150 mg dgl. fordelt på 1-2 doser.; Initialdosis 75 mg dgl. Højst 300 mg dgl. fordelt på 2-3 doser.",True,False
page_09814.html,https://pro.medicin.dk/Medicin/Praeparater/9814#a102,J01MA14,NA,NA,NA,NA,NA,NA,NA,NA,NA,False,False
page_09815.html,https://pro.medicin.dk/Medicin/Praeparater/9815#a102,L01AC01,NA,NA,NA,NA,NA,NA,NA,NA,NA,False,False
page_09816.html,https://pro.medicin.dk/Medicin/Praeparater/9816#a102,N05AE04,NA,NA,NA,NA,NA,NA,NA,NA,NA,False,False
page_09817.html,https://pro.medicin.dk/Medicin/Praeparater/9817#a102,A16AA07,<60 ml/min.,[0],[59],NA,NA,NA,forsigtighed,ingen eller begrænset erfaring,Metreleptin er ikke blevet undersøgt hos patienter med nedsat nyrefunktion. Der kan ikke gives nogen anbefalinger vedrørende dosis.,True,False
page_09818.html,https://pro.medicin.dk/Medicin/Praeparater/9818#a102,R03AK06,NA,NA,NA,NA,NA,NA,NA,NA,NA,False,False
page_09820.html,https://pro.medicin.dk/Medicin/Praeparater/9820#a102,L02BB03,NA,NA,NA,NA,NA,NA,NA,NA,NA,False,False
page_09821.html,https://pro.medicin.dk/Medicin/Praeparater/9821#a102,M01AE02,30-60 ml/min.; <30 ml/min.,"[30, 0]","[60, 29]",NA; NA,"['NA', 'NA']","['NA', 'NA']",forsigtighed; kontraindiceret,monitorering; øget bivirkningsrisiko,Prostaglandiner har betydning for opretholdelse af normal nyregennemblødning. NSAID's hæmning af prostaglandinsyntesen kan derfor forårsage nedsat nyregennemblødning og dermed forværret nyrefunktion. Tæt monitorering af nyrefunktionen tilrådes.; Prostaglandiner har betydning for opretholdelse af normal nyregennemblødning. NSAID's hæmning af prostaglandinsyntesen kan derfor forårsage nedsat nyregennemblødning og dermed forværret nyrefunktion.,True,False
page_09822.html,https://pro.medicin.dk/Medicin/Praeparater/9822#a102,N03AX11,<20 ml/min.; <20 ml/min.,"[0, 0]","[19, 19]",2-17 år,[2],[17],forsigtighed,dosisjustering,Epilepsi: 15 mg pr. kg legemsvægt dgl.; Forebyggelse af migræne: Anvendes ikke til børn pga.manglende erfaring: Anvendes ikke til børn pga.manglende erfaring,True,True
page_09823.html,https://pro.medicin.dk/Medicin/Praeparater/9823#a102,V03AC02,NA,NA,NA,NA,NA,NA,NA,NA,NA,False,False
page_09824.html,https://pro.medicin.dk/Medicin/Praeparater/9824#a102,C09BA02,<30 ml/min.,[0],[29],NA,NA,NA,forsigtighed,monitorering,Kombinationspræparatet bør kun anvendes efter dosistitrering med enalapril og hydrochlorthiazid.Rutinemæssig monitorering af P-kalium og P-kreatinin.,True,False
page_09825.html,https://pro.medicin.dk/Medicin/Praeparater/9825#a102,A07EC02,<30 ml/min.,[0],[29],NA,NA,NA,kontraindiceret,øget bivirkningsrisiko,Risiko for mesalazininduceret nyreskade.,True,False
page_09827.html,https://pro.medicin.dk/Medicin/Praeparater/9827#a102,N04BX04,NA,NA,NA,NA,NA,NA,NA,NA,NA,False,False
page_09829.html,https://pro.medicin.dk/Medicin/Praeparater/9829#a102,C01DX22,<15 ml/min.,[0],[14],NA,NA,NA,forsigtighed,ingen eller begrænset erfaring,Forsigtighed pga. begrænset erfaring.,True,False
page_09830.html,https://pro.medicin.dk/Medicin/Praeparater/9830#a102,J07BK03,NA,NA,NA,NA,NA,NA,NA,NA,NA,False,False
page_09834.html,https://pro.medicin.dk/Medicin/Praeparater/9834#a102,J07BB03,NA,NA,NA,NA,NA,NA,NA,NA,NA,False,False
page_09837.html,https://pro.medicin.dk/Medicin/Praeparater/9837#a102,M04AA01,<10 ml/min.; 10-20 ml/min.,"[0, 10]","[9, 20]",≥2 år; ≥2 år,"[2, 2]","[150, 150]",forsigtighed; forsigtighed,dosisjustering; dosisjustering,"Voksne: Højst 50 mg dgl. eller 100 mg hver 2. dag.Børn 2-15 år: Højst 5 mg/kg legemsvægt (højst 50 mg dgl.)Allopurinol er ikke i sig selv nefrotoksisk, men der er øget risiko for bivirkninger.; Voksne: Højst 200 mg dgl. Initialt 50 mg dgl., gradvis øgning med 50 mg hver 2.-6. uge indtil nået behandlingsmål, eller der evt. kommer bivirkninger.Børn 2-15 år: Højst 10 mg/kg legemsvægt (højst 200 mg dgl.)Allopurinol er ikke i sig selv nefrotoksisk, men der er øget risiko for bivirkninger.",True,False
page_09838.html,https://pro.medicin.dk/Medicin/Praeparater/9838#a102,L01AB01,NA,NA,NA,NA,NA,NA,NA,NA,NA,False,False
page_09839.html,https://pro.medicin.dk/Medicin/Praeparater/9839#a102,N03AX11,<20 ml/min.; <20 ml/min.,"[0, 0]","[19, 19]",2-17 år,[2],[17],forsigtighed,dosisjustering,Epilepsi: 15 mg pr. kg legemsvægt dgl.; Forebyggelse af migræne: Anvendes ikke til børn pga.manglende erfaring: Anvendes ikke til børn pga.manglende erfaring,True,True
page_09842.html,https://pro.medicin.dk/Medicin/Praeparater/9842#a102,B02BX09,NA,NA,NA,NA,NA,NA,NA,NA,NA,False,False
page_09844.html,https://pro.medicin.dk/Medicin/Praeparater/9844#a102,C10AX06,NA,NA,NA,NA,NA,NA,NA,NA,NA,False,False
page_09845.html,https://pro.medicin.dk/Medicin/Praeparater/9845#a102,J07BB02,NA,NA,NA,NA,NA,NA,NA,NA,NA,False,False
page_09847.html,https://pro.medicin.dk/Medicin/Praeparater/9847#a102,N04BC06,NA,NA,NA,NA,NA,NA,NA,NA,NA,False,False
page_09849.html,https://pro.medicin.dk/Medicin/Praeparater/9849#a102,A12CC30,<30 ml/min.,[0],[29],NA,NA,NA,kontraindiceret,øget bivirkningsrisiko,Risiko for ophobning af magnesium.,True,False
page_09850.html,https://pro.medicin.dk/Medicin/Praeparater/9850#a102,N05CD08,<60 ml/min.,[0],[59],NA,NA,NA,forsigtighed,øget bivirkningsrisiko,"Dosisjustering er ikke nødvendig, men forsigtighed tilrådes ved kronisk nyreinsufficiens.",True,False
page_09851.html,https://pro.medicin.dk/Medicin/Praeparater/9851#a102,N06AX11,<40 ml/min.,[0],[39],NA,NA,NA,forsigtighed,dosisjustering,"Lav initialdosis (7,5-15 mg) og langsom optitrering.Tæt monitorering anbefales pga. fald i clearance på 30 % ved GFR < 40 ml/min og på 50 % ved GFR < 10 ml/min.",True,False
page_09854.html,https://pro.medicin.dk/Medicin/Praeparater/9854#a102,L01EH03,NA,NA,NA,NA,NA,NA,NA,NA,NA,False,False
page_09855.html,https://pro.medicin.dk/Medicin/Praeparater/9855#a102,L01BC07,NA,NA,NA,NA,NA,NA,NA,NA,NA,False,False
page_09858.html,https://pro.medicin.dk/Medicin/Praeparater/9858#a102,N03AX25,<10 ml/min.; 10-60 ml/min.,"[0, 10]","[9, 60]",NA; ≥18 år,"['NA', 18]","['NA', 150]",kontraindiceret; forsigtighed,øget bivirkningsrisiko; dosisjustering,"Cenobamat bør ikke anvendes til patienter med nyresygdom i slutstadiet eller patienter, der får hæmodialyse.; Højst 300 mg cenobamat dgl.",True,False
page_09860.html,https://pro.medicin.dk/Medicin/Praeparater/9860#a102,D06BX03,NA,NA,NA,NA,NA,NA,NA,NA,NA,False,False
page_09862.html,https://pro.medicin.dk/Medicin/Praeparater/9862#a102,L04AC21,NA,NA,NA,NA,NA,NA,NA,NA,NA,False,False
page_09863.html,https://pro.medicin.dk/Medicin/Praeparater/9863#a102,M01AE01,<30 ml/min.; 30-60 ml/min.,"[0, 30]","[29, 60]",NA; NA,"['NA', 'NA']","['NA', 'NA']",kontraindiceret; forsigtighed,øget bivirkningsrisiko; monitorering,Prostaglandiner har betydning for opretholdelse af normal nyregennemblødning. NSAID's hæmning af prostaglandinsyntesen kan derfor forårsage nedsat nyregennemblødning og dermed forværret nyrefunktion.; Prostaglandiner har betydning for opretholdelse af normal nyregennemblødning. NSAID's hæmning af prostaglandinsyntesen kan derfor forårsage nedsat nyregennemblødning og dermed forværret nyrefunktion. Tæt monitorering af nyrefunktionen tilrådes.,True,False
page_09865.html,https://pro.medicin.dk/Medicin/Praeparater/9865#a102,L01FX12,<30 ml/min.,[0],[29],NA,NA,NA,forsigtighed,ingen eller begrænset erfaring,Der foreligger ingen data for doseringsanbefalinger ved stærkt nedsat nyrefunktion.,True,False
page_09866.html,https://pro.medicin.dk/Medicin/Praeparater/9866#a102,L01BC07,NA,NA,NA,NA,NA,NA,NA,NA,NA,False,False
page_09870.html,https://pro.medicin.dk/Medicin/Praeparater/9870#a102,B03XA05,NA,NA,NA,NA,NA,NA,NA,NA,NA,False,False
page_09872.html,https://pro.medicin.dk/Medicin/Praeparater/9872#a102,H01CB03,NA,NA,NA,NA,NA,NA,NA,NA,NA,False,False
page_09873.html,https://pro.medicin.dk/Medicin/Praeparater/9873#a102,G04BD04,<60 ml/min.,[0],[59],NA,NA,NA,forsigtighed,erfaring savnes,Ingen erfaring ved nedsat nyrefunktion. Lavere initialdosis bør overvejes. Opmærksomhed på mulig øget risiko for bivirkninger.,True,False
page_09877.html,https://pro.medicin.dk/Medicin/Praeparater/9877#a102,A04AA01,NA,NA,NA,NA,NA,NA,NA,NA,NA,False,False
page_09878.html,https://pro.medicin.dk/Medicin/Praeparater/9878#a102,M03AX01,NA,NA,NA,NA,NA,NA,NA,NA,NA,False,False
page_09880.html,https://pro.medicin.dk/Medicin/Praeparater/9880#a102,N05CD14,NA,NA,NA,NA,NA,NA,NA,NA,NA,False,False
page_09881.html,https://pro.medicin.dk/Medicin/Praeparater/9881#a102,G03CA03,NA,NA,NA,NA,NA,NA,NA,NA,NA,False,False
page_09884.html,https://pro.medicin.dk/Medicin/Praeparater/9884#a102,A05AX05,<30 ml/min.,[0],[29],NA,NA,NA,forsigtighed,erfaring savnes,"Der er ingen kliniske data for brug af odevixibat ved moderat eller stærkt nedsat nyrefunktion eller i slutstadiet af nyresygdom (ESRD), der kræver hæmodialyse.",True,False
page_09887.html,https://pro.medicin.dk/Medicin/Praeparater/9887#a102,D11AX10,NA,NA,NA,NA,NA,NA,NA,NA,NA,False,False
page_09888.html,https://pro.medicin.dk/Medicin/Praeparater/9888#a102,R03BB04,<50 ml/min.,[0],[49],NA,NA,NA,forsigtighed,betinget,Dosisjustering er ikke nødvendig ved GFR > 50 ml/min. Forsigtighed tilrådes ved GFR < 50 ml/min. Erfaring savnes vedr. langtidsbehandling ved svær nyreinsufficiens.,True,False
page_09889.html,https://pro.medicin.dk/Medicin/Praeparater/9889#a102,R03BB06,<30 ml/min.,[0],[29],NA,NA,NA,forsigtighed,monitorering,Den systemiske eksponering kan være øget. Tæt monitorering for potentielle bivirkninger anbefales.,True,False
page_09890.html,https://pro.medicin.dk/Medicin/Praeparater/9890#a102,J07BK01,NA,NA,NA,NA,NA,NA,NA,NA,NA,False,False
page_09894.html,https://pro.medicin.dk/Medicin/Praeparater/9894#a102,D07AD01,NA,NA,NA,NA,NA,NA,NA,NA,NA,False,False
page_09895.html,https://pro.medicin.dk/Medicin/Praeparater/9895#a102,N01BB02,<30 ml/min.,[0],[29],NA,NA,NA,forsigtighed,øget bivirkningsrisiko,Forsigtighed tilrådes ved langvarig eller gentagen administration.,True,False
page_09896.html,https://pro.medicin.dk/Medicin/Praeparater/9896#a102,N06BA04,<60 ml/min.,[0],[59],NA,NA,NA,forsigtighed,erfaring savnes,Der er ingen erfaring med brug af methylphenidat til patienter med nedsat nyrefunktion.,True,False
page_09897.html,https://pro.medicin.dk/Medicin/Praeparater/9897#a102,N05AX08,<10 ml/min.,[0],[9],≥17 år,[17],[150],forsigtighed,dosisjustering,"Højst 25 mg hver 2. uge. Kan gives, hvis oral behandling med 2 mg dgl. tolereres godt.",True,False
page_09899.html,https://pro.medicin.dk/Medicin/Praeparater/9899#a102,A11GA01,<30 ml/min.,[0],[29],NA,NA,NA,forsigtighed,monitorering,Risiko for oxalat-udfældning i urinen ved højdosis behandling med vitamin C. Nyrefunktionen bør monitoreres tæt mht. fx GFR og albumin.,True,False
page_09901.html,https://pro.medicin.dk/Medicin/Praeparater/9901#a102,R05CA03,<30 ml/min.,[0],[29],NA,NA,NA,forsigtighed,erfaring savnes,Forsigtighed anbefales pga. manglende erfaring.,True,False
page_09903.html,https://pro.medicin.dk/Medicin/Praeparater/9903#a102,L01FF07,<60 ml/min.; <30 ml/min.,"[0, 0]","[59, 29]",NA; NA,"['NA', 'NA']","['NA', 'NA']",forsigtighed; forsigtighed,monitorering; ingen eller begrænset erfaring,Monitorering mht. ændringer i nyrefunktionen pga. risiko for immunrelateret nefritis.; Begrænset erfaring vedr. stærkt nedsat nyrefunktion eller terminal nyresygdom med dialyse.,True,False
page_09905.html,https://pro.medicin.dk/Medicin/Praeparater/9905#a102,H01CC54,<30 ml/min.,[0],[29],NA,NA,NA,forsigtighed,NA,Øget eksponering for relugolix ved moderat til svært nedsat nyrefunktion. Forsigtighed tilrådes.,True,False
page_09907.html,https://pro.medicin.dk/Medicin/Praeparater/9907#a102,"A12CE02, B05XA20",NA,NA,NA,NA,NA,NA,NA,NA,NA,False,False
page_09908.html,https://pro.medicin.dk/Medicin/Praeparater/9908#a102,H05BX01,NA,NA,NA,NA,NA,NA,NA,NA,NA,False,False
page_09909.html,https://pro.medicin.dk/Medicin/Praeparater/9909#a102,H02AB02,<60 ml/min.,[0],[59],NA,NA,NA,forsigtighed,øget bivirkningsrisiko,"Systemisk anvendelse:Glukokortikoider kan medføre hypernatriæmi, hypokaliæmi, væskeretention og forhøjelse af blodtrykket.",True,False
page_09911.html,https://pro.medicin.dk/Medicin/Praeparater/9911#a102,N05AX13,10-50 ml/min.; 10-50 ml/min.; 10-50 ml/min.; 50-80 ml/min.; 50-80 ml/min.; 50-80 ml/min.,"[10, 10, 10, 50, 50, 50]","[50, 50, 50, 80, 80, 80]",15-17 år; ≥51 KG; ≥17 år; 15-17 år; ≥51 KG; ≥17 år,"[15, 51, 17, 15, 51, 17]","[17, 150, 150, 17, 150, 150]",forsigtighed; forsigtighed; forsigtighed; forsigtighed; forsigtighed; forsigtighed,dosisjustering; dosisjustering; dosisjustering; dosisjustering; dosisjustering; dosisjustering,Højst 3 mg hver 2. dag.; Initialdosis 3 mg hver 2. dag. Dosis kan øges til højst 3 mg dgl.; Initialdosis 3 mg hver 2. dag. Dosis kan øges til højst 3 mg dgl.; Initialdosis 3 mg hver 2. dag. Dosis kan øges til højst 3 mg dgl.; Initialdosis 3 mg dgl. Dosis kan øges til højst 6 mg dgl.; Initialdosis 3 mg dgl. Dosis kan øges til højst 6 mg dgl.,True,False
page_09912.html,https://pro.medicin.dk/Medicin/Praeparater/9912#a102,L01FD01,NA,NA,NA,NA,NA,NA,NA,NA,NA,False,False
page_09917.html,https://pro.medicin.dk/Medicin/Praeparater/9917#a102,L02BB03,NA,NA,NA,NA,NA,NA,NA,NA,NA,False,False
page_09919.html,https://pro.medicin.dk/Medicin/Praeparater/9919#a102,J02AX04,NA,NA,NA,NA,NA,NA,NA,NA,NA,False,False
page_09920.html,https://pro.medicin.dk/Medicin/Praeparater/9920#a102,D10BA01,<30 ml/min.,[0],[29],NA,NA,NA,forsigtighed,monitorering,Voksne og børn > 12 år.Lavere startdosis på 10 mg anbefales. Herefter øges dosis efter tolerans til højst 1 mg/kg/døgn.,True,False
page_09921.html,https://pro.medicin.dk/Medicin/Praeparater/9921#a102,L04AX03,<20 ml/min.; 20-50 ml/min.; 20-50 ml/min.,"[0, 20, 20]","[19, 50, 50]",NA; 3-17 år; ≥17 år,"['NA', 3, 17]","['NA', 17, 150]",kontraindiceret; forsigtighed; forsigtighed,øget bivirkningsrisiko; dosisjustering; dosisjustering,"Elimination af methotrexat er nedsat, da det hovedsageligt udskilles gennem nyrerne.; Juvenil reumatoid artritis: Dosis nedsættes til 50 % af normaldosis. Højst 10 mg pr. m2legemsoverflade1 gang om ugen.; Morbus Crohn: 12,5 mg1 gang om ugen.; Psoriasis, psoriasisartritis, reumatoid artritis: 15 mg1 gang om ugen.: 15 mg1 gang om ugen.",True,True
page_09922.html,https://pro.medicin.dk/Medicin/Praeparater/9922#a102,J06BB04,NA,NA,NA,NA,NA,NA,NA,NA,NA,False,False
page_09924.html,https://pro.medicin.dk/Medicin/Praeparater/9924#a102,B06AC06,<30 ml/min.,[0],[29],NA,NA,NA,forsigtighed,ingen eller begrænset erfaring,"Hvis behandling er påkrævet, anbefales overvågning med fx ekg.Ingen kliniske data vedr. patienter i dialyse.",True,False
page_09926.html,https://pro.medicin.dk/Medicin/Praeparater/9926#a102,G03DA04,<45 ml/min.,[0],[44],NA,NA,NA,forsigtighed,NA,Risiko for akkumulering af progesteron. Progesteron kan desuden medføre væskeretention.,True,False
page_09928.html,https://pro.medicin.dk/Medicin/Praeparater/9928#a102,L01XX05,<15 ml/min.; 15-60 ml/min.,"[0, 15]","[14, 60]",NA; NA,"['NA', 'NA']","['NA', 'NA']",forsigtighed; forsigtighed,dosisjustering; dosisjustering,Start med 20 % af normaldosis og titrer til respons.Tæt monitorering af hæmatologiske parametre.; Start med 50 % af normaldosis og titrer til respons.Tæt monitorering af hæmatologiske parametre.,True,False
page_09930.html,https://pro.medicin.dk/Medicin/Praeparater/9930#a102,D11AH04,<30 ml/min.; 30-60 ml/min.,"[0, 30]","[29, 60]",NA; NA,"['NA', 'NA']","['NA', 'NA']",kontraindiceret; forsigtighed,erfaring savnes; ingen eller begrænset erfaring,Erfaring savnes.; Erfaring savnes pga. utilstrækkelige data.,True,False
page_09931.html,https://pro.medicin.dk/Medicin/Praeparater/9931#a102,M03AX01,NA,NA,NA,NA,NA,NA,NA,NA,NA,False,False
page_09932.html,https://pro.medicin.dk/Medicin/Praeparater/9932#a102,S01CA01,NA,NA,NA,NA,NA,NA,NA,NA,NA,False,False
page_09933.html,https://pro.medicin.dk/Medicin/Praeparater/9933#a102,J01GB03,<90 ml/min.,[0],[89],NA,NA,NA,forsigtighed,dosisjustering,"Behandling foregår oftest i højst 3 dage, og det er ikke nødvendigt at monitorere P-gentamicin de første 3 dage.1. dosis (uafhængig af nyrefunktion):Voksne. 5 mg/kg legemsvægt.2. og 3. dosis:GFR ≥ 60 ml/min.Højst 3 doser (samme dosis som 1. dosis):2. dosis gives tidligst 16 timer efter 1. dosis (kl. 8, 14 eller 20)3. dosis gives døgnet efter 2. dosis (samme klokkeslæt som 2. dosis).GFR 45-60 ml/min.Højst 2 doser (samme dosis som 1. dosis):2. dosis gives tidligst 36-48 timer efter 1. dosis.GFR < 45 ml/min. Højst 1 dosis (kun 1. dosis).Bemærk:Forovervægtige(BMI > 25) udregnes en korrigeret legemsvægt (ABW) ud fra højde i cm og vægt i kg, se Doseringsforslag i præparatbeskrivelsen.GFR benyttes her som estimat for kreatininclearance. Der er dog en række fejlkilder knyttet til brugen af GFR - bl.a. hastige/akutte ændringer i patientens nyrefunktion, kropsstørrelse, som afviger meget fra det normale, og afvigende muskelmasse (fx bodybuildere, patienter med lammelser og amputerede patienter).",True,False
page_09938.html,https://pro.medicin.dk/Medicin/Praeparater/9938#a102,L01FX18,<30 ml/min.,[0],[29],NA,NA,NA,forsigtighed,ingen eller begrænset erfaring,"Der bør udvises forsigtighed ved stærkt nedsat nyrefunktion, da amivantamab ikke er undersøgt hos denne patiengruppe. Hvis behandlingen påbegyndes, skal patienten overvåges for bivirkninger, og dosis justeres i følge anbefalingerne.",True,False
page_09940.html,https://pro.medicin.dk/Medicin/Praeparater/9940#a102,N07XX04,<60 ml/min.,[0],[59],NA,NA,NA,forsigtighed,ingen eller begrænset erfaring,Reduktion i natriumindtag via kosten tilrådes.,True,False
page_09943.html,https://pro.medicin.dk/Medicin/Praeparater/9943#a102,D10AD06,NA,NA,NA,NA,NA,NA,NA,NA,NA,False,False
page_09945.html,https://pro.medicin.dk/Medicin/Praeparater/9945#a102,J01GB06,<30 ml/min.,[0],[29],NA,NA,NA,kontraindiceret,erfaring savnes,Inhaleret liposomal amikacin er ikke undersøgt hos patienter med nedsat nyrefunktion. Anvendelse er kontraindiceret ved stærkt nedsat nyrefunktion.,True,False
page_09948.html,https://pro.medicin.dk/Medicin/Praeparater/9948#a102,N01BB01,<30 ml/min.,[0],[29],NA,NA,NA,forsigtighed,øget bivirkningsrisiko,Forsigtighed tilrådes ved langvarig eller gentagen administration.,True,False
page_09949.html,https://pro.medicin.dk/Medicin/Praeparater/9949#a102,N02BG10,<60 ml/min.,[0],[59],NA,NA,NA,forsigtighed,monitorering,Der er ikke gennemført undersøgelser ved nedsat nyrefunktion. Hos denne patientgruppe kan virkningen forstærkes eller forlænges. Hyppig klinisk evaluering af en læge anbefales.,True,False
page_09950.html,https://pro.medicin.dk/Medicin/Praeparater/9950#a102,N01BB01,<30 ml/min.,[0],[29],NA,NA,NA,forsigtighed,øget bivirkningsrisiko,Forsigtighed tilrådes ved langvarig eller gentagen administration.,True,False
page_09951.html,https://pro.medicin.dk/Medicin/Praeparater/9951#a102,J01FF01,<60 ml/min.,[0],[59],NA,NA,NA,forsigtighed,hjælpestoffer,"Dalacin® og Clindamycin ""Hameln"" injektionsvæske indeholder benzylalkohol der skal bruges med forsigtighed ved nedsat nyre- og leverfunktion. Læs mereher.",True,False
page_09953.html,https://pro.medicin.dk/Medicin/Praeparater/9953#a102,N06AB03,<60 ml/min.,[0],[59],NA,NA,NA,forsigtighed,hjælpestoffer,"Dispergible tabletter indeholder benzylalkohol, der skal bruges med forsigtighed ved nedsat nyre- og leverfunktion. Læs mereher.",True,False
page_09954.html,https://pro.medicin.dk/Medicin/Praeparater/9954#a102,L02BA03,30-60 ml/min.; <30 ml/min.,"[30, 0]","[60, 29]",NA; NA,"['NA', 'NA']","['NA', 'NA']",forsigtighed; forsigtighed,hjælpestoffer; erfaring savnes,"Indeholder benzylalkoholder skal bruges med forsigtighed ved nedsat nyre- og leverfunktion. Læs mereher.; Erfaring savnes ved GFR < 30 ml/min. Der findes ingen data, og forsigtighed tilrådes.Indeholder benzylalkoholder skal bruges med forsigtighed ved nedsat nyre- og leverfunktion. Læs mereher.",True,False
page_09955.html,https://pro.medicin.dk/Medicin/Praeparater/9955#a102,A10BB12,<30 ml/min.; 30-60 ml/min.,"[0, 30]","[29, 60]",NA; NA,"['NA', 'NA']","['NA', 'NA']",kontraindiceret; forsigtighed,øget bivirkningsrisiko; NA,"Kontraindiceret pga. stor risiko for hypoglykæmi. Alternativer, seβ-cellestimulerende midler.; Startdosis er 1 mg dgl.Optitrér langsomt for at undgå hypoglykæmi.",True,False
page_09956.html,https://pro.medicin.dk/Medicin/Praeparater/9956#a102,G03AA07,NA,NA,NA,NA,NA,NA,NA,NA,NA,False,False
page_09960.html,https://pro.medicin.dk/Medicin/Praeparater/9960#a102,L01BB02,NA,NA,NA,NA,NA,NA,NA,NA,NA,False,False
page_09961.html,https://pro.medicin.dk/Medicin/Praeparater/9961#a102,A16AX06,30-50 ml/min.; 30-50 ml/min.; 30-50 ml/min.; 30-50 ml/min.,"[30, 30, 30, 30]","[50, 50, 50, 50]",4-12 år,[4],[12],forsigtighed,dosisjustering,"> 0,88-1,25: 100 mg x 1 dgl.; > 0,73-0,88: 100 mg hver 2. dag; > 0,47-0,73: 100 mg hver 3. dag; < 0,47: 100 mg hver 4. dag: 100 mg hver 4. dag",True,True
page_09962.html,https://pro.medicin.dk/Medicin/Praeparater/9962#a102,C01CA03,NA,NA,NA,NA,NA,NA,NA,NA,NA,False,False
page_09965.html,https://pro.medicin.dk/Medicin/Praeparater/9965#a102,J07BN04,NA,NA,NA,NA,NA,NA,NA,NA,NA,False,False
page_09967.html,https://pro.medicin.dk/Medicin/Praeparater/9967#a102,N02BE01,NA,NA,NA,NA,NA,NA,NA,NA,"Oral administration, Det anbefales at:, ved GFR 10-50 ml/min: dosis hver 6. time, ved GFR < 10 ml/min: dosis hver 8. time",True,False
page_09971.html,https://pro.medicin.dk/Medicin/Praeparater/9971#a102,J05AE10,<60 ml/min.,[0],[59],NA,NA,NA,forsigtighed,betinget,Samtidig brug af colchicin er kontraindiceret.,True,False
page_09972.html,https://pro.medicin.dk/Medicin/Praeparater/9972#a102,H02AB02,<60 ml/min.,[0],[59],NA,NA,NA,forsigtighed,øget bivirkningsrisiko,"Systemisk anvendelse:Glukokortikoider kan medføre hypernatriæmi, hypokaliæmi, væskeretention og forhøjelse af blodtrykket.",True,False
page_09973.html,https://pro.medicin.dk/Medicin/Praeparater/9973#a102,C10AX09,NA,NA,NA,NA,NA,NA,NA,NA,NA,False,False
page_09974.html,https://pro.medicin.dk/Medicin/Praeparater/9974#a102,L04AX04,<30 ml/min.; 30-60 ml/min.,"[0, 30]","[29, 60]",NA; NA,"['NA', 'NA']","['NA', 'NA']",forsigtighed; forsigtighed,dosisjustering; dosisjustering,"Follikulært lymfom:Ingen data.Mantlecellelymfom: 7,5 mg/dag. Dialysepatienter: 5 mg/dag. På dialysedage gives dosis efter dialysen.Myelomatose: 7,5 mg/dag.Dialysepatienter: 5 mg/dag. På dialysedage gives dosis efter dialysen.Myelodysplastisk syndrom:Startdosis. 2, 5 mg 1 gang dgl. på dag 1-21 af gentagne 28-dages cykli.Dialysepatienter: På dialysedage gives dosis efter dialysen.Dosisjustering under behandlingen ud fra de hæmatologiske bivirkninger - se produktresumé fra EMA.; Follikulært lymfom:10 mg/dag. Efter 2 cykli kan dosis evt. øges til 15 mg 1 gang dgl.GFR 30-50 ml/min:Mantlecellelymfom: 10 mg/dag. Efter 2 cykli kan dosis evt. øges til 15 mg 1 gang dgl.Myelomatose: 10 mg/dag. dag 1-21 af hver 28-dages cyklus. Efter 2 cykli kan dosis evt. øges til 15 mg 1 gang dgl.Myelodysplastisk syndrom:Startdosis. 5 mg 1 gang dgl. på dag 1 til 21 af gentagne 28-dages cykli.Dosisjustering under behandlingen ud fra de hæmatologiske bivirkninger - se produktresumé fra EMA.",True,False
page_09975.html,https://pro.medicin.dk/Medicin/Praeparater/9975#a102,L04AX04,<30 ml/min.; 30-60 ml/min.,"[0, 30]","[29, 60]",NA; NA,"['NA', 'NA']","['NA', 'NA']",forsigtighed; forsigtighed,dosisjustering; dosisjustering,"Follikulært lymfom:Ingen data.Mantlecellelymfom: 7,5 mg/dag. Dialysepatienter: 5 mg/dag. På dialysedage gives dosis efter dialysen.Myelomatose: 7,5 mg/dag.Dialysepatienter: 5 mg/dag. På dialysedage gives dosis efter dialysen.Myelodysplastisk syndrom:Startdosis. 2, 5 mg 1 gang dgl. på dag 1-21 af gentagne 28-dages cykli.Dialysepatienter: På dialysedage gives dosis efter dialysen.Dosisjustering under behandlingen ud fra de hæmatologiske bivirkninger - se produktresumé fra EMA.; Follikulært lymfom:10 mg/dag. Efter 2 cykli kan dosis evt. øges til 15 mg 1 gang dgl.GFR 30-50 ml/min:Mantlecellelymfom: 10 mg/dag. Efter 2 cykli kan dosis evt. øges til 15 mg 1 gang dgl.Myelomatose: 10 mg/dag. dag 1-21 af hver 28-dages cyklus. Efter 2 cykli kan dosis evt. øges til 15 mg 1 gang dgl.Myelodysplastisk syndrom:Startdosis. 5 mg 1 gang dgl. på dag 1 til 21 af gentagne 28-dages cykli.Dosisjustering under behandlingen ud fra de hæmatologiske bivirkninger - se produktresumé fra EMA.",True,False
page_09976.html,https://pro.medicin.dk/Medicin/Praeparater/9976#a102,L04AX04,<30 ml/min.; 30-60 ml/min.,"[0, 30]","[29, 60]",NA; NA,"['NA', 'NA']","['NA', 'NA']",forsigtighed; forsigtighed,dosisjustering; dosisjustering,"Follikulært lymfom:Ingen data.Mantlecellelymfom: 7,5 mg/dag. Dialysepatienter: 5 mg/dag. På dialysedage gives dosis efter dialysen.Myelomatose: 7,5 mg/dag.Dialysepatienter: 5 mg/dag. På dialysedage gives dosis efter dialysen.Myelodysplastisk syndrom:Startdosis. 2, 5 mg 1 gang dgl. på dag 1-21 af gentagne 28-dages cykli.Dialysepatienter: På dialysedage gives dosis efter dialysen.Dosisjustering under behandlingen ud fra de hæmatologiske bivirkninger - se produktresumé fra EMA.; Follikulært lymfom:10 mg/dag. Efter 2 cykli kan dosis evt. øges til 15 mg 1 gang dgl.GFR 30-50 ml/min:Mantlecellelymfom: 10 mg/dag. Efter 2 cykli kan dosis evt. øges til 15 mg 1 gang dgl.Myelomatose: 10 mg/dag. dag 1-21 af hver 28-dages cyklus. Efter 2 cykli kan dosis evt. øges til 15 mg 1 gang dgl.Myelodysplastisk syndrom:Startdosis. 5 mg 1 gang dgl. på dag 1 til 21 af gentagne 28-dages cykli.Dosisjustering under behandlingen ud fra de hæmatologiske bivirkninger - se produktresumé fra EMA.",True,False
page_09977.html,https://pro.medicin.dk/Medicin/Praeparater/9977#a102,L04AX04,<30 ml/min.; 30-60 ml/min.,"[0, 30]","[29, 60]",NA; NA,"['NA', 'NA']","['NA', 'NA']",forsigtighed; forsigtighed,dosisjustering; dosisjustering,"Follikulært lymfom:Ingen data.Mantlecellelymfom: 7,5 mg/dag. Dialysepatienter: 5 mg/dag. På dialysedage gives dosis efter dialysen.Myelomatose: 7,5 mg/dag.Dialysepatienter: 5 mg/dag. På dialysedage gives dosis efter dialysen.Myelodysplastisk syndrom:Startdosis. 2, 5 mg 1 gang dgl. på dag 1-21 af gentagne 28-dages cykli.Dialysepatienter: På dialysedage gives dosis efter dialysen.Dosisjustering under behandlingen ud fra de hæmatologiske bivirkninger - se produktresumé fra EMA.; Follikulært lymfom:10 mg/dag. Efter 2 cykli kan dosis evt. øges til 15 mg 1 gang dgl.GFR 30-50 ml/min:Mantlecellelymfom: 10 mg/dag. Efter 2 cykli kan dosis evt. øges til 15 mg 1 gang dgl.Myelomatose: 10 mg/dag. dag 1-21 af hver 28-dages cyklus. Efter 2 cykli kan dosis evt. øges til 15 mg 1 gang dgl.Myelodysplastisk syndrom:Startdosis. 5 mg 1 gang dgl. på dag 1 til 21 af gentagne 28-dages cykli.Dosisjustering under behandlingen ud fra de hæmatologiske bivirkninger - se produktresumé fra EMA.",True,False
page_09978.html,https://pro.medicin.dk/Medicin/Praeparater/9978#a102,L04AX04,<30 ml/min.; 30-60 ml/min.,"[0, 30]","[29, 60]",NA; NA,"['NA', 'NA']","['NA', 'NA']",forsigtighed; forsigtighed,dosisjustering; dosisjustering,"Follikulært lymfom:Ingen data.Mantlecellelymfom: 7,5 mg/dag. Dialysepatienter: 5 mg/dag. På dialysedage gives dosis efter dialysen.Myelomatose: 7,5 mg/dag.Dialysepatienter: 5 mg/dag. På dialysedage gives dosis efter dialysen.Myelodysplastisk syndrom:Startdosis. 2, 5 mg 1 gang dgl. på dag 1-21 af gentagne 28-dages cykli.Dialysepatienter: På dialysedage gives dosis efter dialysen.Dosisjustering under behandlingen ud fra de hæmatologiske bivirkninger - se produktresumé fra EMA.; Follikulært lymfom:10 mg/dag. Efter 2 cykli kan dosis evt. øges til 15 mg 1 gang dgl.GFR 30-50 ml/min:Mantlecellelymfom: 10 mg/dag. Efter 2 cykli kan dosis evt. øges til 15 mg 1 gang dgl.Myelomatose: 10 mg/dag. dag 1-21 af hver 28-dages cyklus. Efter 2 cykli kan dosis evt. øges til 15 mg 1 gang dgl.Myelodysplastisk syndrom:Startdosis. 5 mg 1 gang dgl. på dag 1 til 21 af gentagne 28-dages cykli.Dosisjustering under behandlingen ud fra de hæmatologiske bivirkninger - se produktresumé fra EMA.",True,False
page_09979.html,https://pro.medicin.dk/Medicin/Praeparater/9979#a102,A16AX04,NA,NA,NA,NA,NA,NA,NA,NA,NA,False,False
page_09980.html,https://pro.medicin.dk/Medicin/Praeparater/9980#a102,R01AD09,NA,NA,NA,NA,NA,NA,NA,NA,NA,False,False
page_09981.html,https://pro.medicin.dk/Medicin/Praeparater/9981#a102,P03AC04,NA,NA,NA,NA,NA,NA,NA,NA,NA,False,False
page_09982.html,https://pro.medicin.dk/Medicin/Praeparater/9982#a102,C09DA01,<30 ml/min.,[0],[29],NA,NA,NA,forsigtighed,monitorering,Rutinemæssig monitorering af P-kalium og P-kreatinin.,True,False
page_09983.html,https://pro.medicin.dk/Medicin/Praeparater/9983#a102,L01EX01,NA,NA,NA,NA,NA,NA,NA,NA,NA,False,False
page_09984.html,https://pro.medicin.dk/Medicin/Praeparater/9984#a102,H01BA04,<30 ml/min.,[0],[29],NA,NA,NA,forsigtighed,øget bivirkningsrisiko,"Anvendelse bør undgås pga. reduceret effekt, øget dødelighed og øget risiko for bivirkninger, medmindre fordele vurderes at opveje risici.",True,False
page_09985.html,https://pro.medicin.dk/Medicin/Praeparater/9985#a102,L01FX17,<45 ml/min.,[0],[44],NA,NA,NA,forsigtighed,ingen eller begrænset erfaring,Sacituzumab govitecan er ikke undersøgt ved moderat og stærkt nedsat nyrefunktion.,True,False
page_09987.html,https://pro.medicin.dk/Medicin/Praeparater/9987#a102,A05AA02,NA,NA,NA,NA,NA,NA,NA,NA,NA,False,False
page_09988.html,https://pro.medicin.dk/Medicin/Praeparater/9988#a102,N05AX08,<60 ml/min.; <60 ml/min.; <60 ml/min.; <60 ml/min.,"[0, 0, 0, 0]","[59, 59, 59, 59]",5-17 år; ≥50 KG; 17-65 år,"[5, 50, 17]","[17, 150, 65]",forsigtighed; forsigtighed; forsigtighed,dosisjustering; dosisjustering; dosisjustering,"Vedvarende aggression ifm. adfærdsforstyrrelse: Højst 0,38 mg 1 gang dgl.; Vedvarende aggression ifm. adfærdsforstyrrelse: Højst 0,75 mg 1 gang dgl.; Bipolar lidelse, maniske faser: 3 mg i døgnet; Psykoser: 8 mg i døgnet; Vedvarende aggression ved moderat til svær Alzheimers sygdom: 0,5 mg 2 gange dgl.: 0,5 mg 2 gange dgl.",True,True
page_09989.html,https://pro.medicin.dk/Medicin/Praeparater/9989#a102,J01CA04,<60 ml/min.; <10 ml/min.,"[0, 0]","[59, 9]",NA; NA,"['NA', 'NA']","['NA', 'NA']",forsigtighed; forsigtighed,hjælpestoffer; dosisjustering,Indeholder benzylalkohol der skal bruges med forsigtighed ved nedsat nyre- og leverfunktion. Læs mereher.; Dosis 250 mg -1.000 mg 3 gange dgl. Højst 6 g dgl. ved endocarditis.Ved behandling i kortere tid er dosisreduktion ikke nødvendigt.,True,False
page_09991.html,https://pro.medicin.dk/Medicin/Praeparater/9991#a102,D05AX52,NA,NA,NA,NA,NA,NA,NA,NA,NA,False,False
page_09992.html,https://pro.medicin.dk/Medicin/Praeparater/9992#a102,C09CA04,NA,NA,NA,NA,NA,NA,NA,NA,NA,False,False
page_09993.html,https://pro.medicin.dk/Medicin/Praeparater/9993#a102,D11AX22,NA,NA,NA,NA,NA,NA,NA,NA,NA,False,False
page_09994.html,https://pro.medicin.dk/Medicin/Praeparater/9994#a102,C09DA01,<30 ml/min.,[0],[29],NA,NA,NA,forsigtighed,monitorering,Rutinemæssig monitorering af P-kalium og P-kreatinin.,True,False
page_09995.html,https://pro.medicin.dk/Medicin/Praeparater/9995#a102,N02BE01,NA,NA,NA,NA,NA,NA,NA,NA,"Oral administration, Det anbefales at:, ved GFR 10-50 ml/min: dosis hver 6. time, ved GFR < 10 ml/min: dosis hver 8. time",True,False
page_09998.html,https://pro.medicin.dk/Medicin/Praeparater/9998#a102,A16AB21,<60 ml/min.,[0],[59],NA,NA,NA,forsigtighed,ingen eller begrænset erfaring,"Der er ingen undersøgelser ved nedsat nyrefunktion.Patienten skal vurderes mht. nedsat nyrefunktion for at sikre, at administration af autolog HSPC-genterapi er hensigtsmæssig. Der kræves ingen dosisjustering.",True,False
page_09999.html,https://pro.medicin.dk/Medicin/Praeparater/9999#a102,V03AB14,NA,NA,NA,NA,NA,NA,NA,NA,NA,False,False
page_10000.html,https://pro.medicin.dk/Medicin/Praeparater/10000#a102,L01EX01,NA,NA,NA,NA,NA,NA,NA,NA,NA,False,False
page_10001.html,https://pro.medicin.dk/Medicin/Praeparater/10001#a102,L01EX01,NA,NA,NA,NA,NA,NA,NA,NA,NA,False,False
page_10002.html,https://pro.medicin.dk/Medicin/Praeparater/10002#a102,J01EA01,<15 ml/min.; <15 ml/min.; <15 ml/min.,"[0, 0, 0]","[14, 14, 14]",2-6 år; 6-12 år; ≥12 år,"[2, 6, 12]","[6, 12, 150]",forsigtighed; forsigtighed; forsigtighed,dosisjustering; dosisjustering; dosisjustering,"Dosis nedsættes til 50 % af normal dosis, højst 4 mg pr. kg legemsvægt dgl. Kan doseres umiddelbart efter dialyse.; Dosis nedsættes til 50 % af normal dosis, højst 100 mg dgl. Kan doseres umiddelbart efter dialyse.; Dosis nedsættes til 50 % af normal dosis, højst 200 mg dgl. Kan doseres umiddelbart efter dialyse.",True,False
page_10003.html,https://pro.medicin.dk/Medicin/Praeparater/10003#a102,N06AX16,30-60 ml/min.; <30 ml/min.,"[30, 0]","[60, 29]",NA; ≥18 år,"['NA', 18]","['NA', 150]",forsigtighed; forsigtighed,monitorering; dosisjustering,"Dosisjustering er ikke nødvendig, men forsigtighed tilrådes. Anvend lavest mulige dosis og overvåg patienten omhyggeligt, hvis en dosisøgning er nødvendig.; Angst, panikangst og socialfobi: Højst 113 mg dgl.; Depression, forebyggelse af depression: Højst 188 mg dgl.: Højst 188 mg dgl.",True,True
page_10005.html,https://pro.medicin.dk/Medicin/Praeparater/10005#a102,L04AX09,<60 ml/min.,[0],[59],NA,NA,NA,forsigtighed,ingen eller begrænset erfaring,Dosisjustering er ikke nødvendig hos patienter med nedsat nyrefunktion. Diroximelfumarats langtidssikkerhed er ikke blevet undersøgt hos patienter med moderat eller svært nedsat nyrefunktion.,True,False
page_10006.html,https://pro.medicin.dk/Medicin/Praeparater/10006#a102,V03AE03,NA,NA,NA,NA,NA,NA,NA,NA,NA,False,False
page_10007.html,https://pro.medicin.dk/Medicin/Praeparater/10007#a102,L01EX01,NA,NA,NA,NA,NA,NA,NA,NA,NA,False,False
page_10010.html,https://pro.medicin.dk/Medicin/Praeparater/10010#a102,D11AH08,<30 ml/min.; 30-60 ml/min.,"[0, 30]","[29, 60]",≥18 år; ≥18 år,"[18, 18]","[150, 150]",forsigtighed; forsigtighed,dosisjustering; dosisjustering,Initialdosis 50 mg 1 gang dgl. Efter langsom optitrering højst 100 mg 1 gang dgl.Abrocitinib er ikke blevet undersøgt hos patienter med terminal nyresygdom (ESRD) i dialyse.; Højst 100 mg 1 gang dgl.,True,False
page_10012.html,https://pro.medicin.dk/Medicin/Praeparater/10012#a102,L01XX73,<60 ml/min.,[0],[59],NA,NA,NA,forsigtighed,ingen eller begrænset erfaring,Sotorasib er ikke undersøgt ved moderat til stærk nedsat nyrefunktion.,True,False
page_10014.html,https://pro.medicin.dk/Medicin/Praeparater/10014#a102,C03DA05,<15 ml/min.; 15-25 ml/min.,"[0, 15]","[14, 25]",NA; NA,"['NA', 'NA']","['NA', 'NA']",kontraindiceret; forsigtighed,erfaring savnes; dosisjustering,"Behandling bør seponeres pga. begrænsede kliniske data.; Behandling bør ikke påbegyndes, dog kan behandling fortsætte med dosisjustering baseret på serum-kalium.",True,False
page_10016.html,https://pro.medicin.dk/Medicin/Praeparater/10016#a102,"N01BA04, S01HA08",<15 ml/min.,[0],[14],NA,NA,NA,forsigtighed,erfaring savnes,Forsigtighed ved fremskreden nyresygdom.,True,False
page_10018.html,https://pro.medicin.dk/Medicin/Praeparater/10018#a102,N03AX26,<60 ml/min.,[0],[59],NA,NA,NA,forsigtighed,erfaring savnes,Der foreligger ingen kliniske data for patienter med nedsat nyrefunktion.,True,False
page_10019.html,https://pro.medicin.dk/Medicin/Praeparater/10019#a102,C01CA06,NA,NA,NA,NA,NA,NA,NA,NA,NA,False,False
page_10021.html,https://pro.medicin.dk/Medicin/Praeparater/10021#a102,N01BB02,NA,NA,NA,NA,NA,NA,NA,NA,NA,False,False
page_10022.html,https://pro.medicin.dk/Medicin/Praeparater/10022#a102,M03AB01,NA,NA,NA,NA,NA,NA,NA,NA,NA,False,False
page_10024.html,https://pro.medicin.dk/Medicin/Praeparater/10024#a102,J07AL02,NA,NA,NA,NA,NA,NA,NA,NA,NA,False,False
page_10025.html,https://pro.medicin.dk/Medicin/Praeparater/10025#a102,H02AB09,<60 ml/min.,[0],[59],NA,NA,NA,forsigtighed,øget bivirkningsrisiko,"Glukokortikoider kan medføre hypernatriæmi, hypokaliæmi, væskeretention og forhøjelse af blodtrykket.",True,False
page_10027.html,https://pro.medicin.dk/Medicin/Praeparater/10027#a102,L01EL03,<30 ml/min.,[0],[29],NA,NA,NA,forsigtighed,øget bivirkningsrisiko,"Begrænsede data, anbefales monitorering for bivirkninger.",True,False
page_10028.html,https://pro.medicin.dk/Medicin/Praeparater/10028#a102,V03AC03,<60 ml/min.,[0],[59],NA,NA,NA,kontraindiceret,erfaring savnes,Kontraindiceret ved moderat til stærkt nedsat nyrefunktion. Der findes ingen data.,True,False
page_10032.html,https://pro.medicin.dk/Medicin/Praeparater/10032#a102,B06AC02,NA,NA,NA,NA,NA,NA,NA,NA,NA,False,False
page_10033.html,https://pro.medicin.dk/Medicin/Praeparater/10033#a102,C09CA01,<30 ml/min.,[0],[29],NA,NA,NA,forsigtighed,monitorering,Rutinemæssig monitorering af P-kalium og P-kreatinin.,True,False
page_10035.html,https://pro.medicin.dk/Medicin/Praeparater/10035#a102,C02AC01,NA,NA,NA,NA,NA,NA,NA,NA,NA,False,False
page_10036.html,https://pro.medicin.dk/Medicin/Praeparater/10036#a102,J01CE02,NA,NA,NA,NA,NA,NA,NA,NA,NA,False,False
page_10037.html,https://pro.medicin.dk/Medicin/Praeparater/10037#a102,L01EX01,NA,NA,NA,NA,NA,NA,NA,NA,NA,False,False
page_10038.html,https://pro.medicin.dk/Medicin/Praeparater/10038#a102,S01GX09,NA,NA,NA,NA,NA,NA,NA,NA,NA,False,False
page_10039.html,https://pro.medicin.dk/Medicin/Praeparater/10039#a102,L02AE04,NA,NA,NA,NA,NA,NA,NA,NA,NA,False,False
page_10041.html,https://pro.medicin.dk/Medicin/Praeparater/10041#a102,V03AC03,<60 ml/min.,[0],[59],NA,NA,NA,kontraindiceret,erfaring savnes,Kontraindiceret ved moderat til stærkt nedsat nyrefunktion. Der findes ingen data.,True,False
page_10042.html,https://pro.medicin.dk/Medicin/Praeparater/10042#a102,B01AC07,NA,NA,NA,NA,NA,NA,NA,NA,NA,False,False
page_10047.html,https://pro.medicin.dk/Medicin/Praeparater/10047#a102,N05CH01,<60 ml/min.,[0],[59],NA,NA,NA,forsigtighed,erfaring savnes,Forsigtighed ved nedsat nyrefunktion pga. manglende erfaring. Anbefales ikke ved stærkt nedsat nyrefunktion. Ingen tegn på akkumulering ved stabil hæmodialyse.,True,False
page_10048.html,https://pro.medicin.dk/Medicin/Praeparater/10048#a102,N04BC05,<30 ml/min.,[0],[29],≥18 år,[18],[150],forsigtighed,dosisjustering,"Parkinsons sygdom: Depottabletter bør ikke anvendes pga. manglende erfaring ved GFR < 30 ml/min.Almindelige tabletter kan anvendes.Højst 1,1 mg dgl.; Restless legs: Depottabletter bør ikke anvendes.Almindelige tabletter kan anvendes.Højst 0,54 mg dgl.: Depottabletter bør ikke anvendes.Almindelige tabletter kan anvendes.Højst 0,54 mg dgl.",True,True
page_10051.html,https://pro.medicin.dk/Medicin/Praeparater/10051#a102,L04AG11,<60 ml/min.,[0],[59],NA,NA,NA,forsigtighed,erfaring savnes,Der er ikke behov for dosisjustering. Der er ingen erfaring hos patienter med stærkt nedsat nyrefunktion eller nyresygdom i slutstadiet.,True,False
page_10055.html,https://pro.medicin.dk/Medicin/Praeparater/10055#a102,J07AL02,NA,NA,NA,NA,NA,NA,NA,NA,NA,False,False
page_10056.html,https://pro.medicin.dk/Medicin/Praeparater/10056#a102,D05AX52,NA,NA,NA,NA,NA,NA,NA,NA,NA,False,False
page_10057.html,https://pro.medicin.dk/Medicin/Praeparater/10057#a102,L04AE01,NA,NA,NA,NA,NA,NA,NA,NA,NA,False,False
page_10058.html,https://pro.medicin.dk/Medicin/Praeparater/10058#a102,N06AB03,<60 ml/min.,[0],[59],NA,NA,NA,forsigtighed,hjælpestoffer,"Dispergible tabletter indeholder benzylalkohol, der skal bruges med forsigtighed ved nedsat nyre- og leverfunktion. Læs mereher.",True,False
page_10060.html,https://pro.medicin.dk/Medicin/Praeparater/10060#a102,N06BA07,NA,NA,NA,NA,NA,NA,NA,NA,NA,False,False
page_10062.html,https://pro.medicin.dk/Medicin/Praeparater/10062#a102,V04CD06,<60 ml/min.,[0],[59],NA,NA,NA,forsigtighed,erfaring savnes,Erfaring savnes vedr. nedsat nyrefunktion.,True,False
page_10063.html,https://pro.medicin.dk/Medicin/Praeparater/10063#a102,L01XG01,<20 ml/min.,[0],[19],NA,NA,NA,forsigtighed,erfaring savnes,Dosisjustering er ikke nødvendig ved GFR > 20 ml/min. Der findes ingen data ved GFR < 20 ml/min.,True,False
page_10065.html,https://pro.medicin.dk/Medicin/Praeparater/10065#a102,V03AC03,<60 ml/min.,[0],[59],NA,NA,NA,kontraindiceret,erfaring savnes,Kontraindiceret ved moderat til stærkt nedsat nyrefunktion. Der findes ingen data.,True,False
page_10066.html,https://pro.medicin.dk/Medicin/Praeparater/10066#a102,C09DA04,<30 ml/min.,[0],[29],NA,NA,NA,forsigtighed,monitorering,Tæt monitorering af P-kalium og P-kreatinin pga. indhold af hydrochlorthiazid.,True,False
page_10067.html,https://pro.medicin.dk/Medicin/Praeparater/10067#a102,A02BC02,NA,NA,NA,NA,NA,NA,NA,NA,NA,False,False
page_10068.html,https://pro.medicin.dk/Medicin/Praeparater/10068#a102,N06AB06,NA,NA,NA,NA,NA,NA,NA,NA,NA,False,False
page_10069.html,https://pro.medicin.dk/Medicin/Praeparater/10069#a102,L01EX01,NA,NA,NA,NA,NA,NA,NA,NA,NA,False,False
page_10070.html,https://pro.medicin.dk/Medicin/Praeparater/10070#a102,C08DA01,NA,NA,NA,NA,NA,NA,NA,NA,NA,False,False
page_10071.html,https://pro.medicin.dk/Medicin/Praeparater/10071#a102,C03CA02,NA,NA,NA,NA,NA,NA,NA,NA,NA,False,False
page_10072.html,https://pro.medicin.dk/Medicin/Praeparater/10072#a102,L01FG01,NA,NA,NA,NA,NA,NA,NA,NA,NA,False,False
page_10075.html,https://pro.medicin.dk/Medicin/Praeparater/10075#a102,C01CX09,NA,NA,NA,NA,NA,NA,NA,NA,NA,False,False
page_10076.html,https://pro.medicin.dk/Medicin/Praeparater/10076#a102,N02BG10,<60 ml/min.,[0],[59],NA,NA,NA,forsigtighed,monitorering,Der er ikke gennemført undersøgelser ved nedsat nyrefunktion. Hos denne patientgruppe kan virkningen forstærkes eller forlænges. Hyppig klinisk evaluering af en læge anbefales.,True,False
page_10078.html,https://pro.medicin.dk/Medicin/Praeparater/10078#a102,C01CA24,NA,NA,NA,NA,NA,NA,NA,NA,NA,False,False
page_10079.html,https://pro.medicin.dk/Medicin/Praeparater/10079#a102,G04BD11,<30 ml/min.,[0],[29],≥18 år,[18],[150],forsigtighed,dosisjustering,Højst 4 mg 1 gang dgl. Samtidig brug af potente CYP3A4-hæmmere er kontraindiceret.,True,False
page_10080.html,https://pro.medicin.dk/Medicin/Praeparater/10080#a102,G04BD11,<30 ml/min.,[0],[29],≥18 år,[18],[150],forsigtighed,dosisjustering,Højst 4 mg 1 gang dgl. Samtidig brug af potente CYP3A4-hæmmere er kontraindiceret.,True,False
page_10082.html,https://pro.medicin.dk/Medicin/Praeparater/10082#a102,H01CC01,<60 ml/min.,[0],[59],NA,NA,NA,kontraindiceret,erfaring savnes,Kontraindiceret ved moderat til stærkt nedsat nyrefunktion. Der findes ingen data.,True,False
page_10083.html,https://pro.medicin.dk/Medicin/Praeparater/10083#a102,L01EG02,NA,NA,NA,NA,NA,NA,NA,NA,NA,False,False
page_10084.html,https://pro.medicin.dk/Medicin/Praeparater/10084#a102,D05AX52,NA,NA,NA,NA,NA,NA,NA,NA,NA,False,False
page_10085.html,https://pro.medicin.dk/Medicin/Praeparater/10085#a102,D05AX52,NA,NA,NA,NA,NA,NA,NA,NA,NA,False,False
page_10086.html,https://pro.medicin.dk/Medicin/Praeparater/10086#a102,G03AA07,NA,NA,NA,NA,NA,NA,NA,NA,NA,False,False
page_10087.html,https://pro.medicin.dk/Medicin/Praeparater/10087#a102,N02CC03,<15 ml/min.,[0],[14],NA,NA,NA,kontraindiceret,NA,"Mulige alternativer, se Triptaner.",True,False
page_10088.html,https://pro.medicin.dk/Medicin/Praeparater/10088#a102,A03A,<60 ml/min.,[0],[59],NA,NA,NA,forsigtighed,ingen eller begrænset erfaring,Der foreligger ingen data om doseringsvejledning i tilfælde af nedsat nyrefunktion.,True,False
page_10089.html,https://pro.medicin.dk/Medicin/Praeparater/10089#a102,G01AX14,NA,NA,NA,NA,NA,NA,NA,NA,NA,False,False
page_10092.html,https://pro.medicin.dk/Medicin/Praeparater/10092#a102,S01ED51,NA,NA,NA,NA,NA,NA,NA,NA,NA,False,False
page_10093.html,https://pro.medicin.dk/Medicin/Praeparater/10093#a102,R01AD09,NA,NA,NA,NA,NA,NA,NA,NA,NA,False,False
page_10094.html,https://pro.medicin.dk/Medicin/Praeparater/10094#a102,L01CD04,NA,NA,NA,NA,NA,NA,NA,NA,NA,False,False
page_10095.html,https://pro.medicin.dk/Medicin/Praeparater/10095#a102,H02AB09,<60 ml/min.,[0],[59],NA,NA,NA,forsigtighed,øget bivirkningsrisiko,"Glukokortikoider kan medføre hypernatriæmi, hypokaliæmi, væskeretention og forhøjelse af blodtrykket.",True,False
page_10096.html,https://pro.medicin.dk/Medicin/Praeparater/10096#a102,S01ED51,NA,NA,NA,NA,NA,NA,NA,NA,NA,False,False
page_10098.html,https://pro.medicin.dk/Medicin/Praeparater/10098#a102,D05AX52,NA,NA,NA,NA,NA,NA,NA,NA,NA,False,False
page_10099.html,https://pro.medicin.dk/Medicin/Praeparater/10099#a102,C01CA24,NA,NA,NA,NA,NA,NA,NA,NA,NA,False,False
page_10100.html,https://pro.medicin.dk/Medicin/Praeparater/10100#a102,S01ED51,NA,NA,NA,NA,NA,NA,NA,NA,NA,False,False
page_10102.html,https://pro.medicin.dk/Medicin/Praeparater/10102#a102,L01FX13,NA,NA,NA,NA,NA,NA,NA,NA,NA,False,False
page_10103.html,https://pro.medicin.dk/Medicin/Praeparater/10103#a102,M01AB05,30-60 ml/min.; <30 ml/min.,"[30, 0]","[60, 29]",NA; NA,"['NA', 'NA']","['NA', 'NA']",forsigtighed; kontraindiceret,monitorering; øget bivirkningsrisiko,Prostaglandiner har betydning for opretholdelse af normal nyregennemblødning. NSAID's hæmning af prostaglandinsyntesen kan derfor forårsage nedsat nyregennemblødning og dermed forværret nyrefunktion. Tæt monitorering af nyrefunktionen tilrådes.; Prostaglandiner har betydning for opretholdelse af normal nyregennemblødning. NSAID's hæmning af prostaglandinsyntesen kan derfor forårsage nedsat nyregennemblødning og dermed forværret nyrefunktion.,True,False
page_10105.html,https://pro.medicin.dk/Medicin/Praeparater/10105#a102,J05AB12,≤55 ml/min.,[0],[55],NA,NA,NA,kontraindiceret,NA,Kontraindiceret ved nedsat nyrefunktion. Den optimale induktions- og vedligeholdelsesdosis ved moderat til svær nyreinsufficiens kendes ikke.Cidofovir udskilles hovedsageligt gennem nyrerne og er potentielt nefrotoksisk.,True,False
page_10106.html,https://pro.medicin.dk/Medicin/Praeparater/10106#a102,G02CX04,<60 ml/min.,[0],[59],NA,NA,NA,forsigtighed,erfaring savnes,Erfaring savnes.,True,False
page_10107.html,https://pro.medicin.dk/Medicin/Praeparater/10107#a102,R05CA05,<30 ml/min.,[0],[29],NA,NA,NA,kontraindiceret,NA,Kontraindiceret ved stærkt nedsat nyrefunktion pga. indholdet af lakrids.,True,False
page_10108.html,https://pro.medicin.dk/Medicin/Praeparater/10108#a102,G04CX02,<60 ml/min.,[0],[59],NA,NA,NA,forsigtighed,erfaring savnes,Erfaring savnes.,True,False
page_10109.html,https://pro.medicin.dk/Medicin/Praeparater/10109#a102,N05CM09,<60 ml/min.,[0],[59],NA,NA,NA,forsigtighed,erfaring savnes,Erfaring savnes.,True,False
page_10111.html,https://pro.medicin.dk/Medicin/Praeparater/10111#a102,R05X,<60 ml/min.,[0],[59],NA,NA,NA,forsigtighed,erfaring savnes,"Det vides ikke, om nedsat nyrefunktion indebærer, at der skal udvises forsigtighed.",True,False
page_10113.html,https://pro.medicin.dk/Medicin/Praeparater/10113#a102,R05X,<60 ml/min.,[0],[59],NA,NA,NA,forsigtighed,erfaring savnes,"Det vides ikke, om nedsat nyrefunktion indebærer, at der skal udvises forsigtighed.",True,False
page_10114.html,https://pro.medicin.dk/Medicin/Praeparater/10114#a102,B06AC02,NA,NA,NA,NA,NA,NA,NA,NA,NA,False,False
page_10115.html,https://pro.medicin.dk/Medicin/Praeparater/10115#a102,S01GX09,NA,NA,NA,NA,NA,NA,NA,NA,NA,False,False
page_10117.html,https://pro.medicin.dk/Medicin/Praeparater/10117#a102,N07BC51,<30 ml/min.,[0],[29],NA,NA,NA,forsigtighed,øget bivirkningsrisiko,Buprenorphin: Risiko for ophobning af aktive metabolitter.,True,False
page_10119.html,https://pro.medicin.dk/Medicin/Praeparater/10119#a102,N06AB05,<30 ml/min.,[0],[29],≥18 år,[18],[150],forsigtighed,dosisjustering,Højst 40 mg dgl.Øgede plasmakoncentrationer af paroxetin ses ved svært nedsat nyrefunktion. Der anbefales dosering i den lave del af dosisområdet.,True,False
page_10122.html,https://pro.medicin.dk/Medicin/Praeparater/10122#a102,S01EE05,NA,NA,NA,NA,NA,NA,NA,NA,NA,False,False
page_10123.html,https://pro.medicin.dk/Medicin/Praeparater/10123#a102,N06AX25,<60 ml/min.,[0],[59],NA,NA,NA,forsigtighed,erfaring savnes,Erfaring savnes.,True,False
page_10126.html,https://pro.medicin.dk/Medicin/Praeparater/10126#a102,B06AC02,NA,NA,NA,NA,NA,NA,NA,NA,NA,False,False
page_10127.html,https://pro.medicin.dk/Medicin/Praeparater/10127#a102,J01XA04,<30 ml/min.,[0],[29],NA,NA,NA,forsigtighed,dosisjustering,Dosis: 1.000 mg som en enkelt infusion eller 750 mg efterfulgt af 375 mg en uge senere. Ved hæmodialyse 3 gange ugentligt er dosisreduktion ikke nødvendigt.Bemærk:Der er ikke tilstrækkelig information vedr.  dosisjustering hos børn og unge < 18 år med GFR < 30 ml/min. Der kan ikke gives nogen anbefalinger vedrørende dosering.,True,False
page_10129.html,https://pro.medicin.dk/Medicin/Praeparater/10129#a102,G03AA18,15-60 ml/min.; <15 ml/min.,"[15, 0]","[60, 14]",NA; NA,"['NA', 'NA']","['NA', 'NA']",forsigtighed; kontraindiceret,ingen eller begrænset erfaring; erfaring savnes,Højere serumkoncentration af drospirenon er set ved nedsat nyrefunktion.; Højere serumkoncentration af drospirenon er set ved nedsat nyrefunktion.,True,False
page_10130.html,https://pro.medicin.dk/Medicin/Praeparater/10130#a102,N03AF04,<60 ml/min.; <60 ml/min.; <60 ml/min.,"[0, 0, 0]","[59, 59, 59]",6-17 år; ≥60 KG; ≥17 år,"[6, 60, 17]","[17, 150, 150]",forsigtighed; forsigtighed; forsigtighed,dosisjustering; dosisjustering; dosisjustering,Højst 15 mg/kg legemsvægt (højst 600 mg) dgl.Initialdosis 10 mg/kg legemsvægt hver 2. dag i 2 uger.Herefter 10 mg/kg legemsvægt dgl. evt. højere afhængig af respons.; Højst 800 mg dgl.Initialdosis 400 mg hver 2. dag i 2 uger.Herefter 400 mg dgl. evt. højere afhængig af respons.; Højst 800 mg dgl.Initialdosis 200 mg 1 gang dgl.eller400 mg hver 2. dag i 2 uger.Herefter 400 mg dgl. evt. højere afhængig af respons.,True,False
page_10131.html,https://pro.medicin.dk/Medicin/Praeparater/10131#a102,R01AX03,NA,NA,NA,NA,NA,NA,NA,NA,NA,False,False
page_10133.html,https://pro.medicin.dk/Medicin/Praeparater/10133#a102,G03XB01,NA,NA,NA,NA,NA,NA,NA,NA,NA,False,False
page_10134.html,https://pro.medicin.dk/Medicin/Praeparater/10134#a102,B06AC02,NA,NA,NA,NA,NA,NA,NA,NA,NA,False,False
page_10136.html,https://pro.medicin.dk/Medicin/Praeparater/10136#a102,L01EX02,NA,NA,NA,NA,NA,NA,NA,NA,NA,False,False
page_10137.html,https://pro.medicin.dk/Medicin/Praeparater/10137#a102,J04AB04,<30 ml/min.,[0],[29],≥17 år,[17],[150],forsigtighed,dosisjustering,Dosis nedsættes til 50% af normaldosis. Højst 300 mg i døgnet.,True,False
page_10138.html,https://pro.medicin.dk/Medicin/Praeparater/10138#a102,V03AC03,<60 ml/min.,[0],[59],NA,NA,NA,kontraindiceret,erfaring savnes,Kontraindiceret ved moderat til stærkt nedsat nyrefunktion. Der findes ingen data.,True,False
page_10140.html,https://pro.medicin.dk/Medicin/Praeparater/10140#a102,G02AD06,<15 ml/min.,[0],[14],NA,NA,NA,kontraindiceret,erfaring savnes,Ingen erfaring ved GFR < 15 ml/min.,True,False
page_10143.html,https://pro.medicin.dk/Medicin/Praeparater/10143#a102,L04AJ03,NA,NA,NA,NA,NA,NA,NA,NA,NA,False,False
page_10145.html,https://pro.medicin.dk/Medicin/Praeparater/10145#a102,L01EA02,NA,NA,NA,NA,NA,NA,NA,NA,NA,False,False
page_10146.html,https://pro.medicin.dk/Medicin/Praeparater/10146#a102,D05AX52,NA,NA,NA,NA,NA,NA,NA,NA,NA,False,False
page_10148.html,https://pro.medicin.dk/Medicin/Praeparater/10148#a102,M01AB05,30-60 ml/min.; <30 ml/min.,"[30, 0]","[60, 29]",NA; NA,"['NA', 'NA']","['NA', 'NA']",forsigtighed; kontraindiceret,monitorering; øget bivirkningsrisiko,Prostaglandiner har betydning for opretholdelse af normal nyregennemblødning. NSAID's hæmning af prostaglandinsyntesen kan derfor forårsage nedsat nyregennemblødning og dermed forværret nyrefunktion. Tæt monitorering af nyrefunktionen tilrådes.; Prostaglandiner har betydning for opretholdelse af normal nyregennemblødning. NSAID's hæmning af prostaglandinsyntesen kan derfor forårsage nedsat nyregennemblødning og dermed forværret nyrefunktion.,True,False
page_10150.html,https://pro.medicin.dk/Medicin/Praeparater/10150#a102,A16AB22,<60 ml/min.,[0],[59],NA,NA,NA,forsigtighed,erfaring savnes,"Sikkerhed og virkning ved moderat eller svært nedsat nyrefunktion er ikke vurderet, og der kan ikke gives nogen anbefalinger vedrørende dosering.",True,False
page_10152.html,https://pro.medicin.dk/Medicin/Praeparater/10152#a102,N02CD05,NA,NA,NA,NA,NA,NA,NA,NA,NA,False,False
page_10153.html,https://pro.medicin.dk/Medicin/Praeparater/10153#a102,J01CR02,<30 ml/min.,[0],[29],"Nedsat nyrefunktionDosis i.v. (voksne og børn ≥ 40 kg)Børn < 40kgGFR 10-30 ml/min.Startdosis 1000 mg amoxicillin/200 mg clavulansyre og derefter 500 mg/100 mg 2 gange dgl.25 mg amoxicillin/5 mg clavulansyre/kg legemsvægt 2 gange dgl.GFR < 10 ml/min.Startdosis 1000 mg amoxicillin/200 mg clavulansyre og derefter 500 mg/100 mg 1 gang dgl.25 mg amoxicillin/5 mg clavulansyre/kg legemsvægt 1 gang dgl.HæmodialyseStartdosis 1000 mg amoxicillin/200 mg clavulansyre og derefter 500 mg/100 mg 1 gang dgl. samt en dosis på 500 mg/100 mg ved afsluttet dialyse25 mg amoxicillin/5 mg clavulansyre/kg legemsvægt 1 gang dgl. samt en dosis på 12,5 mg/2,5 mg/kg legemsvægt ved afsluttet dialyse",,,forsigtighed,dosisjustering,"GFR 10-30 ml/min.: Startdosis 1000 mg amoxicillin/200 mg clavulansyre og derefter 500 mg/100 mg 2 gange dgl.: 25 mg amoxicillin/5 mg clavulansyre/kg legemsvægt 2 gange dgl.; GFR < 10 ml/min.: Startdosis 1000 mg amoxicillin/200 mg clavulansyre og derefter 500 mg/100 mg 1 gang dgl.: 25 mg amoxicillin/5 mg clavulansyre/kg legemsvægt 1 gang dgl.; Hæmodialyse: Startdosis 1000 mg amoxicillin/200 mg clavulansyre og derefter 500 mg/100 mg 1 gang dgl. samt en dosis på 500 mg/100 mg ved afsluttet dialyse: 25 mg amoxicillin/5 mg clavulansyre/kg legemsvægt 1 gang dgl. samt en dosis på 12,5 mg/2,5 mg/kg legemsvægt ved afsluttet dialyse: 25 mg amoxicillin/5 mg clavulansyre/kg legemsvægt 1 gang dgl. samt en dosis på 12,5 mg/2,5 mg/kg legemsvægt ved afsluttet dialyse",True,True
page_10155.html,https://pro.medicin.dk/Medicin/Praeparater/10155#a102,S01AD03,NA,NA,NA,NA,NA,NA,NA,NA,NA,False,False
page_10156.html,https://pro.medicin.dk/Medicin/Praeparater/10156#a102,S01EA05,NA,NA,NA,NA,NA,NA,NA,NA,NA,False,False
page_10159.html,https://pro.medicin.dk/Medicin/Praeparater/10159#a102,L02BX03,NA,NA,NA,NA,NA,NA,NA,NA,NA,False,False
page_10160.html,https://pro.medicin.dk/Medicin/Praeparater/10160#a102,L02BX03,NA,NA,NA,NA,NA,NA,NA,NA,NA,False,False
page_10161.html,https://pro.medicin.dk/Medicin/Praeparater/10161#a102,D07AC01,NA,NA,NA,NA,NA,NA,NA,NA,NA,False,False
page_10162.html,https://pro.medicin.dk/Medicin/Praeparater/10162#a102,H01BB03,<60 ml/min.,[0],[59],NA,NA,NA,kontraindiceret,NA,Kontraindiceret ved stærkt nedsat nyrefunktion pga. den antidiuretiske effekt.,True,False
page_10165.html,https://pro.medicin.dk/Medicin/Praeparater/10165#a102,N03AD01,<45 ml/min.,[0],[44],NA,NA,NA,forsigtighed,monitorering,"Forsigtighed tilrådes. Det anbefales at udføre løbende urinanalyse, da undersøgelser har vist unormal nyrefunktion.",True,False
page_10168.html,https://pro.medicin.dk/Medicin/Praeparater/10168#a102,L02BX03,NA,NA,NA,NA,NA,NA,NA,NA,NA,False,False
page_10170.html,https://pro.medicin.dk/Medicin/Praeparater/10170#a102,N03AX18,<30 ml/min.; <30 ml/min.; <30 ml/min.; <30 ml/min.,"[0, 0, 0, 0]","[29, 29, 29, 29]",2-17 år; 40-50 KG; ≥50 KG; ≥17 år,"[2, 40, 50, 17]","[17, 50, 150, 150]",forsigtighed; forsigtighed; forsigtighed; forsigtighed,dosisjustering; dosisjustering; dosisjustering; dosisjustering,"Højst 9 mg lacosamid pr. kg legemsvægt dgl.; Højst 7,5 mg lacosamid pr. kg legemsvægt dgl.; Højst 250 mg lacosamid dgl.; Højst 250 mg lacosamid dgl.Hvis en støddosis er påkrævet, bør der anvendes en initialdosis på 100 mg efterfulgt af 50 mg 2 gange dgl. i den første uge.",True,False
page_10171.html,https://pro.medicin.dk/Medicin/Praeparater/10171#a102,N03AX18,<30 ml/min.; <30 ml/min.; <30 ml/min.; <30 ml/min.,"[0, 0, 0, 0]","[29, 29, 29, 29]",2-17 år; 40-50 KG; ≥50 KG; ≥17 år,"[2, 40, 50, 17]","[17, 50, 150, 150]",forsigtighed; forsigtighed; forsigtighed; forsigtighed,dosisjustering; dosisjustering; dosisjustering; dosisjustering,"Højst 9 mg lacosamid pr. kg legemsvægt dgl.; Højst 7,5 mg lacosamid pr. kg legemsvægt dgl.; Højst 250 mg lacosamid dgl.; Højst 250 mg lacosamid dgl.Hvis en støddosis er påkrævet, bør der anvendes en initialdosis på 100 mg efterfulgt af 50 mg 2 gange dgl. i den første uge.",True,False
page_10172.html,https://pro.medicin.dk/Medicin/Praeparater/10172#a102,N03AX18,<30 ml/min.; <30 ml/min.; <30 ml/min.; <30 ml/min.,"[0, 0, 0, 0]","[29, 29, 29, 29]",2-17 år; 40-50 KG; ≥50 KG; ≥17 år,"[2, 40, 50, 17]","[17, 50, 150, 150]",forsigtighed; forsigtighed; forsigtighed; forsigtighed,dosisjustering; dosisjustering; dosisjustering; dosisjustering,"Højst 9 mg lacosamid pr. kg legemsvægt dgl.; Højst 7,5 mg lacosamid pr. kg legemsvægt dgl.; Højst 250 mg lacosamid dgl.; Højst 250 mg lacosamid dgl.Hvis en støddosis er påkrævet, bør der anvendes en initialdosis på 100 mg efterfulgt af 50 mg 2 gange dgl. i den første uge.",True,False
page_10173.html,https://pro.medicin.dk/Medicin/Praeparater/10173#a102,A10BH02,<50 ml/min.,[0],[49],≥18 år,[18],[150],forsigtighed,dosisjustering,Højst 50 mg vildagliptin dgl.Forsigtighed ved hæmodialyse pga. begrænset erfaring.,True,False
page_10174.html,https://pro.medicin.dk/Medicin/Praeparater/10174#a102,A10BH02,<50 ml/min.,[0],[49],≥18 år,[18],[150],forsigtighed,dosisjustering,Højst 50 mg vildagliptin dgl.Forsigtighed ved hæmodialyse pga. begrænset erfaring.,True,False
page_10176.html,https://pro.medicin.dk/Medicin/Praeparater/10176#a102,N02CD06,<15 ml/min.,[0],[14],NA,NA,NA,forsigtighed,ingen eller begrænset erfaring,Der bør udvises forsigtighed ved hyppig brug hos patienter med svært nedsat nyrefunktion. Rimegepant er ikke blevet undersøgt hos patienter med nyresygdom i slutstadiet og hos patienter i dialyse. Behandling af patienter med nyresygdom i slutstadiet (GFR < 15 ml/min) bør undgås.,True,False
page_10177.html,https://pro.medicin.dk/Medicin/Praeparater/10177#a102,A10BH02,<50 ml/min.,[0],[49],≥18 år,[18],[150],forsigtighed,dosisjustering,Højst 50 mg vildagliptin dgl.Forsigtighed ved hæmodialyse pga. begrænset erfaring.,True,False
page_10178.html,https://pro.medicin.dk/Medicin/Praeparater/10178#a102,L04AX02,NA,NA,NA,NA,NA,NA,NA,NA,NA,False,False
page_10179.html,https://pro.medicin.dk/Medicin/Praeparater/10179#a102,A10BD07,<30 ml/min.; 30-45 ml/min.,"[0, 30]","[29, 45]",NA; ≥18 år,"['NA', 18]","['NA', 150]",kontraindiceret; forsigtighed,NA; dosisjustering,"Kontraindiceret pga. metformin.Mulige alternativer, se Type 2-diabetes.; Højst 1 tablet (50 mg sitagliptin og op til 1.000 mg metformin) 1 gang dgl.For enkeltstofferne gælder:MetforminGFR 30-45 ml/min: Højst 1 g dgl.GFR < 30 ml/min: Kontraindiceret.SitagliptinGFR 30-45 ml/min: Højst 50 mg 1 gang dgl.GFR < 30 ml/min: Højst 25 mg 1 gang dgl.",True,False
page_10180.html,https://pro.medicin.dk/Medicin/Praeparater/10180#a102,A10BH01,<30 ml/min.; 30-45 ml/min.,"[0, 30]","[29, 45]",≥18 år; ≥18 år,"[18, 18]","[150, 150]",forsigtighed; forsigtighed,dosisjustering; dosisjustering,Højst 25 mg sitagliptin dgl.Kan benyttes ved slutstadiet og under renal erstatningsterapi.; Højst 50 mg sitagliptin dgl.,True,False
page_10181.html,https://pro.medicin.dk/Medicin/Praeparater/10181#a102,A10BH01,<30 ml/min.; 30-45 ml/min.,"[0, 30]","[29, 45]",≥18 år; ≥18 år,"[18, 18]","[150, 150]",forsigtighed; forsigtighed,dosisjustering; dosisjustering,Højst 25 mg sitagliptin dgl.Kan benyttes ved slutstadiet og under renal erstatningsterapi.; Højst 50 mg sitagliptin dgl.,True,False
page_10182.html,https://pro.medicin.dk/Medicin/Praeparater/10182#a102,N02AB03,<60 ml/min.,[0],[59],NA,NA,NA,forsigtighed,monitorering,Lav initialdosis og forsigtig dosistitrering til respons.,True,False
page_10184.html,https://pro.medicin.dk/Medicin/Praeparater/10184#a102,J05AE30,<30 ml/min.; 30-60 ml/min.,"[0, 30]","[29, 60]",NA; NA,"['NA', 'NA']","['NA', 'NA']",forsigtighed; forsigtighed,NA; dosisjustering,Risikoen for toksistet er lav ved 5 dages behandling. Der kan gives 150 mg nirmatrelvir/100 mg ritonavir (1 tablet af hver slags) hver 12. time i 5 dage1.1) Reference:UpToDate(R).; Dosis reduceres til 150 mg nirmatrelvir/100 mg ritonavir (1 tablet af hver slags) hver 12. time i 5 dage.,True,False
page_10186.html,https://pro.medicin.dk/Medicin/Praeparater/10186#a102,L02BX03,NA,NA,NA,NA,NA,NA,NA,NA,NA,False,False
page_10187.html,https://pro.medicin.dk/Medicin/Praeparater/10187#a102,N03AX18,<30 ml/min.; <30 ml/min.; <30 ml/min.; <30 ml/min.,"[0, 0, 0, 0]","[29, 29, 29, 29]",2-17 år; 40-50 KG; ≥50 KG; ≥17 år,"[2, 40, 50, 17]","[17, 50, 150, 150]",forsigtighed; forsigtighed; forsigtighed; forsigtighed,dosisjustering; dosisjustering; dosisjustering; dosisjustering,"Højst 9 mg lacosamid pr. kg legemsvægt dgl.; Højst 7,5 mg lacosamid pr. kg legemsvægt dgl.; Højst 250 mg lacosamid dgl.; Højst 250 mg lacosamid dgl.Hvis en støddosis er påkrævet, bør der anvendes en initialdosis på 100 mg efterfulgt af 50 mg 2 gange dgl. i den første uge.",True,False
page_10188.html,https://pro.medicin.dk/Medicin/Praeparater/10188#a102,A10BH02,<50 ml/min.,[0],[49],≥18 år,[18],[150],forsigtighed,dosisjustering,Højst 50 mg vildagliptin dgl.Forsigtighed ved hæmodialyse pga. begrænset erfaring.,True,False
page_10189.html,https://pro.medicin.dk/Medicin/Praeparater/10189#a102,J01FA10,<10 ml/min.,[0],[9],NA,NA,NA,forsigtighed,øget bivirkningsrisiko,En stigning i AUC på 33% for azithromycin er set ved GFR < 10 ml/min. Forsigtighed tilrådes.,True,False
page_10191.html,https://pro.medicin.dk/Medicin/Praeparater/10191#a102,N01AB08,<60 ml/min.,[0],[59],NA,NA,NA,forsigtighed,monitorering,Nyrefunktionen bør monitoreres postoperativt.,True,False
page_10192.html,https://pro.medicin.dk/Medicin/Praeparater/10192#a102,A10BH01,<30 ml/min.; 30-45 ml/min.,"[0, 30]","[29, 45]",≥18 år; ≥18 år,"[18, 18]","[150, 150]",forsigtighed; forsigtighed,dosisjustering; dosisjustering,Højst 25 mg sitagliptin dgl.Kan benyttes ved slutstadiet og under renal erstatningsterapi.; Højst 50 mg sitagliptin dgl.,True,False
page_10193.html,https://pro.medicin.dk/Medicin/Praeparater/10193#a102,A07EA06,NA,NA,NA,NA,NA,NA,NA,NA,NA,False,False
page_10194.html,https://pro.medicin.dk/Medicin/Praeparater/10194#a102,C01CA26,NA,NA,NA,NA,NA,NA,NA,NA,NA,False,False
page_10195.html,https://pro.medicin.dk/Medicin/Praeparater/10195#a102,L03AX,NA,NA,NA,NA,NA,NA,NA,NA,NA,False,False
page_10196.html,https://pro.medicin.dk/Medicin/Praeparater/10196#a102,N06BA04,<60 ml/min.,[0],[59],NA,NA,NA,forsigtighed,erfaring savnes,Der er ingen erfaring med brug af methylphenidat til patienter med nedsat nyrefunktion.,True,False
page_10197.html,https://pro.medicin.dk/Medicin/Praeparater/10197#a102,A10BH01,<30 ml/min.; 30-45 ml/min.,"[0, 30]","[29, 45]",≥18 år; ≥18 år,"[18, 18]","[150, 150]",forsigtighed; forsigtighed,dosisjustering; dosisjustering,Højst 25 mg sitagliptin dgl.Kan benyttes ved slutstadiet og under renal erstatningsterapi.; Højst 50 mg sitagliptin dgl.,True,False
page_10198.html,https://pro.medicin.dk/Medicin/Praeparater/10198#a102,A10BH01,<30 ml/min.; 30-45 ml/min.,"[0, 30]","[29, 45]",≥18 år; ≥18 år,"[18, 18]","[150, 150]",forsigtighed; forsigtighed,dosisjustering; dosisjustering,Højst 25 mg sitagliptin dgl.Kan benyttes ved slutstadiet og under renal erstatningsterapi.; Højst 50 mg sitagliptin dgl.,True,False
page_10199.html,https://pro.medicin.dk/Medicin/Praeparater/10199#a102,N01AX10,<60 ml/min.,[0],[59],NA,NA,NA,forsigtighed,dosisjustering,Forsigtig dosistitrering og længere postoperativ observation.,True,False
page_10200.html,https://pro.medicin.dk/Medicin/Praeparater/10200#a102,H05AA02,<30 ml/min.; 30-60 ml/min.,"[0, 30]","[29, 60]",NA; NA,"['NA', 'NA']","['NA', 'NA']",kontraindiceret; forsigtighed,NA; ingen eller begrænset erfaring,Stigning i AUC på 73 % er set ved stærkt nedsat nyrefunktion. Ingen erfaring vedr. patienter i dialyse med kronisk nyresvigt.; Forsigtighed anbefales ved moderat nedsat nyrefunktion.,True,False
page_10202.html,https://pro.medicin.dk/Medicin/Praeparater/10202#a102,V03AF09,NA,NA,NA,NA,NA,NA,NA,NA,NA,False,False
page_10203.html,https://pro.medicin.dk/Medicin/Praeparater/10203#a102,V03AX04,NA,NA,NA,NA,NA,NA,NA,NA,NA,False,False
page_10207.html,https://pro.medicin.dk/Medicin/Praeparater/10207#a102,L01FX24,NA,NA,NA,NA,NA,NA,NA,NA,NA,False,False
page_10209.html,https://pro.medicin.dk/Medicin/Praeparater/10209#a102,L04AA03,NA,NA,NA,NA,NA,NA,NA,NA,NA,False,False
page_10210.html,https://pro.medicin.dk/Medicin/Praeparater/10210#a102,J01CF02,<15 ml/min.; 15-60 ml/min.,"[0, 15]","[14, 60]",NA; NA,"['NA', 'NA']","['NA', 'NA']",forsigtighed; forsigtighed,monitorering; monitorering,"Ved samtidige tilstande med akut nyreskade og nedsat leverfunktion, der forårsager hypoalbuminæmi. Da cloxacillin er stærkt proteinbundet, kan hypoalbuminæmi resultere i høje fraktioner af ubundet lægemiddel i serum, hvilket kan føre til overeksponering for cloxacillin med risiko for toksiske reaktioner.; Meget høje doser bør undgås. Hvis behandling alligevel er nødvendig, bør symptomer på toksicitet monitoreres.Vedbådenedsat nyrefunktion og nedsat leverfunktion reduceres dosis til 50% af normal dosis.",True,False
page_10211.html,https://pro.medicin.dk/Medicin/Praeparater/10211#a102,N03AG01,<15 ml/min.,[0],[14],NA,NA,NA,forsigtighed,monitorering,"Ved nedsat nyrefunktion kan det være nødvendigt at reducere dosis eller at øge dosis ved hæmodialyse, da valproat er dialyserbart. Dosering bør justeres i henhold til klinisk monitorering af patienten.",True,False
page_10213.html,https://pro.medicin.dk/Medicin/Praeparater/10213#a102,N06AX21,<30 ml/min.,[0],[29],≥18 år,[18],[150],forsigtighed,dosisjustering,"Højst 60 mg 1 gang dgl.Lav initialdosis: depression, angst og neuropatiske smerter 30 mg, inkontinens 20 mg.Forsigtig optitrering efter respons.",True,False
page_10214.html,https://pro.medicin.dk/Medicin/Praeparater/10214#a102,A10BB12,<30 ml/min.; 30-60 ml/min.,"[0, 30]","[29, 60]",NA; NA,"['NA', 'NA']","['NA', 'NA']",kontraindiceret; forsigtighed,øget bivirkningsrisiko; NA,"Kontraindiceret pga. stor risiko for hypoglykæmi. Alternativer, seβ-cellestimulerende midler.; Startdosis er 1 mg dgl.Optitrér langsomt for at undgå hypoglykæmi.",True,False
page_10216.html,https://pro.medicin.dk/Medicin/Praeparater/10216#a102,H05BX05,<15 ml/min.,[0],[14],NA,NA,NA,forsigtighed,ingen eller begrænset erfaring,Erfaring savnes vedr. patienter i dialyse.,True,False
page_10218.html,https://pro.medicin.dk/Medicin/Praeparater/10218#a102,L01FX25,NA,NA,NA,NA,NA,NA,NA,NA,NA,False,False
page_10219.html,https://pro.medicin.dk/Medicin/Praeparater/10219#a102,H01CB02,NA,NA,NA,NA,NA,NA,NA,NA,NA,False,False
page_10220.html,https://pro.medicin.dk/Medicin/Praeparater/10220#a102,R01AD59,NA,NA,NA,NA,NA,NA,NA,NA,NA,False,False
page_10223.html,https://pro.medicin.dk/Medicin/Praeparater/10223#a102,A10BD07,<30 ml/min.; 30-45 ml/min.,"[0, 30]","[29, 45]",NA; ≥18 år,"['NA', 18]","['NA', 150]",kontraindiceret; forsigtighed,NA; dosisjustering,"Kontraindiceret pga. metformin.Mulige alternativer, se Type 2-diabetes.; Højst 1 tablet (50 mg sitagliptin og op til 1.000 mg metformin) 1 gang dgl.For enkeltstofferne gælder:MetforminGFR 30-45 ml/min: Højst 1 g dgl.GFR < 30 ml/min: Kontraindiceret.SitagliptinGFR 30-45 ml/min: Højst 50 mg 1 gang dgl.GFR < 30 ml/min: Højst 25 mg 1 gang dgl.",True,False
page_10224.html,https://pro.medicin.dk/Medicin/Praeparater/10224#a102,C10AA01,<30 ml/min.,[0],[29],NA,NA,NA,forsigtighed,monitorering,"P-kreatinkinase bør måles før behandlingsstart pga. prædisposition for rhabdomyolyse. Ved P-kreatinkinase > 4 gange øverste normalgrænse bør behandlingen ikke startes.Under behandling:P-kreatininkinase > 10 gange øverste normalgrænse: pauser behandlingen, kontroller nyrefunktionen og monitorer P-kreatininkinase efter to uger.P-kreatininkinase < 10 gange øverste normalgrænse:ingen symptomer, fortsat behandlingen, kontroller P- kreatininkinase indenfor 2-4 uger.P-kreatininkinase < 10 gange øverste normalgrænse:hvis symptomer, pauser statin og afvent normalisering af P-kreatininkinase før genoptagelse med en lavere statin dosis.VedGFR < 30 ml/minbør der udvises forsigtighed ved doser > 10 mg dgl.Læs mere:Statiner",True,False
page_10226.html,https://pro.medicin.dk/Medicin/Praeparater/10226#a102,J01AA13,NA,NA,NA,NA,NA,NA,NA,NA,NA,False,False
page_10229.html,https://pro.medicin.dk/Medicin/Praeparater/10229#a102,H02AB13,<60 ml/min.,[0],[59],NA,NA,NA,forsigtighed,øget bivirkningsrisiko,"Glukokortikoider kan medføre hypokaliæmi, væskeretention og forhøjelse af blodtrykket.",True,False
page_10230.html,https://pro.medicin.dk/Medicin/Praeparater/10230#a102,L01EX17,<15 ml/min.,[0],[14],NA,NA,NA,forsigtighed,erfaring savnes,"Dosisjustering er ikke nødvendig ved GFR > 15 ml/min. Erfaring savnes ved GFR < 15 ml/min, og forsigtighed tilrådes.",True,False
page_10232.html,https://pro.medicin.dk/Medicin/Praeparater/10232#a102,A10BD08,<30 ml/min.; 30-45 ml/min.,"[0, 30]","[29, 45]",NA; ≥18 år,"['NA', 18]","['NA', 150]",kontraindiceret; forsigtighed,NA; dosisjustering,"Kontraindiceret pga. metformin.Mulige alternativer, se Type 2-diabetes.; Højst 1 tablet (50 mg vildagliptin og op til 1.000 mg metformin) 1 gang dgl.For enkeltstofferne gælder:Metformin:GFR 30-45 ml/min:Højst 1 g dgl.GFR < 30 ml/min: Kontraindiceret.Vildagliptin:GFR 0-50 ml/min:Højst 50 mg dgl.",True,False
page_10234.html,https://pro.medicin.dk/Medicin/Praeparater/10234#a102,A10BD08,<30 ml/min.; 30-45 ml/min.,"[0, 30]","[29, 45]",NA; ≥18 år,"['NA', 18]","['NA', 150]",kontraindiceret; forsigtighed,NA; dosisjustering,"Kontraindiceret pga. metformin.Mulige alternativer, se Type 2-diabetes.; Højst 1 tablet (50 mg vildagliptin og op til 1.000 mg metformin) 1 gang dgl.For enkeltstofferne gælder:Metformin:GFR 30-45 ml/min:Højst 1 g dgl.GFR < 30 ml/min: Kontraindiceret.Vildagliptin:GFR 0-50 ml/min:Højst 50 mg dgl.",True,False
page_10235.html,https://pro.medicin.dk/Medicin/Praeparater/10235#a102,A10BD08,<30 ml/min.; 30-45 ml/min.,"[0, 30]","[29, 45]",NA; ≥18 år,"['NA', 18]","['NA', 150]",kontraindiceret; forsigtighed,NA; dosisjustering,"Kontraindiceret pga. metformin.Mulige alternativer, se Type 2-diabetes.; Højst 1 tablet (50 mg vildagliptin og op til 1.000 mg metformin) 1 gang dgl.For enkeltstofferne gælder:Metformin:GFR 30-45 ml/min:Højst 1 g dgl.GFR < 30 ml/min: Kontraindiceret.Vildagliptin:GFR 0-50 ml/min:Højst 50 mg dgl.",True,False
page_10236.html,https://pro.medicin.dk/Medicin/Praeparater/10236#a102,J05AB14,<10 ml/min.; <10 ml/min.,"[0, 0]","[9, 9]",2-17 år; ≥17 år,"[2, 17]","[17, 150]",forsigtighed; forsigtighed,dosisjustering; dosisjustering,Højst 70 mg pr. m2legemsoverflade i døgnet.; Behandling af CMV: 200 mg 3 gange om ugen efter dialyse.; Forebyggelse af CMV: 100 mg 3 gange om ugen efter dialyse.: 100 mg 3 gange om ugen efter dialyse.,True,True
page_10237.html,https://pro.medicin.dk/Medicin/Praeparater/10237#a102,A10BH01,<30 ml/min.; 30-45 ml/min.,"[0, 30]","[29, 45]",≥18 år; ≥18 år,"[18, 18]","[150, 150]",forsigtighed; forsigtighed,dosisjustering; dosisjustering,Højst 25 mg sitagliptin dgl.Kan benyttes ved slutstadiet og under renal erstatningsterapi.; Højst 50 mg sitagliptin dgl.,True,False
page_10238.html,https://pro.medicin.dk/Medicin/Praeparater/10238#a102,P02CF01,NA,NA,NA,NA,NA,NA,NA,NA,NA,False,False
page_10239.html,https://pro.medicin.dk/Medicin/Praeparater/10239#a102,C01CA24,NA,NA,NA,NA,NA,NA,NA,NA,NA,False,False
page_10240.html,https://pro.medicin.dk/Medicin/Praeparater/10240#a102,L04AX05,30-50 ml/min.; <30 ml/min.,"[30, 0]","[50, 29]",NA; NA,"['NA', 'NA']","['NA', 'NA']",forsigtighed; kontraindiceret,øget bivirkningsrisiko; øget bivirkningsrisiko,"Forsigtighed tilrådes pga. risiko for ophobning af den aktive metabolit 5-carboxy-pirfenidon (eksponering øges 3,5 gange).; Kontraindiceret pga. mulig ophobning af den aktive metabolit 5-carboxy-pirfenidon (eksponering øges ca. 6 gange).",True,False
page_10242.html,https://pro.medicin.dk/Medicin/Praeparater/10242#a102,N02BF01,<15 ml/min.; 15-30 ml/min.; 30-60 ml/min.; 60-80 ml/min.,"[0, 15, 30, 60]","[14, 30, 60, 80]",≥12 år; ≥12 år; ≥12 år; ≥12 år,"[12, 12, 12, 12]","[150, 150, 150, 150]",forsigtighed; forsigtighed; forsigtighed; forsigtighed,dosisjustering; dosisjustering; dosisjustering; dosisjustering,"Højst 150-300 mg 1 gang i døgnet. Døgndoser på 150 mg gives som 300 mg hver 2. dag.Daglig dosis bør nedsættes i forhold til GFR (ved GFR < 7,5 ml/min. halvt så stor daglig dosis som ved en GFR på 15 ml/min.).; Højst 150-600 mg i døgnet, så vidt muligt fordelt på flere daglige doser.Døgndoser på 150 mg gives som 300 mg hver 2. dag.; Højst 300-900 mg i døgnet, så vidt muligt fordelt på flere daglige doser.; Højst 600-1.800 mg i døgnet fordelt på 3 daglige doser.",True,False
page_10243.html,https://pro.medicin.dk/Medicin/Praeparater/10243#a102,R03DX11,NA,NA,NA,NA,NA,NA,NA,NA,NA,False,False
page_10244.html,https://pro.medicin.dk/Medicin/Praeparater/10244#a102,S01AA01,NA,NA,NA,NA,NA,NA,NA,NA,NA,False,False
page_10246.html,https://pro.medicin.dk/Medicin/Praeparater/10246#a102,S01AX18,<15 ml/min.,[0],[14],NA,NA,NA,forsigtighed,NA,"Patienter med eksisterende nyreinsufficiens skal behandles med forsigtighed, når der er risiko for systemisk optagelse af jod, da eliminering af jod forsinkes.",True,False
page_10247.html,https://pro.medicin.dk/Medicin/Praeparater/10247#a102,A10BJ06,<10 ml/min.; 10-30 ml/min.,"[0, 10]","[9, 30]",NA; NA,"['NA', 'NA']","['NA', 'NA']",forsigtighed; forsigtighed,ingen eller begrænset erfaring; ingen eller begrænset erfaring,Semaglutid anbefales ikke til patienter med nyresygdom i slutstadiet.; Begrænset erfaring.,True,False
page_10248.html,https://pro.medicin.dk/Medicin/Praeparater/10248#a102,H01CC01,<60 ml/min.,[0],[59],NA,NA,NA,kontraindiceret,erfaring savnes,Kontraindiceret ved moderat til stærkt nedsat nyrefunktion. Der findes ingen data.,True,False
page_10250.html,https://pro.medicin.dk/Medicin/Praeparater/10250#a102,P02CF01,NA,NA,NA,NA,NA,NA,NA,NA,NA,False,False
page_10253.html,https://pro.medicin.dk/Medicin/Praeparater/10253#a102,J05AX10,NA,NA,NA,NA,NA,NA,NA,NA,NA,False,False
page_10254.html,https://pro.medicin.dk/Medicin/Praeparater/10254#a102,A04AA01,NA,NA,NA,NA,NA,NA,NA,NA,NA,False,False
page_10255.html,https://pro.medicin.dk/Medicin/Praeparater/10255#a102,A10BH01,<30 ml/min.; 30-45 ml/min.,"[0, 30]","[29, 45]",≥18 år; ≥18 år,"[18, 18]","[150, 150]",forsigtighed; forsigtighed,dosisjustering; dosisjustering,Højst 25 mg sitagliptin dgl.Kan benyttes ved slutstadiet og under renal erstatningsterapi.; Højst 50 mg sitagliptin dgl.,True,False
page_10256.html,https://pro.medicin.dk/Medicin/Praeparater/10256#a102,A11DA01,NA,NA,NA,NA,NA,NA,NA,NA,NA,False,False
page_10258.html,https://pro.medicin.dk/Medicin/Praeparater/10258#a102,S01LA09,NA,NA,NA,NA,NA,NA,NA,NA,NA,False,False
page_10259.html,https://pro.medicin.dk/Medicin/Praeparater/10259#a102,A10BD08,<30 ml/min.; 30-45 ml/min.,"[0, 30]","[29, 45]",NA; ≥18 år,"['NA', 18]","['NA', 150]",kontraindiceret; forsigtighed,NA; dosisjustering,"Kontraindiceret pga. metformin.Mulige alternativer, se Type 2-diabetes.; Højst 1 tablet (50 mg vildagliptin og op til 1.000 mg metformin) 1 gang dgl.For enkeltstofferne gælder:Metformin:GFR 30-45 ml/min:Højst 1 g dgl.GFR < 30 ml/min: Kontraindiceret.Vildagliptin:GFR 0-50 ml/min:Højst 50 mg dgl.",True,False
page_10261.html,https://pro.medicin.dk/Medicin/Praeparater/10261#a102,J05AD01,<60 ml/min.; <10 ml/min.; 10-20 ml/min.; 20-50 ml/min.,"[0, 0, 10, 20]","[59, 9, 20, 50]","Bør anvendes med forsigtighed vednedsat nyrefunktion. Serumkreatinin skal monitoreres hver 2. dag under induktionsbehandling og én gang ugentligt under vedligeholdelsesbehandling og dosisjustering skal foretages afhængig af nyrefunktionen.Dosering ved nedsat nyrefunktionDoseringsplan ved nedsat nyrefunktion tilindledende behandling ved CMV-infektion:Dosis foscarnet (mg/kg BW)Kreatinin-clearance(ml/min/kg legemsvægt)90 mg/kg legemsvægt (infusionsvarighed:Min. 2 timer)I intervaller på:60 mg/kg legemsvægt (infusionsvarighed:Min. 1 time)I intervaller på:> 1,49012 timer608 timer1,4 ≥ - > 17012 timer458 timer1 ≥ - > 0,85012 timer358 timer0,8 ≥ - > 0,68024 timer4012 timer0,6 ≥ - > 0,56024 timer3012 timer0,5 ≥ - ≥ 0,45024 timer2512 timer< 0,4Behandling anbefales ikke.Doseringsplan ved nedsat nyrefunktion tilvedligeholdelsesbehandling ved CMV-infektion:Dosis foscarnet (mg/kg BW)Kreatinin-clearance (ml/min/kg legemsvægt)90 mg/kg legemsvægt(infusionsvarighed:Min. 2 timer)I intervaller på:120 mg/kg legemsvægt(infusionsvarighed:min. 2 timer)I intervaller på:> 1,49024 timer12024 timer1,4 ≥ - > 17024 timer9024 timer1 ≥ - > 0,85024 timer6524 timer0,8 ≥ - > 0,68048 timer10548 timer0,6 ≥ - > 0,56048 timer8048 timer0,5 ≥ - ≥ 0,45048 timer6548 timer< 0,4Behandling anbefales ikke.Doseringsplan ved nedsat nyrefunktion ved behandling af herpes-infektion:Dosis foscarnet (mg/kg BW)Kreatininclearance(ml/min/kg legemsvægt)40 mg/kg legemsvægt(infusionensvarighed:min. 1 time)I intervaller på:> 1,4408 timer1,4 ≥ - > 1308 timer1 ≥ - > 0,8208 timer0,8 ≥ - > 0,62512 timer0,6 ≥ - > 0,52012 timer0,5 ≥ - ≥ 0,41512 timer< 0,4Behandling anbefales ikke.; ≥18 år; ≥18 år; ≥18 år","[18, 18, 18]","[150, 150, 150]",forsigtighed; forsigtighed; forsigtighed; forsigtighed,monitorering; dosisjustering; dosisjustering; dosisjustering,"Kreatinin-clearance(ml/min/kg legemsvægt): 90 mg/kg legemsvægt (infusionsvarighed:Min. 2 timer): I intervaller på:: 60 mg/kg legemsvægt (infusionsvarighed:Min. 1 time): I intervaller på:; > 1,4: 90: 12 timer: 60: 8 timer; 1,4 ≥ - > 1: 70: 12 timer: 45: 8 timer; 1 ≥ - > 0,8: 50: 12 timer: 35: 8 timer; 0,8 ≥ - > 0,6: 80: 24 timer: 40: 12 timer; 0,6 ≥ - > 0,5: 60: 24 timer: 30: 12 timer; 0,5 ≥ - ≥ 0,4: 50: 24 timer: 25: 12 timer; < 0,4: Behandling anbefales ikke.: Behandling anbefales ikke.; Højst 18 mg pr. kg legemsvægt dgl.; Højst 45 mg pr. kg legemsvægt dgl.; Højst 84 mg pr. legemsvægt dgl.",True,True
page_10263.html,https://pro.medicin.dk/Medicin/Praeparater/10263#a102,C03CA01,NA,NA,NA,NA,NA,NA,NA,NA,NA,False,False
page_10264.html,https://pro.medicin.dk/Medicin/Praeparater/10264#a102,L04AX05,30-50 ml/min.; <30 ml/min.,"[30, 0]","[50, 29]",NA; NA,"['NA', 'NA']","['NA', 'NA']",forsigtighed; kontraindiceret,øget bivirkningsrisiko; øget bivirkningsrisiko,"Forsigtighed tilrådes pga. risiko for ophobning af den aktive metabolit 5-carboxy-pirfenidon (eksponering øges 3,5 gange).; Kontraindiceret pga. mulig ophobning af den aktive metabolit 5-carboxy-pirfenidon (eksponering øges ca. 6 gange).",True,False
page_10266.html,https://pro.medicin.dk/Medicin/Praeparater/10266#a102,C01CE02,<50 ml/min.,[0],[49],"VoksneStartdosis påvirkes ikke, men vedligeholdelsesdosis nedsættes ved GFR ≤ 50 ml/min.GFR(ml/min)Dosis(mikrogram/kg/min)40 - 500,4330 - 400,3820 - 300,3310 - 200,285 - 100,23< 50,20BørnBør ikke anvendes til børn med nedsat nyrefunktion pga. manglende data.",,,forsigtighed,dosisjustering,"40 - 50: 0,43; 30 - 40: 0,38; 20 - 30: 0,33; 10 - 20: 0,28; 5 - 10: 0,23; < 5: 0,20: 0,20",True,True
page_10267.html,https://pro.medicin.dk/Medicin/Praeparater/10267#a102,N02BF01,<15 ml/min.; 15-30 ml/min.; 30-60 ml/min.; 60-80 ml/min.,"[0, 15, 30, 60]","[14, 30, 60, 80]",≥12 år; ≥12 år; ≥12 år; ≥12 år,"[12, 12, 12, 12]","[150, 150, 150, 150]",forsigtighed; forsigtighed; forsigtighed; forsigtighed,dosisjustering; dosisjustering; dosisjustering; dosisjustering,"Højst 150-300 mg 1 gang i døgnet. Døgndoser på 150 mg gives som 300 mg hver 2. dag.Daglig dosis bør nedsættes i forhold til GFR (ved GFR < 7,5 ml/min. halvt så stor daglig dosis som ved en GFR på 15 ml/min.).; Højst 150-600 mg i døgnet, så vidt muligt fordelt på flere daglige doser.Døgndoser på 150 mg gives som 300 mg hver 2. dag.; Højst 300-900 mg i døgnet, så vidt muligt fordelt på flere daglige doser.; Højst 600-1.800 mg i døgnet fordelt på 3 daglige doser.",True,False
page_10268.html,https://pro.medicin.dk/Medicin/Praeparater/10268#a102,N03AX18,<30 ml/min.; <30 ml/min.; <30 ml/min.; <30 ml/min.,"[0, 0, 0, 0]","[29, 29, 29, 29]",2-17 år; 40-50 KG; ≥50 KG; ≥17 år,"[2, 40, 50, 17]","[17, 50, 150, 150]",forsigtighed; forsigtighed; forsigtighed; forsigtighed,dosisjustering; dosisjustering; dosisjustering; dosisjustering,"Højst 9 mg lacosamid pr. kg legemsvægt dgl.; Højst 7,5 mg lacosamid pr. kg legemsvægt dgl.; Højst 250 mg lacosamid dgl.; Højst 250 mg lacosamid dgl.Hvis en støddosis er påkrævet, bør der anvendes en initialdosis på 100 mg efterfulgt af 50 mg 2 gange dgl. i den første uge.",True,False
page_10270.html,https://pro.medicin.dk/Medicin/Praeparater/10270#a102,D11AA01,<30 ml/min.,[0],[29],NA,NA,NA,forsigtighed,monitorering,"Ved svært nedsat nyrefunktion (GFR < 30 ml/min), inkl. nyresygdom i slutstadiet med behov for dialyse, bør cremen kun anvendes, hvis den forventede fordel opvejer den potentielle risiko. Der skal overvåges tæt for potentielle bivirkninger.",True,False
page_10271.html,https://pro.medicin.dk/Medicin/Praeparater/10271#a102,N02BG10,<60 ml/min.,[0],[59],NA,NA,NA,forsigtighed,monitorering,Der er ikke gennemført undersøgelser ved nedsat nyrefunktion. Hos denne patientgruppe kan virkningen forstærkes eller forlænges. Hyppig klinisk evaluering af en læge anbefales.,True,False
page_10272.html,https://pro.medicin.dk/Medicin/Praeparater/10272#a102,G03GA01,NA,NA,NA,NA,NA,NA,NA,NA,NA,False,False
page_10274.html,https://pro.medicin.dk/Medicin/Praeparater/10274#a102,N02BE51,<30 ml/min.; 30-60 ml/min.,"[0, 30]","[29, 60]",NA; NA,"['NA', 'NA']","['NA', 'NA']",kontraindiceret; forsigtighed,øget bivirkningsrisiko; monitorering,"Ibuprofen: Prostaglandiner har betydning for opretholdelse af normal nyregennemblødning. NSAID's hæmning af prostaglandinsyntesen kan derfor forårsage nedsat nyregennemblødning og dermed forværret nyrefunktion.; Ibuprofen:Prostaglandiner har betydning for opretholdelse af normal nyregennemblødning. NSAID's hæmning af prostaglandinsyntesen kan derfor forårsage nedsat nyregennemblødning og dermed forværret nyrefunktion. Tæt monitorering af nyrefunktionen tilrådes, dette kunne være i form af kontrol af urin for protein, blodtryk og evt. kreatinin-clearance.",True,False
page_10275.html,https://pro.medicin.dk/Medicin/Praeparater/10275#a102,N01AH03,<30 ml/min.,[0],[29],NA,NA,NA,forsigtighed,NA,Der bør udvises forsigtighed ved administration af sufentanil til patienter med svært nedsat nyrefunktion.,True,False
page_10277.html,https://pro.medicin.dk/Medicin/Praeparater/10277#a102,R06AA59,NA,NA,NA,NA,NA,NA,NA,NA,NA,False,False
page_10278.html,https://pro.medicin.dk/Medicin/Praeparater/10278#a102,N05AX13,<50 ml/min.; 50-80 ml/min.,"[0, 50]","[49, 80]",NA; Der startes med behandling hver måned (Xeplion):Initialt 100 mg på dag 1 og 75 mg på dag 8 og sædvanlig vedligeholdelsesdosis på 50 mg månedligt (dosis kan justeres i intervallet 25-100 mg månedligt). Der kan herefter skiftes til behandling hver 3. måned efter flg. retningslinjer:Behandling 1 gang om måneden (Xeplion)Behandling hver 3. måned (Trevicta)50 mg månedligt175 mg hver 3. måned75 mg månedligt263 mg hver 3. måned100 mg månedligt350 mg hver 3. måned,['NA'],['NA'],forsigtighed; forsigtighed,erfaring savnes; dosisjustering,Bør ikke anvendes pga. manglende erfaring.; 50 mg månedligt: 175 mg hver 3. måned; 75 mg månedligt: 263 mg hver 3. måned; 100 mg månedligt: 350 mg hver 3. måned: 350 mg hver 3. måned,True,True
page_10280.html,https://pro.medicin.dk/Medicin/Praeparater/10280#a102,L01BC06,<30 ml/min.; 30-50 ml/min.,"[0, 30]","[29, 50]",NA; NA,"['NA', 'NA']","['NA', 'NA']",kontraindiceret; forsigtighed,øget bivirkningsrisiko; dosisjustering,Kraftigt øget incidens af alvorlige bivirkninger.; Ved initialdosis 1.250 mg/m2(monoterapi).Dosis nedsættes til 75 % af initialdosis.Ved initialdosis 1.000 mg/m2(kombinationsterapi).Dosisreduktion er ikke nødvendig.,True,False
page_10283.html,https://pro.medicin.dk/Medicin/Praeparater/10283#a102,L04AJ05,NA,NA,NA,NA,NA,NA,NA,NA,NA,False,False
page_10285.html,https://pro.medicin.dk/Medicin/Praeparater/10285#a102,J01DI04,<15 ml/min.; 15-30 ml/min.; 30-60 ml/min.; 60-90 ml/min.,"[0, 15, 30, 60]","[14, 30, 60, 90]",NA; NA; NA; NA,"['NA', 'NA', 'NA', 'NA']","['NA', 'NA', 'NA', 'NA']",forsigtighed; forsigtighed; forsigtighed; forsigtighed,dosisjustering; dosisjustering; dosisjustering; dosisjustering,"0,75 g i.v. hver 12. time.Ved intermitterende hæmodialyse:0,75 g i.v. hver 12. time.; 1 g i.v. hver 8. time.; 1,5 g i.v. hver 8. time.; 2 g i.v. hver 8. time.",True,False
page_10288.html,https://pro.medicin.dk/Medicin/Praeparater/10288#a102,L01EA06,<15 ml/min.,[0],[14],NA,NA,NA,forsigtighed,erfaring savnes,Der er ingen erfaring med patienter med GFR < 15 ml/min.,True,False
page_10290.html,https://pro.medicin.dk/Medicin/Praeparater/10290#a102,A10BD08,<30 ml/min.; 30-45 ml/min.,"[0, 30]","[29, 45]",NA; ≥18 år,"['NA', 18]","['NA', 150]",kontraindiceret; forsigtighed,NA; dosisjustering,"Kontraindiceret pga. metformin.Mulige alternativer, se Type 2-diabetes.; Højst 1 tablet (50 mg vildagliptin og op til 1.000 mg metformin) 1 gang dgl.For enkeltstofferne gælder:Metformin:GFR 30-45 ml/min:Højst 1 g dgl.GFR < 30 ml/min: Kontraindiceret.Vildagliptin:GFR 0-50 ml/min:Højst 50 mg dgl.",True,False
page_10291.html,https://pro.medicin.dk/Medicin/Praeparater/10291#a102,C01CA26,NA,NA,NA,NA,NA,NA,NA,NA,NA,False,False
page_10292.html,https://pro.medicin.dk/Medicin/Praeparater/10292#a102,J05AF07,<10 ml/min.; 10-20 ml/min.; 20-30 ml/min.; 30-50 ml/min.,"[0, 10, 20, 30]","[9, 20, 30, 50]",≥12 år; ≥12 år; ≥12 år; ≥12 år,"[12, 12, 12, 12]","[150, 150, 150, 150]",forsigtighed; forsigtighed; forsigtighed; forsigtighed,dosisjustering; dosisjustering; dosisjustering; dosisjustering,"Ingen dosisanbefalinger til ikke-hæmodialyse-patienter.Hæmodialyse: 16,5 mg dgl. eller 245 mg 1 gang om ugen.Stor forsigtighed og tæt monitorering.; Højst 33 mg dgl. eller 245 mg 2 gange om ugen.; Højst 65 mg dgl. eller 245 mg 2 gange om ugen.; Højst 132 mg dgl. eller 245 mg hver 2. dag.",True,False
page_10293.html,https://pro.medicin.dk/Medicin/Praeparater/10293#a102,J05AR03,<60 ml/min.,[0],[59],"Unge 12-18 årBør ikke anvendes.VoksneGFR (ml/min.)Behandling afHIV-infektionProfylakse føreksponering50-601 tabl. 1 gang dgl.Bør ikke anvendes30-491 tabl. hver 2. dag.Tæt monitorering af nyrefunktion.Bør ikke anvendes< 30Bør ikke anvendes, da passende dosisreduktion ikke er mulig med kombinationspræparatet.Bør ikke anvendes",,,forsigtighed,dosisjustering,"50-60: 1 tabl. 1 gang dgl.: Bør ikke anvendes; 30-49: 1 tabl. hver 2. dag.Tæt monitorering af nyrefunktion.: Bør ikke anvendes; < 30: Bør ikke anvendes, da passende dosisreduktion ikke er mulig med kombinationspræparatet.: Bør ikke anvendes: Bør ikke anvendes",True,True
page_10294.html,https://pro.medicin.dk/Medicin/Praeparater/10294#a102,J01GB01,<45 ml/min.; 45-60 ml/min.,"[0, 45]","[44, 60]",NA; NA,"['NA', 'NA']","['NA', 'NA']",forsigtighed; forsigtighed,dosisjustering; dosisjustering,"Behandling foregår oftest i højst 3 dage og det er ikke nødvendigt at monitorere plasma-tobramycin de første 3 dage.Behandlingen består af en enkeltdosis på 5 mg/kg legemsvægteGFR benyttes her som estimat for kreatininclearance. Der er dog en række fejlkilder knyttet til brugen af eGFR - bl.a. hastige/akutte ændringer i patientens nyrefunktion, meget afvigende kropsstørrelse og afvigende muskelmasse (fx bodybuildere, patienter med lammelser og amputerede patienter).; Behandling foregår oftest i højst 3 dage og det er ikke nødvendigt at monitorere plasma-tobramycin de første 3 dage.1. dosis:5 mg/kg legemsvægt.2. dosisgives tidligst 36-48 timer efter 1. dosis.eGFR benyttes her som estimat for kreatininclearance. Der er dog en række fejlkilder knyttet til brugen af eGFR - bl.a. hastige/akutte ændringer i patientens nyrefunktion, meget afvigende kropsstørrelse og afvigende muskelmasse (fx bodybuildere, patienter med lammelser og amputerede patienter).",True,False
page_10295.html,https://pro.medicin.dk/Medicin/Praeparater/10295#a102,N05BB01,<15 ml/min.; <15 ml/min.; <15 ml/min.; <15 ml/min.; 15-50 ml/min.; 15-50 ml/min.; 15-50 ml/min.; 15-50 ml/min.,"[0, 0, 0, 0, 15, 15, 15, 15]","[14, 14, 14, 14, 50, 50, 50, 50]",5-17 år; ≥40 KG; 17-65 år; ≥65 år; 5-17 år; ≥40 KG; 17-65 år; ≥65 år,"[5, 40, 17, 65, 5, 40, 17, 65]","[17, 150, 65, 150, 17, 150, 65, 150]",forsigtighed; forsigtighed; forsigtighed; forsigtighed; forsigtighed; forsigtighed; forsigtighed; forsigtighed,dosisjustering; dosisjustering; dosisjustering; dosisjustering; dosisjustering; dosisjustering; dosisjustering; dosisjustering,"Højst 0,5 mg/kg legemsvægt dgl.; Højst 25 mg dgl.; Højst 25 mg dgl.; Højst 12,5 mg dgl.; Højst 1 mg/kg legemsvægt dgl.; Højst 50 mg dgl.; Højst 50 mg dgl.; Højst 25 mg dgl.",True,False
page_10296.html,https://pro.medicin.dk/Medicin/Praeparater/10296#a102,S01XA20,NA,NA,NA,NA,NA,NA,NA,NA,NA,False,False
page_10297.html,https://pro.medicin.dk/Medicin/Praeparater/10297#a102,R01AD08,NA,NA,NA,NA,NA,NA,NA,NA,NA,False,False
page_10299.html,https://pro.medicin.dk/Medicin/Praeparater/10299#a102,J05AX31,<15 ml/min.,[0],[14],NA,NA,NA,forsigtighed,ingen eller begrænset erfaring,Er ikke undersøgt ved nyresygdom i slutstadiet (GFR < 15 ml/min eller ved nyresubstitutionsterapi) og skal derfor anvendes med forsigtighed til denne patientgruppe.,True,False
page_10300.html,https://pro.medicin.dk/Medicin/Praeparater/10300#a102,L02BX03,NA,NA,NA,NA,NA,NA,NA,NA,NA,False,False
page_10301.html,https://pro.medicin.dk/Medicin/Praeparater/10301#a102,L01XX27,NA,NA,NA,NA,NA,NA,NA,NA,NA,False,False
page_10302.html,https://pro.medicin.dk/Medicin/Praeparater/10302#a102,A07EA06,NA,NA,NA,NA,NA,NA,NA,NA,NA,False,False
page_10303.html,https://pro.medicin.dk/Medicin/Praeparater/10303#a102,C01CX08,30-60 ml/min.; <30 ml/min.,"[30, 0]","[60, 29]",NA; NA,"['NA', 'NA']","['NA', 'NA']",forsigtighed; kontraindiceret,monitorering; øget bivirkningsrisiko,"Overvågning anbefales i mindst 5 dage.; Øget koncentration af metabolitter, som kan resultere i en mere udtalt og forlænget hæmodynamisk virkning.",True,False
page_10304.html,https://pro.medicin.dk/Medicin/Praeparater/10304#a102,L01BA04,<45 ml/min.,[0],[44],NA,NA,NA,forsigtighed,ingen eller begrænset erfaring,Dosisjustering er ikke nødvendig ved GFR > 45 ml/min. Der er utilstrækkelige data ved GFR < 45 ml/min.,True,False
page_10305.html,https://pro.medicin.dk/Medicin/Praeparater/10305#a102,N05AH02,<10 ml/min.; 10-50 ml/min.,"[0, 10]","[9, 50]",NA; NA,"['NA', 'NA']","['NA', 'NA']",forsigtighed; forsigtighed,dosisjustering; dosisjustering,Dosisreduktion kan være nødvendig ved signifikant nedsat nyrefunktion(5918). Ved GFR < 10 ml/min. bør behandlingen initieres med lavest anbefalede dosis og langsom op-titrering anbefales(5273). Angivet som kontraindiceret ved svære nyreforstyrrelser i produktresume.; Dosisreduktion kan være nødvendig ved signifikant nedsat nyrefunktion(5918). Angivet som kontraindiceret ved svære nyreforstyrrelser i produktresume.,True,False
page_10306.html,https://pro.medicin.dk/Medicin/Praeparater/10306#a102,J05AR02,<50 ml/min.,[0],[49],"Kombinationspræparatet er uegnet pga. manglende mulighed for dosisreduktion af lamivudin.For enkeltstofferne gælder flg. retningslinjer:Abacavir:Ingen særlige forbehold.Lamivudin:Voksne og børn med legemsvægt ≥ 25 kgGFRml/minutInitial dosis1 gang dgl.Vedligeholdelsesdosis1 gang dgl.30-50150 mg150 mg15-30150 mg100 mg5-15150 mg50 mg≤ 550 mg25 mgBørn > 3 mdr. med legemsvægt < 25 kgGFRml/minutInitial dosis1 gang dgl.Vedligeholdelsesdosis1 gang dgl.30-504 mg/kg4 mg/kg15-304 mg/kg2,6 mg/kg5-154 mg/kg1,3 mg/kg< 51,3 mg/kg0,7 mg/kg",,,forsigtighed,dosisjustering,"30-50: 150 mg: 150 mg; 15-30: 150 mg: 100 mg; 5-15: 150 mg: 50 mg; ≤ 5: 50 mg: 25 mg: 0,7 mg/kg",True,True
page_10307.html,https://pro.medicin.dk/Medicin/Praeparater/10307#a102,V03AE02,NA,NA,NA,NA,NA,NA,NA,NA,NA,False,False
page_10308.html,https://pro.medicin.dk/Medicin/Praeparater/10308#a102,V08CA10,<30 ml/min.,[0],[29],NA,NA,NA,forsigtighed,dosisjustering,"Der er rapporteret nefrogen systemisk fibrose (NSF) ved brug af andre lineære gadolinium-holdige kontrastmidler hos patienter med akut eller kronisk svær nedsat nyrefunktion.Bør så vidt muligt ikke anvendes, men hvis anvendelse ikke kan undgås, bør dosis ikke overstige 0,025 mmol/kg legemsvægt (1/4 af den dosis, der anvendes med de extracellulære makrocycliske kontraststoffer). Der skal være mindst 7 dage mellem to injektioner.",True,False
page_10309.html,https://pro.medicin.dk/Medicin/Praeparater/10309#a102,H02AB02,<60 ml/min.,[0],[59],NA,NA,NA,forsigtighed,øget bivirkningsrisiko,"Systemisk anvendelse:Glukokortikoider kan medføre hypernatriæmi, hypokaliæmi, væskeretention og forhøjelse af blodtrykket.",True,False
page_10310.html,https://pro.medicin.dk/Medicin/Praeparater/10310#a102,H02AB08,<60 ml/min.,[0],[59],NA,NA,NA,forsigtighed,hjælpestoffer,"Systemisk anvendelse:Glukokortikoider kan medføre hypernatriæmi, hypokaliæmi, væskeretention og forhøjelse af blodtrykket.Indeholder benzylalkoholder skal bruges med forsigtighed ved nedsat nyre- og leverfunktion. Læs mereher.",True,False
page_10311.html,https://pro.medicin.dk/Medicin/Praeparater/10311#a102,J05AE03,NA,NA,NA,NA,NA,NA,NA,NA,NA,False,False
page_10312.html,https://pro.medicin.dk/Medicin/Praeparater/10312#a102,J01AA12,NA,NA,NA,NA,NA,NA,NA,NA,NA,False,False
page_10313.html,https://pro.medicin.dk/Medicin/Praeparater/10313#a102,J05AR06,<50 ml/min.,[0],[49],"Kombinationspræparatet er uegnet pga. manglende mulighed for individuel dosisreduktion.For enkeltstofferne gælder flg. retningslinjer:Efavirenz:Ingen dosisjusteringEmtricitabin:GFR 15-30 ml/min: Dosis nedsættes til 200 mg hver 72. time.GFR < 15 ml/min: Dosis nedsættes til 200 mg hver 96. time.Tenofovirdisoproxil:GFRml/minutDosis (voksne)30-50132 mg 1 gang dgl.20-3066 mg 1 gang dgl.10-2033 mg 1 gang dgl.< 10Bør kun anvendes i forbindelse med dialyse: 16,5 mg efter afslutning af hver 4-timers dialyseBemærk:GFR < 50 ml/min. Nyrefunktionen skal følges tæt.GFR < 30 ml/min: Bør ikke anvendes, medmindre der ikke findes alternativ behandling.Børn: Bør ikke anvendes.",,,forsigtighed,dosisjustering,"30-50: 132 mg 1 gang dgl.; 20-30: 66 mg 1 gang dgl.; 10-20: 33 mg 1 gang dgl.; < 10: Bør kun anvendes i forbindelse med dialyse: 16,5 mg efter afslutning af hver 4-timers dialyse; Bemærk:GFR < 50 ml/min. Nyrefunktionen skal følges tæt.GFR < 30 ml/min: Bør ikke anvendes, medmindre der ikke findes alternativ behandling.Børn: Bør ikke anvendes.: Bemærk:GFR < 50 ml/min. Nyrefunktionen skal følges tæt.GFR < 30 ml/min: Bør ikke anvendes, medmindre der ikke findes alternativ behandling.Børn: Bør ikke anvendes.",True,True
page_10314.html,https://pro.medicin.dk/Medicin/Praeparater/10314#a102,J01CF02,<15 ml/min.; 15-60 ml/min.,"[0, 15]","[14, 60]",NA; NA,"['NA', 'NA']","['NA', 'NA']",forsigtighed; forsigtighed,monitorering; monitorering,"Ved samtidige tilstande med akut nyreskade og nedsat leverfunktion, der forårsager hypoalbuminæmi. Da cloxacillin er stærkt proteinbundet, kan hypoalbuminæmi resultere i høje fraktioner af ubundet lægemiddel i serum, hvilket kan føre til overeksponering for cloxacillin med risiko for toksiske reaktioner.; Meget høje doser bør undgås. Hvis behandling alligevel er nødvendig, bør symptomer på toksicitet monitoreres.Vedbådenedsat nyrefunktion og nedsat leverfunktion reduceres dosis til 50% af normal dosis.",True,False
page_10315.html,https://pro.medicin.dk/Medicin/Praeparater/10315#a102,N07AA51,NA,NA,NA,NA,NA,NA,NA,NA,NA,False,False
page_10316.html,https://pro.medicin.dk/Medicin/Praeparater/10316#a102,J01XX09,30-80 ml/min.; <30 ml/min.,"[30, 0]","[80, 29]",NA; NA,"['NA', 'NA']","['NA', 'NA']",forsigtighed; forsigtighed,monitorering; dosisjustering,Regelmæssig kontrol af nyrefunktionen tilrådes.; Dosis gives hver 2. dag.Regelmæssig kontrol af nyrefunktionen tilrådes.,True,False
page_10317.html,https://pro.medicin.dk/Medicin/Praeparater/10317#a102,J05AG03,NA,NA,NA,NA,NA,NA,NA,NA,NA,False,False
page_10318.html,https://pro.medicin.dk/Medicin/Praeparater/10318#a102,J07BA01,NA,NA,NA,NA,NA,NA,NA,NA,NA,False,False
page_10320.html,https://pro.medicin.dk/Medicin/Praeparater/10320#a102,J07BX04,NA,NA,NA,NA,NA,NA,NA,NA,NA,False,False
page_10321.html,https://pro.medicin.dk/Medicin/Praeparater/10321#a102,B01AC21,NA,NA,NA,NA,NA,NA,NA,NA,NA,False,False
page_10323.html,https://pro.medicin.dk/Medicin/Praeparater/10323#a102,A10BH01,<30 ml/min.; 30-45 ml/min.,"[0, 30]","[29, 45]",≥18 år; ≥18 år,"[18, 18]","[150, 150]",forsigtighed; forsigtighed,dosisjustering; dosisjustering,Højst 25 mg sitagliptin dgl.Kan benyttes ved slutstadiet og under renal erstatningsterapi.; Højst 50 mg sitagliptin dgl.,True,False
page_10325.html,https://pro.medicin.dk/Medicin/Praeparater/10325#a102,C10AA07,<60 ml/min.; 10-30 ml/min.,"[0, 10]","[59, 30]",≥17 år; 6-17 år,"[17, 6]","[150, 17]",forsigtighed; forsigtighed,dosisjustering; dosisjustering,Initialdosis 5 mg. Kan øges til højst 20 mg dgl.; Initialdosis 5 mg. Kan øges til højst 10 mg dgl.,True,False
page_10327.html,https://pro.medicin.dk/Medicin/Praeparater/10327#a102,L01XX75,<15 ml/min.,[0],[14],NA,NA,NA,forsigtighed,erfaring savnes,Der er ingen erfaring ved GFR < 15 ml/min. Eventuel dosering skal ske med forsigtighed og nøje overvågning.,True,False
page_10328.html,https://pro.medicin.dk/Medicin/Praeparater/10328#a102,C08CA13,30-60 ml/min.; <30 ml/min.,"[30, 0]","[60, 29]",NA; NA,"['NA', 'NA']","['NA', 'NA']",forsigtighed; kontraindiceret,øget bivirkningsrisiko; øget bivirkningsrisiko,Lav initialdosis. Forsigtighed ved dosisøgning.; ,True,False
page_10329.html,https://pro.medicin.dk/Medicin/Praeparater/10329#a102,L04AD03,<60 ml/min.,[0],[59],NA,NA,NA,forsigtighed,dosisjustering,"Det anbefales at fastsætte en baseline-eGFR inden behandlingsstart. Ved GFR-fald fra baseline på:< 20%, fastholdes aktuel dosis og monitoreres.Mellem 20% - 30%, reduceres dosis til 7,9 mg to gange dgl.> 30%, afbrydes behandlingen indtil GFR er øget, og behandlingen kan genoptages i en dosis på 7,9 mg to gange dgl. og evt. øges som tolereret baseret på GFR.",True,False
page_10331.html,https://pro.medicin.dk/Medicin/Praeparater/10331#a102,L01CD04,NA,NA,NA,NA,NA,NA,NA,NA,NA,False,False
page_10332.html,https://pro.medicin.dk/Medicin/Praeparater/10332#a102,L02BA03,30-60 ml/min.; <30 ml/min.,"[30, 0]","[60, 29]",NA; NA,"['NA', 'NA']","['NA', 'NA']",forsigtighed; forsigtighed,hjælpestoffer; erfaring savnes,"Indeholder benzylalkoholder skal bruges med forsigtighed ved nedsat nyre- og leverfunktion. Læs mereher.; Erfaring savnes ved GFR < 30 ml/min. Der findes ingen data, og forsigtighed tilrådes.Indeholder benzylalkoholder skal bruges med forsigtighed ved nedsat nyre- og leverfunktion. Læs mereher.",True,False
page_10334.html,https://pro.medicin.dk/Medicin/Praeparater/10334#a102,C09AA04,<30 ml/min.,[0],[29],≥18 år,[18],[150],forsigtighed,dosisjustering,"Højst 2,5 mg hver anden dag.",True,False
page_10335.html,https://pro.medicin.dk/Medicin/Praeparater/10335#a102,J05AB16,NA,NA,NA,NA,NA,NA,NA,NA,NA,False,False
page_10337.html,https://pro.medicin.dk/Medicin/Praeparater/10337#a102,A12BA30,<45 ml/min.; 45-60 ml/min.,"[0, 45]","[44, 60]",NA; NA,"['NA', 'NA']","['NA', 'NA']",kontraindiceret; forsigtighed,NA; monitorering,"Kontraindiceret ved GFR < 45 ml/min, da kalium og citrat hovedsageligt udskilles via nyrerne.; Regelmæssig overvågning af nyrefunktion og kaliumindhold i blodet er nødvendig ved startdosis og efter dosisøgning eller hvis GFR falder. Derefter fastsættes hyppigheden ud fra lægelige kriterier, dog mindst 2 gange årligt.",True,False
page_10340.html,https://pro.medicin.dk/Medicin/Praeparater/10340#a102,L01EX21,<30 ml/min.,[0],[29],NA,NA,NA,forsigtighed,erfaring savnes,Dosisjustering er ikke nødvendig ved let til moderat nedsat nyrefunktion. Der findes ingen data ved GFR < 30 ml/min.,True,False
page_10341.html,https://pro.medicin.dk/Medicin/Praeparater/10341#a102,A02BC01,NA,NA,NA,NA,NA,NA,NA,NA,NA,False,False
page_10342.html,https://pro.medicin.dk/Medicin/Praeparater/10342#a102,J05AB11,<10 ml/min.,[0],[9],≥12 år,[12],[150],forsigtighed,dosisjustering,Herpes zoster: 500 mg 1 gang dgl.; HSV-infektion: 500 mg 1 gang dgl.Immuninkompetente: 1.000 mg 1 gang dgl.Herpes labialis: 500 mg som éngangsdosis.; Profylakse mod HSV-infektion: 250 mg 1 gang dgl.Immuninkompetente: 500 mg 1 gang dgl.; Profylakse mod cytomegalovirus ved organtransplantation: 1.500 mg 1 gang dgl.: 1.500 mg 1 gang dgl.,True,True
page_10343.html,https://pro.medicin.dk/Medicin/Praeparater/10343#a102,A03BB01,NA,NA,NA,NA,NA,NA,NA,NA,NA,False,False
page_10344.html,https://pro.medicin.dk/Medicin/Praeparater/10344#a102,A12BA01,<30 ml/min.; 30-60 ml/min.,"[0, 30]","[29, 60]",NA; NA,"['NA', 'NA']","['NA', 'NA']",forsigtighed; forsigtighed,øget bivirkningsrisiko; monitorering,Forsigtighed pga. risiko for hyperkaliæmi. Hyppig kontrol af P-kalium.; Hyppig kontrol af P-kalium.,True,False
page_10345.html,https://pro.medicin.dk/Medicin/Praeparater/10345#a102,N01AH06,NA,NA,NA,NA,NA,NA,NA,NA,NA,False,False
page_10346.html,https://pro.medicin.dk/Medicin/Praeparater/10346#a102,L01BA04,<45 ml/min.,[0],[44],NA,NA,NA,forsigtighed,ingen eller begrænset erfaring,Dosisjustering er ikke nødvendig ved GFR > 45 ml/min. Der er utilstrækkelige data ved GFR < 45 ml/min.,True,False
page_10347.html,https://pro.medicin.dk/Medicin/Praeparater/10347#a102,L01BC07,NA,NA,NA,NA,NA,NA,NA,NA,NA,False,False
page_10348.html,https://pro.medicin.dk/Medicin/Praeparater/10348#a102,L01AD01,<15 ml/min.; 15-60 ml/min.,"[0, 15]","[14, 60]",NA; NA,"['NA', 'NA']","['NA', 'NA']",kontraindiceret; forsigtighed,øget bivirkningsrisiko; dosisjustering,"Elimination af carmustin er nedsat, da 60-70% udskilles gennem nyrerne.; Dosis bør nedsættes.",True,False
page_10350.html,https://pro.medicin.dk/Medicin/Praeparater/10350#a102,J01FA10,<10 ml/min.,[0],[9],NA,NA,NA,forsigtighed,øget bivirkningsrisiko,En stigning i AUC på 33% for azithromycin er set ved GFR < 10 ml/min. Forsigtighed tilrådes.,True,False
page_10352.html,https://pro.medicin.dk/Medicin/Praeparater/10352#a102,L01FY02,NA,NA,NA,NA,NA,NA,NA,NA,NA,False,False
page_10353.html,https://pro.medicin.dk/Medicin/Praeparater/10353#a102,C08CA06,NA,NA,NA,NA,NA,NA,NA,NA,NA,False,False
page_10355.html,https://pro.medicin.dk/Medicin/Praeparater/10355#a102,A10BA02,<30 ml/min.; 30-45 ml/min.,"[0, 30]","[29, 45]",NA; ≥10 år,"['NA', 10]","['NA', 150]",kontraindiceret; forsigtighed,NA; dosisjustering,"Mulige alternativer, se Type 2-diabetes; Højst 500 mg metformin 2 gange dgl.",True,False
page_10356.html,https://pro.medicin.dk/Medicin/Praeparater/10356#a102,N06BA04,<60 ml/min.,[0],[59],NA,NA,NA,forsigtighed,erfaring savnes,Der er ingen erfaring med brug af methylphenidat til patienter med nedsat nyrefunktion.,True,False
page_10357.html,https://pro.medicin.dk/Medicin/Praeparater/10357#a102,N05CH01,<60 ml/min.,[0],[59],NA,NA,NA,forsigtighed,erfaring savnes,Forsigtighed ved nedsat nyrefunktion pga. manglende erfaring. Anbefales ikke ved stærkt nedsat nyrefunktion. Ingen tegn på akkumulering ved stabil hæmodialyse.,True,False
page_10359.html,https://pro.medicin.dk/Medicin/Praeparater/10359#a102,A06AX05,<30 ml/min.,[0],[29],≥18 år,[18],[150],forsigtighed,dosisjustering,Højst 1 mg dgl. Kontraindiceret ved dialysekrævende nyreinsufficiens.,True,False
page_10362.html,https://pro.medicin.dk/Medicin/Praeparater/10362#a102,N05AH02,<10 ml/min.; 10-50 ml/min.,"[0, 10]","[9, 50]",NA; NA,"['NA', 'NA']","['NA', 'NA']",forsigtighed; forsigtighed,dosisjustering; dosisjustering,Dosisreduktion kan være nødvendig ved signifikant nedsat nyrefunktion(5918). Ved GFR < 10 ml/min. bør behandlingen initieres med lavest anbefalede dosis og langsom op-titrering anbefales(5273). Angivet som kontraindiceret ved svære nyreforstyrrelser i produktresume.; Dosisreduktion kan være nødvendig ved signifikant nedsat nyrefunktion(5918). Angivet som kontraindiceret ved svære nyreforstyrrelser i produktresume.,True,False
page_10363.html,https://pro.medicin.dk/Medicin/Praeparater/10363#a102,N02BE01,NA,NA,NA,NA,NA,NA,NA,NA,"Oral administration, Det anbefales at:, ved GFR 10-50 ml/min: dosis hver 6. time, ved GFR < 10 ml/min: dosis hver 8. time",True,False
page_10364.html,https://pro.medicin.dk/Medicin/Praeparater/10364#a102,D03AX13,NA,NA,NA,NA,NA,NA,NA,NA,NA,False,False
page_10366.html,https://pro.medicin.dk/Medicin/Praeparater/10366#a102,N03AD01,<45 ml/min.,[0],[44],NA,NA,NA,forsigtighed,monitorering,"Forsigtighed tilrådes. Det anbefales at udføre løbende urinanalyse, da undersøgelser har vist unormal nyrefunktion.",True,False
page_10368.html,https://pro.medicin.dk/Medicin/Praeparater/10368#a102,C08CA13,30-60 ml/min.; <30 ml/min.,"[30, 0]","[60, 29]",NA; NA,"['NA', 'NA']","['NA', 'NA']",forsigtighed; kontraindiceret,øget bivirkningsrisiko; øget bivirkningsrisiko,Lav initialdosis. Forsigtighed ved dosisøgning.; ,True,False
page_10370.html,https://pro.medicin.dk/Medicin/Praeparater/10370#a102,L04AC22,NA,NA,NA,NA,NA,NA,NA,NA,NA,False,False
page_10372.html,https://pro.medicin.dk/Medicin/Praeparater/10372#a102,S01ED51,NA,NA,NA,NA,NA,NA,NA,NA,NA,False,False
page_10373.html,https://pro.medicin.dk/Medicin/Praeparater/10373#a102,J07AE02,NA,NA,NA,NA,NA,NA,NA,NA,NA,False,False
page_10374.html,https://pro.medicin.dk/Medicin/Praeparater/10374#a102,A10BD07,<30 ml/min.; 30-45 ml/min.,"[0, 30]","[29, 45]",NA; ≥18 år,"['NA', 18]","['NA', 150]",kontraindiceret; forsigtighed,NA; dosisjustering,"Kontraindiceret pga. metformin.Mulige alternativer, se Type 2-diabetes.; Højst 1 tablet (50 mg sitagliptin og op til 1.000 mg metformin) 1 gang dgl.For enkeltstofferne gælder:MetforminGFR 30-45 ml/min: Højst 1 g dgl.GFR < 30 ml/min: Kontraindiceret.SitagliptinGFR 30-45 ml/min: Højst 50 mg 1 gang dgl.GFR < 30 ml/min: Højst 25 mg 1 gang dgl.",True,False
page_10375.html,https://pro.medicin.dk/Medicin/Praeparater/10375#a102,A02BC01,NA,NA,NA,NA,NA,NA,NA,NA,NA,False,False
page_10377.html,https://pro.medicin.dk/Medicin/Praeparater/10377#a102,L01FX20,<30 ml/min.,[0],[29],NA,NA,NA,forsigtighed,erfaring savnes,Dosisjustering er ikke nødvendig ved let til moderat nedsat nyrefunktion. Der er begrænsede data ved GFR < 30 ml/min.,True,False
page_10378.html,https://pro.medicin.dk/Medicin/Praeparater/10378#a102,N02AA05,<10 ml/min.; 10-50 ml/min.,"[0, 10]","[9, 50]",NA; NA,"['NA', 'NA']","['NA', 'NA']",forsigtighed; forsigtighed,dosisjustering; dosisjustering,"50% reduktion af normaldosis. Lav startdosis, fx 10 mg oralt. Individuel titrering til smertekontrol.; 25 % reduktion af normaldosis.",True,False
page_10379.html,https://pro.medicin.dk/Medicin/Praeparater/10379#a102,C08DA01,NA,NA,NA,NA,NA,NA,NA,NA,NA,False,False
page_10380.html,https://pro.medicin.dk/Medicin/Praeparater/10380#a102,J05AB06,<70 ml/min.,[0],[69],"Voksne og børn > 12 årGFR (ml/min.)Initial dosisVedligeholdelsesdosis50-692,5 mg/kg hver 12. time2,5 mg/kg/døgn25-492,5 mg/kg/døgn1,25 mg/kg/døgn10-241,25 mg/kg/døgn0,625 mg/kg/døgn< 101,25 mg/kg 3 gange ugentlig*0,625 mg/kg 3 gange ugentlig** efter hæmodialyse",,,forsigtighed,dosisjustering,"50-69: 2,5 mg/kg hver 12. time: 2,5 mg/kg/døgn; 25-49: 2,5 mg/kg/døgn: 1,25 mg/kg/døgn; 10-24: 1,25 mg/kg/døgn: 0,625 mg/kg/døgn; < 10: 1,25 mg/kg 3 gange ugentlig*: 0,625 mg/kg 3 gange ugentlig*; * efter hæmodialyse: * efter hæmodialyse",True,True
page_10381.html,https://pro.medicin.dk/Medicin/Praeparater/10381#a102,A03BA01,NA,NA,NA,NA,NA,NA,NA,NA,NA,False,False
page_10383.html,https://pro.medicin.dk/Medicin/Praeparater/10383#a102,P03AC04,NA,NA,NA,NA,NA,NA,NA,NA,NA,False,False
page_10384.html,https://pro.medicin.dk/Medicin/Praeparater/10384#a102,S01EE51,NA,NA,NA,NA,NA,NA,NA,NA,NA,False,False
page_10386.html,https://pro.medicin.dk/Medicin/Praeparater/10386#a102,L04AF07,NA,NA,NA,NA,NA,NA,NA,NA,NA,False,False
page_10389.html,https://pro.medicin.dk/Medicin/Praeparater/10389#a102,A10BD07,<30 ml/min.; 30-45 ml/min.,"[0, 30]","[29, 45]",NA; ≥18 år,"['NA', 18]","['NA', 150]",kontraindiceret; forsigtighed,NA; dosisjustering,"Kontraindiceret pga. metformin.Mulige alternativer, se Type 2-diabetes.; Højst 1 tablet (50 mg sitagliptin og op til 1.000 mg metformin) 1 gang dgl.For enkeltstofferne gælder:MetforminGFR 30-45 ml/min: Højst 1 g dgl.GFR < 30 ml/min: Kontraindiceret.SitagliptinGFR 30-45 ml/min: Højst 50 mg 1 gang dgl.GFR < 30 ml/min: Højst 25 mg 1 gang dgl.",True,False
page_10390.html,https://pro.medicin.dk/Medicin/Praeparater/10390#a102,C03CA01,NA,NA,NA,NA,NA,NA,NA,NA,NA,False,False
page_10391.html,https://pro.medicin.dk/Medicin/Praeparater/10391#a102,H04AA01,NA,NA,NA,NA,NA,NA,NA,NA,NA,False,False
page_10392.html,https://pro.medicin.dk/Medicin/Praeparater/10392#a102,L04AX04,<30 ml/min.; 30-60 ml/min.,"[0, 30]","[29, 60]",NA; NA,"['NA', 'NA']","['NA', 'NA']",forsigtighed; forsigtighed,dosisjustering; dosisjustering,"Follikulært lymfom:Ingen data.Mantlecellelymfom: 7,5 mg/dag. Dialysepatienter: 5 mg/dag. På dialysedage gives dosis efter dialysen.Myelomatose: 7,5 mg/dag.Dialysepatienter: 5 mg/dag. På dialysedage gives dosis efter dialysen.Myelodysplastisk syndrom:Startdosis. 2, 5 mg 1 gang dgl. på dag 1-21 af gentagne 28-dages cykli.Dialysepatienter: På dialysedage gives dosis efter dialysen.Dosisjustering under behandlingen ud fra de hæmatologiske bivirkninger - se produktresumé fra EMA.; Follikulært lymfom:10 mg/dag. Efter 2 cykli kan dosis evt. øges til 15 mg 1 gang dgl.GFR 30-50 ml/min:Mantlecellelymfom: 10 mg/dag. Efter 2 cykli kan dosis evt. øges til 15 mg 1 gang dgl.Myelomatose: 10 mg/dag. dag 1-21 af hver 28-dages cyklus. Efter 2 cykli kan dosis evt. øges til 15 mg 1 gang dgl.Myelodysplastisk syndrom:Startdosis. 5 mg 1 gang dgl. på dag 1 til 21 af gentagne 28-dages cykli.Dosisjustering under behandlingen ud fra de hæmatologiske bivirkninger - se produktresumé fra EMA.",True,False
page_10393.html,https://pro.medicin.dk/Medicin/Praeparater/10393#a102,S01GX08,NA,NA,NA,NA,NA,NA,NA,NA,NA,False,False
page_10395.html,https://pro.medicin.dk/Medicin/Praeparater/10395#a102,J01CR02,<10 ml/min.,[0],[9],NA,NA,NA,forsigtighed,dosisjustering,"Højst 500 mg/125 mg 3 gange dgl.Ved behandling i kortere tid, op til 1 uge, er der ikke behov for dosisreduktion.",True,False
page_10396.html,https://pro.medicin.dk/Medicin/Praeparater/10396#a102,C01CA17,<30 ml/min.,[0],[29],NA,NA,NA,kontraindiceret,erfaring savnes,Kontraindiceret pga. manglende data.,True,False
page_10397.html,https://pro.medicin.dk/Medicin/Praeparater/10397#a102,J01FA06,NA,NA,NA,NA,NA,NA,NA,NA,NA,False,False
page_10398.html,https://pro.medicin.dk/Medicin/Praeparater/10398#a102,L02BA03,30-60 ml/min.; <30 ml/min.,"[30, 0]","[60, 29]",NA; NA,"['NA', 'NA']","['NA', 'NA']",forsigtighed; forsigtighed,hjælpestoffer; erfaring savnes,"Indeholder benzylalkoholder skal bruges med forsigtighed ved nedsat nyre- og leverfunktion. Læs mereher.; Erfaring savnes ved GFR < 30 ml/min. Der findes ingen data, og forsigtighed tilrådes.Indeholder benzylalkoholder skal bruges med forsigtighed ved nedsat nyre- og leverfunktion. Læs mereher.",True,False
page_10399.html,https://pro.medicin.dk/Medicin/Praeparater/10399#a102,N04BA02,NA,NA,NA,NA,NA,NA,NA,NA,NA,False,False
page_10400.html,https://pro.medicin.dk/Medicin/Praeparater/10400#a102,L04AX04,<30 ml/min.; 30-60 ml/min.,"[0, 30]","[29, 60]",NA; NA,"['NA', 'NA']","['NA', 'NA']",forsigtighed; forsigtighed,dosisjustering; dosisjustering,"Follikulært lymfom:Ingen data.Mantlecellelymfom: 7,5 mg/dag. Dialysepatienter: 5 mg/dag. På dialysedage gives dosis efter dialysen.Myelomatose: 7,5 mg/dag.Dialysepatienter: 5 mg/dag. På dialysedage gives dosis efter dialysen.Myelodysplastisk syndrom:Startdosis. 2, 5 mg 1 gang dgl. på dag 1-21 af gentagne 28-dages cykli.Dialysepatienter: På dialysedage gives dosis efter dialysen.Dosisjustering under behandlingen ud fra de hæmatologiske bivirkninger - se produktresumé fra EMA.; Follikulært lymfom:10 mg/dag. Efter 2 cykli kan dosis evt. øges til 15 mg 1 gang dgl.GFR 30-50 ml/min:Mantlecellelymfom: 10 mg/dag. Efter 2 cykli kan dosis evt. øges til 15 mg 1 gang dgl.Myelomatose: 10 mg/dag. dag 1-21 af hver 28-dages cyklus. Efter 2 cykli kan dosis evt. øges til 15 mg 1 gang dgl.Myelodysplastisk syndrom:Startdosis. 5 mg 1 gang dgl. på dag 1 til 21 af gentagne 28-dages cykli.Dosisjustering under behandlingen ud fra de hæmatologiske bivirkninger - se produktresumé fra EMA.",True,False
page_10403.html,https://pro.medicin.dk/Medicin/Praeparater/10403#a102,V04CX03,NA,NA,NA,NA,NA,NA,NA,NA,NA,False,False
page_10404.html,https://pro.medicin.dk/Medicin/Praeparater/10404#a102,N05AL05,<10 ml/min.; 10-30 ml/min.; 30-60 ml/min.,"[0, 10, 30]","[9, 30, 60]",≥17 år; ≥17 år; ≥17 år,"[17, 17, 17]","[150, 150, 150]",forsigtighed; forsigtighed; forsigtighed,dosisjustering; dosisjustering; dosisjustering,Lav initialdosis. Optitrer til højst 200 mg dgl. under forsigtighed.; Dosisjustering til 33 % af normaldosis. Højst 200 mg 2 gange dgl.; Dosisjustering til 50% af normaldosis. Højst 300 mg 2 gange dgl.,True,False
page_10405.html,https://pro.medicin.dk/Medicin/Praeparater/10405#a102,N07XX18,<30 ml/min.,[0],[29],NA,NA,NA,forsigtighed,ingen eller begrænset erfaring,Dosisjustering er ikke nødvendig ved let til moderat nedsat nyrefunktion. Der findes ingen data ved GFR < 30 ml/min.,True,False
page_10407.html,https://pro.medicin.dk/Medicin/Praeparater/10407#a102,A10BK01,<25 ml/min.; 25-45 ml/min.,"[0, 25]","[24, 45]",NA; NA,"['NA', 'NA']","['NA', 'NA']",forsigtighed; forsigtighed,betinget; betinget,Behandling af type 2-diabetesBehandling bør ikke initieres som antidiabetikum.Igangværende behandling kan fortsætte med uændret dosis pga. nyrebeskyttende effekt indtil dialyse eller transplantation.Yderligere glucosesænkende behandling bør overvejes.Behandling af kronisk nyresygdom (CKD) eller hjerteinsufficiensBehandling bør ikke initieres.Igangværende behandling kan fortsætte med uændret dosering pga. nyrebeskyttende effekt indtil dialyse eller transplantation.; Behandling af type 2-diabetes:Uændret dosering.Yderligere glucosesænkende behandling bør overvejes.,True,False
page_10408.html,https://pro.medicin.dk/Medicin/Praeparater/10408#a102,L04AJ04,NA,NA,NA,NA,NA,NA,NA,NA,NA,False,False
page_10410.html,https://pro.medicin.dk/Medicin/Praeparater/10410#a102,M04AC01,<30 ml/min.; <30 ml/min.,"[0, 0]","[29, 29]",2-17 år,[2],[17],forsigtighed,dosisjustering,Anfald af artritis urica og anfaldsprofylakse: Anvendes ikke til børn; Forebyggelse af middelhavsfeber: Lav initialdosis og forsigtig optitrering til 1 mg dgl.: Lav initialdosis og forsigtig optitrering til 1 mg dgl.,True,True
page_10411.html,https://pro.medicin.dk/Medicin/Praeparater/10411#a102,D07AA02,NA,NA,NA,NA,NA,NA,NA,NA,NA,False,False
page_10412.html,https://pro.medicin.dk/Medicin/Praeparater/10412#a102,N02AX02,<10 ml/min.; 10-20 ml/min.,"[0, 10]","[9, 20]",≥12 år; ≥12 år,"[12, 12]","[150, 150]",forsigtighed; forsigtighed,dosisjustering; dosisjustering,Højst 50 mg 2 gange dgl.; Højst 100 mg 2 gange dgl.,True,False
page_10413.html,https://pro.medicin.dk/Medicin/Praeparater/10413#a102,C09AA02,<10 ml/min.; 10-30 ml/min.,"[0, 10]","[9, 30]",≥16 år; ≥16 år,"[16, 16]","[150, 150]",forsigtighed; forsigtighed,dosisjustering; dosisjustering,"Initialdosis 2,5 mg. Højst 10 mg dgl. Rutinemæssig monitorering af P-kalium og P-kreatinin.  Ved opstart accepteres et fald i eGFR på op til 30 %.; Initialdosis 2,5 mg dgl. Højst 20 mg dgl. Rutinemæssig monitorering af P-kalium og P-kreatinin.  Ved opstart accepteres et fald i eGFR på op til 30 %.",True,False
page_10414.html,https://pro.medicin.dk/Medicin/Praeparater/10414#a102,N05BA01,NA,NA,NA,NA,NA,NA,NA,NA,NA,False,False
page_10415.html,https://pro.medicin.dk/Medicin/Praeparater/10415#a102,R03BA05,NA,NA,NA,NA,NA,NA,NA,NA,NA,False,False
page_10417.html,https://pro.medicin.dk/Medicin/Praeparater/10417#a102,B01AC07,NA,NA,NA,NA,NA,NA,NA,NA,NA,False,False
page_10418.html,https://pro.medicin.dk/Medicin/Praeparater/10418#a102,N02AX06,<30 ml/min.,[0],[29],NA,NA,NA,forsigtighed,erfaring savnes,"Bør ikke anvendes pga. manglende erfaring.Mulige alternativer, se Opioider (analgetika).",True,False
page_10419.html,https://pro.medicin.dk/Medicin/Praeparater/10419#a102,R03AK06,NA,NA,NA,NA,NA,NA,NA,NA,NA,False,False
page_10420.html,https://pro.medicin.dk/Medicin/Praeparater/10420#a102,R03AK06,NA,NA,NA,NA,NA,NA,NA,NA,NA,False,False
page_10421.html,https://pro.medicin.dk/Medicin/Praeparater/10421#a102,A16AX07,NA,NA,NA,NA,NA,NA,NA,NA,NA,False,False
page_10422.html,https://pro.medicin.dk/Medicin/Praeparater/10422#a102,G04BD11,<30 ml/min.,[0],[29],≥18 år,[18],[150],forsigtighed,dosisjustering,Højst 4 mg 1 gang dgl. Samtidig brug af potente CYP3A4-hæmmere er kontraindiceret.,True,False
page_10423.html,https://pro.medicin.dk/Medicin/Praeparater/10423#a102,L01BC07,NA,NA,NA,NA,NA,NA,NA,NA,NA,False,False
page_10424.html,https://pro.medicin.dk/Medicin/Praeparater/10424#a102,L01XG01,<20 ml/min.,[0],[19],NA,NA,NA,forsigtighed,erfaring savnes,Dosisjustering er ikke nødvendig ved GFR > 20 ml/min. Der findes ingen data ved GFR < 20 ml/min.,True,False
page_10426.html,https://pro.medicin.dk/Medicin/Praeparater/10426#a102,L02BX04,<15 ml/min.,[0],[14],NA,NA,NA,forsigtighed,NA,"Eksponering for relugolix øges med op til faktor 2,0 ved svært nedsat nyrefunktion. Monitorering af bivirkninger anbefales.",True,False
page_10427.html,https://pro.medicin.dk/Medicin/Praeparater/10427#a102,N05CH01,<60 ml/min.,[0],[59],NA,NA,NA,forsigtighed,erfaring savnes,Forsigtighed ved nedsat nyrefunktion pga. manglende erfaring. Anbefales ikke ved stærkt nedsat nyrefunktion. Ingen tegn på akkumulering ved stabil hæmodialyse.,True,False
page_10428.html,https://pro.medicin.dk/Medicin/Praeparater/10428#a102,N06DA03,NA,NA,NA,NA,NA,NA,NA,NA,NA,False,False
page_10429.html,https://pro.medicin.dk/Medicin/Praeparater/10429#a102,S01HA02,NA,NA,NA,NA,NA,NA,NA,NA,NA,False,False
page_10431.html,https://pro.medicin.dk/Medicin/Praeparater/10431#a102,J05AD01,<60 ml/min.; <10 ml/min.; 10-20 ml/min.; 20-50 ml/min.,"[0, 0, 10, 20]","[59, 9, 20, 50]","Bør anvendes med forsigtighed vednedsat nyrefunktion. Serumkreatinin skal monitoreres hver 2. dag under induktionsbehandling og én gang ugentligt under vedligeholdelsesbehandling og dosisjustering skal foretages afhængig af nyrefunktionen.Dosering ved nedsat nyrefunktionDoseringsplan ved nedsat nyrefunktion tilindledende behandling ved CMV-infektion:Dosis foscarnet (mg/kg BW)Kreatinin-clearance(ml/min/kg legemsvægt)90 mg/kg legemsvægt (infusionsvarighed:Min. 2 timer)I intervaller på:60 mg/kg legemsvægt (infusionsvarighed:Min. 1 time)I intervaller på:> 1,49012 timer608 timer1,4 ≥ - > 17012 timer458 timer1 ≥ - > 0,85012 timer358 timer0,8 ≥ - > 0,68024 timer4012 timer0,6 ≥ - > 0,56024 timer3012 timer0,5 ≥ - ≥ 0,45024 timer2512 timer< 0,4Behandling anbefales ikke.Doseringsplan ved nedsat nyrefunktion tilvedligeholdelsesbehandling ved CMV-infektion:Dosis foscarnet (mg/kg BW)Kreatinin-clearance (ml/min/kg legemsvægt)90 mg/kg legemsvægt(infusionsvarighed:Min. 2 timer)I intervaller på:120 mg/kg legemsvægt(infusionsvarighed:min. 2 timer)I intervaller på:> 1,49024 timer12024 timer1,4 ≥ - > 17024 timer9024 timer1 ≥ - > 0,85024 timer6524 timer0,8 ≥ - > 0,68048 timer10548 timer0,6 ≥ - > 0,56048 timer8048 timer0,5 ≥ - ≥ 0,45048 timer6548 timer< 0,4Behandling anbefales ikke.Doseringsplan ved nedsat nyrefunktion ved behandling af herpes-infektion:Dosis foscarnet (mg/kg BW)Kreatininclearance(ml/min/kg legemsvægt)40 mg/kg legemsvægt(infusionensvarighed:min. 1 time)I intervaller på:> 1,4408 timer1,4 ≥ - > 1308 timer1 ≥ - > 0,8208 timer0,8 ≥ - > 0,62512 timer0,6 ≥ - > 0,52012 timer0,5 ≥ - ≥ 0,41512 timer< 0,4Behandling anbefales ikke.; ≥18 år; ≥18 år; ≥18 år","[18, 18, 18]","[150, 150, 150]",forsigtighed; forsigtighed; forsigtighed; forsigtighed,monitorering; dosisjustering; dosisjustering; dosisjustering,"Kreatinin-clearance(ml/min/kg legemsvægt): 90 mg/kg legemsvægt (infusionsvarighed:Min. 2 timer): I intervaller på:: 60 mg/kg legemsvægt (infusionsvarighed:Min. 1 time): I intervaller på:; > 1,4: 90: 12 timer: 60: 8 timer; 1,4 ≥ - > 1: 70: 12 timer: 45: 8 timer; 1 ≥ - > 0,8: 50: 12 timer: 35: 8 timer; 0,8 ≥ - > 0,6: 80: 24 timer: 40: 12 timer; 0,6 ≥ - > 0,5: 60: 24 timer: 30: 12 timer; 0,5 ≥ - ≥ 0,4: 50: 24 timer: 25: 12 timer; < 0,4: Behandling anbefales ikke.: Behandling anbefales ikke.; Højst 18 mg pr. kg legemsvægt dgl.; Højst 45 mg pr. kg legemsvægt dgl.; Højst 84 mg pr. legemsvægt dgl.",True,True
page_10432.html,https://pro.medicin.dk/Medicin/Praeparater/10432#a102,L04AJ01,NA,NA,NA,NA,NA,NA,NA,NA,NA,False,False
page_10433.html,https://pro.medicin.dk/Medicin/Praeparater/10433#a102,J07AJ52,NA,NA,NA,NA,NA,NA,NA,NA,NA,False,False
page_10434.html,https://pro.medicin.dk/Medicin/Praeparater/10434#a102,A04AA01,NA,NA,NA,NA,NA,NA,NA,NA,NA,False,False
page_10436.html,https://pro.medicin.dk/Medicin/Praeparater/10436#a102,A16AB20,NA,NA,NA,NA,NA,NA,NA,NA,NA,False,False
page_10437.html,https://pro.medicin.dk/Medicin/Praeparater/10437#a102,S03CA04,NA,NA,NA,NA,NA,NA,NA,NA,NA,False,False
page_10439.html,https://pro.medicin.dk/Medicin/Praeparater/10439#a102,N03AX09,NA,NA,NA,NA,NA,NA,NA,NA,"Kronisk nyresvigt påvirker ikke plasmakoncentrationen af lamotrigin, men der kan forventes akkumulering af glucuronidmetabolitten. Ved patienter med nyresvigt i slutstadiet skal initialdosis baseres på de lægemidler, som patienten tager samtidigt, og lavere vedligeholdelsesdoser kan være effektive.",True,False
page_10440.html,https://pro.medicin.dk/Medicin/Praeparater/10440#a102,N05AH02,<10 ml/min.; 10-50 ml/min.,"[0, 10]","[9, 50]",NA; NA,"['NA', 'NA']","['NA', 'NA']",forsigtighed; forsigtighed,dosisjustering; dosisjustering,Dosisreduktion kan være nødvendig ved signifikant nedsat nyrefunktion(5918). Ved GFR < 10 ml/min. bør behandlingen initieres med lavest anbefalede dosis og langsom op-titrering anbefales(5273). Angivet som kontraindiceret ved svære nyreforstyrrelser i produktresume.; Dosisreduktion kan være nødvendig ved signifikant nedsat nyrefunktion(5918). Angivet som kontraindiceret ved svære nyreforstyrrelser i produktresume.,True,False
page_10441.html,https://pro.medicin.dk/Medicin/Praeparater/10441#a102,G04CA53,<30 ml/min.,[0],[29],NA,NA,NA,forsigtighed,betinget,Forsigtighed tilrådes.Samtidig brug af potente CYP3A4-hæmmere er kontraindiceret.Kontraindiceret i forbindelse med hæmodialyse pga. manglende data.,True,False
page_10443.html,https://pro.medicin.dk/Medicin/Praeparater/10443#a102,J07BX05,NA,NA,NA,NA,NA,NA,NA,NA,NA,False,False
page_10444.html,https://pro.medicin.dk/Medicin/Praeparater/10444#a102,V03AB35,<30 ml/min.,[0],[29],NA,NA,NA,forsigtighed,ingen eller begrænset erfaring,Bør ikke anvendes ved stærkt nedsat nyrefunktion (inkl. dialyse) pga. begrænset erfaring.,True,False
page_10445.html,https://pro.medicin.dk/Medicin/Praeparater/10445#a102,R06AX29,NA,NA,NA,NA,NA,NA,NA,NA,NA,False,False
page_10446.html,https://pro.medicin.dk/Medicin/Praeparater/10446#a102,S01JA01,NA,NA,NA,NA,NA,NA,NA,NA,NA,False,False
page_10447.html,https://pro.medicin.dk/Medicin/Praeparater/10447#a102,S01LA04,NA,NA,NA,NA,NA,NA,NA,NA,NA,False,False
page_10448.html,https://pro.medicin.dk/Medicin/Praeparater/10448#a102,J05AB01,<10 ml/min.; <10 ml/min.; <10 ml/min.,"[0, 0, 0]","[9, 9, 9]",2-6 år,[2],[6],forsigtighed,dosisjustering,Behandling af herpes: 200 mg hver 12. time; Forebyggelse af herpes: 200 mg hver 12. time; Herpes zoster og variceller: 200 mg 1 gang dgl.: 200 mg 1 gang dgl.,True,True
page_10450.html,https://pro.medicin.dk/Medicin/Praeparater/10450#a102,V03AB21,NA,NA,NA,NA,NA,NA,NA,NA,NA,False,False
page_10451.html,https://pro.medicin.dk/Medicin/Praeparater/10451#a102,G04CA53,<30 ml/min.,[0],[29],NA,NA,NA,forsigtighed,betinget,Forsigtighed tilrådes.Samtidig brug af potente CYP3A4-hæmmere er kontraindiceret.Kontraindiceret i forbindelse med hæmodialyse pga. manglende data.,True,False
page_10452.html,https://pro.medicin.dk/Medicin/Praeparater/10452#a102,G03AC09,NA,NA,NA,NA,NA,NA,NA,NA,NA,False,False
page_10453.html,https://pro.medicin.dk/Medicin/Praeparater/10453#a102,J01FA06,NA,NA,NA,NA,NA,NA,NA,NA,NA,False,False
page_10454.html,https://pro.medicin.dk/Medicin/Praeparater/10454#a102,C09DA01,<30 ml/min.,[0],[29],NA,NA,NA,forsigtighed,monitorering,Rutinemæssig monitorering af P-kalium og P-kreatinin.,True,False
page_10455.html,https://pro.medicin.dk/Medicin/Praeparater/10455#a102,J07AJ52,NA,NA,NA,NA,NA,NA,NA,NA,NA,False,False
page_10456.html,https://pro.medicin.dk/Medicin/Praeparater/10456#a102,C01CA03,NA,NA,NA,NA,NA,NA,NA,NA,NA,False,False
page_10458.html,https://pro.medicin.dk/Medicin/Praeparater/10458#a102,N02AB02,<10 ml/min.; 10-20 ml/min.,"[0, 10]","[9, 20]",NA; NA,"['NA', 'NA']","['NA', 'NA']",forsigtighed; forsigtighed,dosisjustering; dosisjustering,Dosis skal nedsættes med 50 % og doseringsinterval skal være minimum 8 timer.; Dosis skal nedsættes med 25 % og doseringsinterval skal være minimum 6 timer.,True,False
page_10460.html,https://pro.medicin.dk/Medicin/Praeparater/10460#a102,L01XK52,<30 ml/min.,[0],[29],NA,NA,NA,forsigtighed,erfaring savnes,"Dosisjustering er ikke nødvendig ved let til moderat nedsat nyrefunktion. Erfaring savnes ved GFR < 30 ml/min. Der findes ingen data, og forsigtighed tilrådes.",True,False
page_10462.html,https://pro.medicin.dk/Medicin/Praeparater/10462#a102,A02BC01,NA,NA,NA,NA,NA,NA,NA,NA,NA,False,False
page_10464.html,https://pro.medicin.dk/Medicin/Praeparater/10464#a102,L01FX28,<30 ml/min.,[0],[29],NA,NA,NA,forsigtighed,ingen eller begrænset erfaring,Ingen data for doseringsanbefalinger ved stærkt nedsat nyrefunktion.,True,False
page_10465.html,https://pro.medicin.dk/Medicin/Praeparater/10465#a102,N02AX06,<30 ml/min.,[0],[29],NA,NA,NA,forsigtighed,erfaring savnes,"Bør ikke anvendes pga. manglende erfaring.Mulige alternativer, se Opioider (analgetika).",True,False
page_10466.html,https://pro.medicin.dk/Medicin/Praeparater/10466#a102,D07AC13,NA,NA,NA,NA,NA,NA,NA,NA,NA,False,False
page_10468.html,https://pro.medicin.dk/Medicin/Praeparater/10468#a102,C01EB24,<30 ml/min.,[0],[29],NA,NA,NA,forsigtighed,ingen eller begrænset erfaring,Dosisjustering er ikke nødvendig ved let til moderat nedsat nyrefunktion.Der findes ingen data ved GFR < 30 ml/min.,True,False
page_10469.html,https://pro.medicin.dk/Medicin/Praeparater/10469#a102,N07BA04,<60 ml/min.,[0],[59],NA,NA,NA,forsigtighed,ingen eller begrænset erfaring,,True,False
page_10470.html,https://pro.medicin.dk/Medicin/Praeparater/10470#a102,A07DA03,NA,NA,NA,NA,NA,NA,NA,NA,NA,False,False
page_10472.html,https://pro.medicin.dk/Medicin/Praeparater/10472#a102,N06AX22,<60 ml/min.,[0],[59],NA,NA,NA,forsigtighed,ingen eller begrænset erfaring,Forsigtighed tilrådes ved moderat til stærkt nedsat nyrefunktion.,True,False
page_10474.html,https://pro.medicin.dk/Medicin/Praeparater/10474#a102,L04AX03,<20 ml/min.; 20-50 ml/min.; 20-50 ml/min.,"[0, 20, 20]","[19, 50, 50]",NA; 3-17 år,"['NA', 3]","['NA', 17]",kontraindiceret; forsigtighed,øget bivirkningsrisiko; dosisjustering,"Elimination af methotrexat er nedsat, da det hovedsageligt udskilles gennem nyrerne.; Juvenil reumatoid artritis: 10 mg pr. m2legemsoverflade1 gang om ugen; Akut lymfatisk leukæmi: 20 mg pr. m2legemsoverflade1 gang om ugen: 20 mg pr. m2legemsoverflade1 gang om ugen",True,True
page_10475.html,https://pro.medicin.dk/Medicin/Praeparater/10475#a102,L04AK02,NA,NA,NA,NA,NA,NA,NA,NA,NA,False,False
page_10476.html,https://pro.medicin.dk/Medicin/Praeparater/10476#a102,A02BC01,NA,NA,NA,NA,NA,NA,NA,NA,NA,False,False
page_10478.html,https://pro.medicin.dk/Medicin/Praeparater/10478#a102,A10BA02,<30 ml/min.; 30-45 ml/min.,"[0, 30]","[29, 45]",NA; ≥10 år,"['NA', 10]","['NA', 150]",kontraindiceret; forsigtighed,NA; dosisjustering,"Mulige alternativer, se Type 2-diabetes; Højst 500 mg metformin 2 gange dgl.",True,False
page_10479.html,https://pro.medicin.dk/Medicin/Praeparater/10479#a102,J07BX05,NA,NA,NA,NA,NA,NA,NA,NA,NA,False,False
page_10480.html,https://pro.medicin.dk/Medicin/Praeparater/10480#a102,N02CC01,NA,NA,NA,NA,NA,NA,NA,NA,NA,False,False
page_10481.html,https://pro.medicin.dk/Medicin/Praeparater/10481#a102,L04AK02,NA,NA,NA,NA,NA,NA,NA,NA,NA,False,False
page_10483.html,https://pro.medicin.dk/Medicin/Praeparater/10483#a102,L04AC24,NA,NA,NA,NA,NA,NA,NA,NA,NA,False,False
page_10484.html,https://pro.medicin.dk/Medicin/Praeparater/10484#a102,N05CM18,NA,NA,NA,NA,NA,NA,NA,NA,NA,False,False
page_10486.html,https://pro.medicin.dk/Medicin/Praeparater/10486#a102,N02CX,NA,NA,NA,NA,NA,NA,NA,NA,NA,False,False
page_10487.html,https://pro.medicin.dk/Medicin/Praeparater/10487#a102,J05AX28,<60 ml/min.,[0],[59],NA,NA,NA,forsigtighed,erfaring savnes,"Erfaring savnes. Nyrefunktionen bør overvåges omhyggeligt, da stigning i galdesalte kan forekomme under behandling. Som følge af den renale udskillelse af galdesalte kan en stigning i galdesalte forekomme hos patienter med nedsat nyrefunktion.",True,False
page_10489.html,https://pro.medicin.dk/Medicin/Praeparater/10489#a102,C10AA01,<30 ml/min.,[0],[29],NA,NA,NA,forsigtighed,monitorering,"P-kreatinkinase bør måles før behandlingsstart pga. prædisposition for rhabdomyolyse. Ved P-kreatinkinase > 4 gange øverste normalgrænse bør behandlingen ikke startes.Under behandling:P-kreatininkinase > 10 gange øverste normalgrænse: pauser behandlingen, kontroller nyrefunktionen og monitorer P-kreatininkinase efter to uger.P-kreatininkinase < 10 gange øverste normalgrænse:ingen symptomer, fortsat behandlingen, kontroller P- kreatininkinase indenfor 2-4 uger.P-kreatininkinase < 10 gange øverste normalgrænse:hvis symptomer, pauser statin og afvent normalisering af P-kreatininkinase før genoptagelse med en lavere statin dosis.VedGFR < 30 ml/minbør der udvises forsigtighed ved doser > 10 mg dgl.Læs mere:Statiner",True,False
page_10490.html,https://pro.medicin.dk/Medicin/Praeparater/10490#a102,C09CA07,NA,NA,NA,NA,NA,NA,NA,NA,"GFR: 0-30 ml/min., Anbefalet initialdosis 20 mg dgl., Rutinemæssig monitorering af P-kalium og P-kreatinin.",True,False
page_10492.html,https://pro.medicin.dk/Medicin/Praeparater/10492#a102,L03AA14,NA,NA,NA,NA,NA,NA,NA,NA,NA,False,False
page_10493.html,https://pro.medicin.dk/Medicin/Praeparater/10493#a102,R01AD05,NA,NA,NA,NA,NA,NA,NA,NA,NA,False,False
page_10494.html,https://pro.medicin.dk/Medicin/Praeparater/10494#a102,N05AH02,<10 ml/min.; 10-50 ml/min.,"[0, 10]","[9, 50]",NA; NA,"['NA', 'NA']","['NA', 'NA']",forsigtighed; forsigtighed,dosisjustering; dosisjustering,Dosisreduktion kan være nødvendig ved signifikant nedsat nyrefunktion(5918). Ved GFR < 10 ml/min. bør behandlingen initieres med lavest anbefalede dosis og langsom op-titrering anbefales(5273). Angivet som kontraindiceret ved svære nyreforstyrrelser i produktresume.; Dosisreduktion kan være nødvendig ved signifikant nedsat nyrefunktion(5918). Angivet som kontraindiceret ved svære nyreforstyrrelser i produktresume.,True,False
page_10495.html,https://pro.medicin.dk/Medicin/Praeparater/10495#a102,J01AA12,NA,NA,NA,NA,NA,NA,NA,NA,NA,False,False
page_10496.html,https://pro.medicin.dk/Medicin/Praeparater/10496#a102,L01EX02,NA,NA,NA,NA,NA,NA,NA,NA,NA,False,False
page_10498.html,https://pro.medicin.dk/Medicin/Praeparater/10498#a102,L01XX62,<30 ml/min.,[0],[29],NA,NA,NA,forsigtighed,ingen eller begrænset erfaring,Ingen data for doseringsanbefalinger ved stærkt nedsat nyrefunktion.,True,False
page_10500.html,https://pro.medicin.dk/Medicin/Praeparater/10500#a102,L01FX29,<30 ml/min.,[0],[29],NA,NA,NA,forsigtighed,ingen eller begrænset erfaring,Ingen data for doseringsanbefalinger ved stærkt nedsat nyrefunktion.,True,False
page_10501.html,https://pro.medicin.dk/Medicin/Praeparater/10501#a102,L04AX07,NA,NA,NA,NA,NA,NA,NA,NA,NA,False,False
page_10503.html,https://pro.medicin.dk/Medicin/Praeparater/10503#a102,L01FX27,<30 ml/min.,[0],[29],NA,NA,NA,forsigtighed,ingen eller begrænset erfaring,Ingen data for doseringsanbefalinger ved stærkt nedsat nyrefunktion.,True,False
page_10504.html,https://pro.medicin.dk/Medicin/Praeparater/10504#a102,N02CC03,<15 ml/min.,[0],[14],NA,NA,NA,kontraindiceret,NA,"Mulige alternativer, se Triptaner.",True,False
page_10505.html,https://pro.medicin.dk/Medicin/Praeparater/10505#a102,N02CD07,<30 ml/min.,[0],[29],NA,NA,NA,forsigtighed,dosisjustering,Højst 10 mg 1 gang dgl.For patienter i dialyse skal atogepant fortrinsvis tages efter dialyse.,True,False
page_10507.html,https://pro.medicin.dk/Medicin/Praeparater/10507#a102,N05AD08,<60 ml/min.,[0],[59],≥17 år,[17],[150],forsigtighed,dosisjustering,"Højst 0,625 mg i.v. hver 6. time.",True,False
page_10508.html,https://pro.medicin.dk/Medicin/Praeparater/10508#a102,C03CA01,NA,NA,NA,NA,NA,NA,NA,NA,NA,False,False
page_10509.html,https://pro.medicin.dk/Medicin/Praeparater/10509#a102,N06AX22,<60 ml/min.,[0],[59],NA,NA,NA,forsigtighed,ingen eller begrænset erfaring,Forsigtighed tilrådes ved moderat til stærkt nedsat nyrefunktion.,True,False
page_10510.html,https://pro.medicin.dk/Medicin/Praeparater/10510#a102,C02AC05,<60 ml/min.,[0],[59],≥16 år,[16],[150],forsigtighed,dosisjustering,"Højst 0,2 mg 2 gange dgl.",True,False
page_10511.html,https://pro.medicin.dk/Medicin/Praeparater/10511#a102,C09BA03,<30 ml/min.,[0],[29],NA,NA,NA,forsigtighed,monitorering,Kombinationspræparatet bør kun anvendes efter dosistitrering med lisinopril og hydrochlorthiazid.Rutinemæssig monitorering af P-kalium og P-kreatinin.,True,False
page_10513.html,https://pro.medicin.dk/Medicin/Praeparater/10513#a102,R06AA59,NA,NA,NA,NA,NA,NA,NA,NA,NA,False,False
page_10514.html,https://pro.medicin.dk/Medicin/Praeparater/10514#a102,B01AE07,<30 ml/min.; 30-50 ml/min.; 30-50 ml/min.,"[0, 30, 30]","[29, 50, 50]",NA; 18-75 år,"['NA', 18]","['NA', 75]",kontraindiceret; forsigtighed,øget bivirkningsrisiko; dosisjustering,Kontraindiceret pga. øget eksponering (AUC ca. 6 gange højere) og øget halveringstid (ca. 2 gange længere) end ved normal nyrefunktion.; Forebyggelse af tromboemboli ved knæ- og hoftealloplastik: 150 mg 1 gang dgl.; Behandling og forebyggelse af DVT og LEForebyggelse af emboli ved atrieflimren: Individuel afvejning af tromboembolisk risiko og risiko for blødning:Højst 150 mg x 2 eller 110 mg x 2 dgl.: Individuel afvejning af tromboembolisk risiko og risiko for blødning:Højst 150 mg x 2 eller 110 mg x 2 dgl.,True,True
page_10515.html,https://pro.medicin.dk/Medicin/Praeparater/10515#a102,B01AE07,<30 ml/min.; 30-50 ml/min.; 30-50 ml/min.,"[0, 30, 30]","[29, 50, 50]",NA; 18-75 år,"['NA', 18]","['NA', 75]",kontraindiceret; forsigtighed,øget bivirkningsrisiko; dosisjustering,Kontraindiceret pga. øget eksponering (AUC ca. 6 gange højere) og øget halveringstid (ca. 2 gange længere) end ved normal nyrefunktion.; Forebyggelse af tromboemboli ved knæ- og hoftealloplastik: 150 mg 1 gang dgl.; Behandling og forebyggelse af DVT og LEForebyggelse af emboli ved atrieflimren: Individuel afvejning af tromboembolisk risiko og risiko for blødning:Højst 150 mg x 2 eller 110 mg x 2 dgl.: Individuel afvejning af tromboembolisk risiko og risiko for blødning:Højst 150 mg x 2 eller 110 mg x 2 dgl.,True,True
page_10516.html,https://pro.medicin.dk/Medicin/Praeparater/10516#a102,N05AH02,<10 ml/min.; 10-50 ml/min.,"[0, 10]","[9, 50]",NA; NA,"['NA', 'NA']","['NA', 'NA']",forsigtighed; forsigtighed,dosisjustering; dosisjustering,Dosisreduktion kan være nødvendig ved signifikant nedsat nyrefunktion(5918). Ved GFR < 10 ml/min. bør behandlingen initieres med lavest anbefalede dosis og langsom op-titrering anbefales(5273). Angivet som kontraindiceret ved svære nyreforstyrrelser i produktresume.; Dosisreduktion kan være nødvendig ved signifikant nedsat nyrefunktion(5918). Angivet som kontraindiceret ved svære nyreforstyrrelser i produktresume.,True,False
page_10517.html,https://pro.medicin.dk/Medicin/Praeparater/10517#a102,M01AE02,30-60 ml/min.; <30 ml/min.,"[30, 0]","[60, 29]",NA; NA,"['NA', 'NA']","['NA', 'NA']",forsigtighed; kontraindiceret,monitorering; øget bivirkningsrisiko,Prostaglandiner har betydning for opretholdelse af normal nyregennemblødning. NSAID's hæmning af prostaglandinsyntesen kan derfor forårsage nedsat nyregennemblødning og dermed forværret nyrefunktion. Tæt monitorering af nyrefunktionen tilrådes.; Prostaglandiner har betydning for opretholdelse af normal nyregennemblødning. NSAID's hæmning af prostaglandinsyntesen kan derfor forårsage nedsat nyregennemblødning og dermed forværret nyrefunktion.,True,False
page_10518.html,https://pro.medicin.dk/Medicin/Praeparater/10518#a102,G03CC06,NA,NA,NA,NA,NA,NA,NA,NA,NA,False,False
page_10520.html,https://pro.medicin.dk/Medicin/Praeparater/10520#a102,D10AF51,NA,NA,NA,NA,NA,NA,NA,NA,NA,False,False
page_10521.html,https://pro.medicin.dk/Medicin/Praeparater/10521#a102,L04AX04,<30 ml/min.; 30-60 ml/min.,"[0, 30]","[29, 60]",NA; NA,"['NA', 'NA']","['NA', 'NA']",forsigtighed; forsigtighed,dosisjustering; dosisjustering,"Follikulært lymfom:Ingen data.Mantlecellelymfom: 7,5 mg/dag. Dialysepatienter: 5 mg/dag. På dialysedage gives dosis efter dialysen.Myelomatose: 7,5 mg/dag.Dialysepatienter: 5 mg/dag. På dialysedage gives dosis efter dialysen.Myelodysplastisk syndrom:Startdosis. 2, 5 mg 1 gang dgl. på dag 1-21 af gentagne 28-dages cykli.Dialysepatienter: På dialysedage gives dosis efter dialysen.Dosisjustering under behandlingen ud fra de hæmatologiske bivirkninger - se produktresumé fra EMA.; Follikulært lymfom:10 mg/dag. Efter 2 cykli kan dosis evt. øges til 15 mg 1 gang dgl.GFR 30-50 ml/min:Mantlecellelymfom: 10 mg/dag. Efter 2 cykli kan dosis evt. øges til 15 mg 1 gang dgl.Myelomatose: 10 mg/dag. dag 1-21 af hver 28-dages cyklus. Efter 2 cykli kan dosis evt. øges til 15 mg 1 gang dgl.Myelodysplastisk syndrom:Startdosis. 5 mg 1 gang dgl. på dag 1 til 21 af gentagne 28-dages cykli.Dosisjustering under behandlingen ud fra de hæmatologiske bivirkninger - se produktresumé fra EMA.",True,False
page_10522.html,https://pro.medicin.dk/Medicin/Praeparater/10522#a102,C08CA13,30-60 ml/min.; <30 ml/min.,"[30, 0]","[60, 29]",NA; NA,"['NA', 'NA']","['NA', 'NA']",forsigtighed; kontraindiceret,øget bivirkningsrisiko; øget bivirkningsrisiko,Lav initialdosis. Forsigtighed ved dosisøgning.; ,True,False
page_10523.html,https://pro.medicin.dk/Medicin/Praeparater/10523#a102,C08CA01,NA,NA,NA,NA,NA,NA,NA,NA,NA,False,False
page_10525.html,https://pro.medicin.dk/Medicin/Praeparater/10525#a102,C07AB07,<15 ml/min.,[0],[14],≥17 år,[17],[150],forsigtighed,dosisjustering,Højst 10 mg dgl.,True,False
page_10526.html,https://pro.medicin.dk/Medicin/Praeparater/10526#a102,S01BA01,NA,NA,NA,NA,NA,NA,NA,NA,NA,False,False
page_10528.html,https://pro.medicin.dk/Medicin/Praeparater/10528#a102,L01XX02,<60 ml/min.,[0],[59],NA,NA,NA,forsigtighed,erfaring savnes,Der er utilstrækkelige data til at understøtte en dosisanbefaling.,True,False
page_10529.html,https://pro.medicin.dk/Medicin/Praeparater/10529#a102,D10AD53,NA,NA,NA,NA,NA,NA,NA,NA,NA,False,False
page_10530.html,https://pro.medicin.dk/Medicin/Praeparater/10530#a102,J01CR02,<30 ml/min.,[0],[29],"Nedsat nyrefunktionDosis i.v. (voksne og børn ≥ 40 kg)Børn < 40kgGFR 10-30 ml/min.Startdosis 1000 mg amoxicillin/200 mg clavulansyre og derefter 500 mg/100 mg 2 gange dgl.25 mg amoxicillin/5 mg clavulansyre/kg legemsvægt 2 gange dgl.GFR < 10 ml/min.Startdosis 1000 mg amoxicillin/200 mg clavulansyre og derefter 500 mg/100 mg 1 gang dgl.25 mg amoxicillin/5 mg clavulansyre/kg legemsvægt 1 gang dgl.HæmodialyseStartdosis 1000 mg amoxicillin/200 mg clavulansyre og derefter 500 mg/100 mg 1 gang dgl. samt en dosis på 500 mg/100 mg ved afsluttet dialyse25 mg amoxicillin/5 mg clavulansyre/kg legemsvægt 1 gang dgl. samt en dosis på 12,5 mg/2,5 mg/kg legemsvægt ved afsluttet dialyse",,,forsigtighed,dosisjustering,"GFR 10-30 ml/min.: Startdosis 1000 mg amoxicillin/200 mg clavulansyre og derefter 500 mg/100 mg 2 gange dgl.: 25 mg amoxicillin/5 mg clavulansyre/kg legemsvægt 2 gange dgl.; GFR < 10 ml/min.: Startdosis 1000 mg amoxicillin/200 mg clavulansyre og derefter 500 mg/100 mg 1 gang dgl.: 25 mg amoxicillin/5 mg clavulansyre/kg legemsvægt 1 gang dgl.; Hæmodialyse: Startdosis 1000 mg amoxicillin/200 mg clavulansyre og derefter 500 mg/100 mg 1 gang dgl. samt en dosis på 500 mg/100 mg ved afsluttet dialyse: 25 mg amoxicillin/5 mg clavulansyre/kg legemsvægt 1 gang dgl. samt en dosis på 12,5 mg/2,5 mg/kg legemsvægt ved afsluttet dialyse: 25 mg amoxicillin/5 mg clavulansyre/kg legemsvægt 1 gang dgl. samt en dosis på 12,5 mg/2,5 mg/kg legemsvægt ved afsluttet dialyse",True,True
page_10531.html,https://pro.medicin.dk/Medicin/Praeparater/10531#a102,L01CE01,<40 ml/min.,[0],[39],NA,NA,NA,forsigtighed,dosisjustering,"ParenteraltGFR 20-40 ml/min: Voksne.0,75 mg/m2/døgn.GFR < 20 ml/min:Erfaring savnes.",True,False
page_10532.html,https://pro.medicin.dk/Medicin/Praeparater/10532#a102,B01AC30,<60 ml/min.,[0],[59],NA,NA,NA,forsigtighed,øget bivirkningsrisiko,Forsigtighed pga. øget risiko for bivirkninger af acetylsalicylsyre.,True,False
page_10533.html,https://pro.medicin.dk/Medicin/Praeparater/10533#a102,H03BB02,NA,NA,NA,NA,NA,NA,NA,NA,NA,False,False
page_10534.html,https://pro.medicin.dk/Medicin/Praeparater/10534#a102,N06AX22,<60 ml/min.,[0],[59],NA,NA,NA,forsigtighed,ingen eller begrænset erfaring,Forsigtighed tilrådes ved moderat til stærkt nedsat nyrefunktion.,True,False
page_10535.html,https://pro.medicin.dk/Medicin/Praeparater/10535#a102,N03AX15,NA,NA,NA,NA,NA,NA,NA,NA,"Forsigtighed ved nedsat nyrefunktion, en langsommere titrering af zonisamid kan være påkrævet., Da zonisamid og dets metabolitter udskilles renalt, bør det seponeres ved akut nyreinsufficiens eller hvor der observeres et klinisk betydningsfuld fald i eGFR.",True,False
page_10537.html,https://pro.medicin.dk/Medicin/Praeparater/10537#a102,N04BA07,NA,NA,NA,NA,NA,NA,NA,NA,"Forsigtighed hos dialysepatienter med nyresygdom i slutstadiet pga. nedsat evne til at eliminere phosphat., Den forventede daglige phosphorbelastning, der udløses af den højeste foreslåede kliniske dosis af foslevodopa/foscarbidopa (6.000/300 mg/dag) er ca. 700 mg, hvilket er betydeligt mindre end den øverste grænse for referencekostindtaget fra United States National Academy of Sciences på 3.000 mg/dag.",True,False
page_10538.html,https://pro.medicin.dk/Medicin/Praeparater/10538#a102,A10BA02,<30 ml/min.; 30-45 ml/min.,"[0, 30]","[29, 45]",NA; ≥10 år,"['NA', 10]","['NA', 150]",kontraindiceret; forsigtighed,NA; dosisjustering,"Mulige alternativer, se Type 2-diabetes; Højst 500 mg metformin 2 gange dgl.",True,False
page_10539.html,https://pro.medicin.dk/Medicin/Praeparater/10539#a102,N02AX06,<30 ml/min.,[0],[29],NA,NA,NA,forsigtighed,erfaring savnes,"Bør ikke anvendes pga. manglende erfaring.Mulige alternativer, se Opioider (analgetika).",True,False
page_10540.html,https://pro.medicin.dk/Medicin/Praeparater/10540#a102,H01BA02,<50 ml/min.,[0],[49],NA,NA,NA,kontraindiceret,NA,AUC og halveringstiden øges med øget sværhedsgrad af nedsat nyrefunktion.,True,False
page_10541.html,https://pro.medicin.dk/Medicin/Praeparater/10541#a102,B01AC04,NA,NA,NA,NA,NA,NA,NA,NA,NA,False,False
page_10542.html,https://pro.medicin.dk/Medicin/Praeparater/10542#a102,C07AB03,<15 ml/min.; 15-30 ml/min.,"[0, 15]","[14, 30]",≥17 år; ≥17 år,"[17, 17]","[150, 150]",forsigtighed; forsigtighed,dosisjustering; dosisjustering,Højst 25-50 mg hver 2. dag. Efter hver dialyse 50 mg.; Højst 25-50 mg dgl.,True,False
page_10543.html,https://pro.medicin.dk/Medicin/Praeparater/10543#a102,C02AC05,<60 ml/min.,[0],[59],≥16 år,[16],[150],forsigtighed,dosisjustering,"Højst 0,2 mg 2 gange dgl.",True,False
page_10544.html,https://pro.medicin.dk/Medicin/Praeparater/10544#a102,M01AX,NA,NA,NA,NA,NA,NA,NA,NA,NA,False,False
page_10545.html,https://pro.medicin.dk/Medicin/Praeparater/10545#a102,J02AX04,NA,NA,NA,NA,NA,NA,NA,NA,NA,False,False
page_10546.html,https://pro.medicin.dk/Medicin/Praeparater/10546#a102,A10BB12,<30 ml/min.; 30-60 ml/min.,"[0, 30]","[29, 60]",NA; NA,"['NA', 'NA']","['NA', 'NA']",kontraindiceret; forsigtighed,øget bivirkningsrisiko; NA,"Kontraindiceret pga. stor risiko for hypoglykæmi. Alternativer, seβ-cellestimulerende midler.; Startdosis er 1 mg dgl.Optitrér langsomt for at undgå hypoglykæmi.",True,False
page_10547.html,https://pro.medicin.dk/Medicin/Praeparater/10547#a102,H01BA02,<50 ml/min.,[0],[49],NA,NA,NA,kontraindiceret,NA,AUC og halveringstiden øges med øget sværhedsgrad af nedsat nyrefunktion.,True,False
page_10548.html,https://pro.medicin.dk/Medicin/Praeparater/10548#a102,N05AX13,<50 ml/min.; 50-80 ml/min.,"[0, 50]","[49, 80]",NA; Der startes med behandling hver måned (Xeplion):Initialt 100 mg på dag 1 og 75 mg på dag 8 og sædvanlig vedligeholdelsesdosis på 50 mg månedligt (dosis kan justeres i intervallet 25-100 mg månedligt). Der kan herefter skiftes til behandling hver 3. måned efter flg. retningslinjer:Behandling 1 gang om måneden (Xeplion)Behandling hver 3. måned (Trevicta)50 mg månedligt175 mg hver 3. måned75 mg månedligt263 mg hver 3. måned100 mg månedligt350 mg hver 3. måned,['NA'],['NA'],forsigtighed; forsigtighed,erfaring savnes; dosisjustering,Bør ikke anvendes pga. manglende erfaring.; 50 mg månedligt: 175 mg hver 3. måned; 75 mg månedligt: 263 mg hver 3. måned; 100 mg månedligt: 350 mg hver 3. måned: 350 mg hver 3. måned,True,True
page_10549.html,https://pro.medicin.dk/Medicin/Praeparater/10549#a102,C09CA07,NA,NA,NA,NA,NA,NA,NA,NA,"GFR: 0-30 ml/min., Anbefalet initialdosis 20 mg dgl., Rutinemæssig monitorering af P-kalium og P-kreatinin.",True,False
page_10550.html,https://pro.medicin.dk/Medicin/Praeparater/10550#a102,N05BA06,NA,NA,NA,NA,NA,NA,NA,NA,NA,False,False
page_10551.html,https://pro.medicin.dk/Medicin/Praeparater/10551#a102,C01CA06,NA,NA,NA,NA,NA,NA,NA,NA,NA,False,False
page_10552.html,https://pro.medicin.dk/Medicin/Praeparater/10552#a102,S01BA01,NA,NA,NA,NA,NA,NA,NA,NA,NA,False,False
page_10554.html,https://pro.medicin.dk/Medicin/Praeparater/10554#a102,L01CA02,NA,NA,NA,NA,NA,NA,NA,NA,NA,False,False
page_10555.html,https://pro.medicin.dk/Medicin/Praeparater/10555#a102,D05AX52,NA,NA,NA,NA,NA,NA,NA,NA,NA,False,False
page_10557.html,https://pro.medicin.dk/Medicin/Praeparater/10557#a102,L04AF08,<10 ml/min.,[0],[9],NA,NA,NA,forsigtighed,erfaring savnes,Ritlecitinib er ikke blevet undersøgt hos patienter med nyresygdom i slutstadiet (ESRD) eller nyretransplanterede patienter.,True,False
page_10558.html,https://pro.medicin.dk/Medicin/Praeparater/10558#a102,L01XX02,<60 ml/min.,[0],[59],NA,NA,NA,forsigtighed,erfaring savnes,Der er utilstrækkelige data til at understøtte en dosisanbefaling.,True,False
page_10559.html,https://pro.medicin.dk/Medicin/Praeparater/10559#a102,G02CX06,<30 ml/min.,[0],[29],NA,NA,NA,forsigtighed,erfaring savnes,Manglende erfaring ved GFR < 30 ml/min. Anvendelse anbefales ikke.,True,False
page_10561.html,https://pro.medicin.dk/Medicin/Praeparater/10561#a102,S01HA07,NA,NA,NA,NA,NA,NA,NA,NA,NA,False,False
page_10563.html,https://pro.medicin.dk/Medicin/Praeparater/10563#a102,N02BE01,NA,NA,NA,NA,NA,NA,NA,NA,"Oral administration, Det anbefales at:, ved GFR 10-50 ml/min: dosis hver 6. time, ved GFR < 10 ml/min: dosis hver 8. time",True,False
page_10564.html,https://pro.medicin.dk/Medicin/Praeparater/10564#a102,J01GB06,<30 ml/min.; 30-50 ml/min.,"[0, 30]","[29, 50]",NA; NA,"['NA', 'NA']","['NA', 'NA']",forsigtighed; forsigtighed,erfaring savnes; dosisjustering,"Erfaring savnes vedr. gentagen dosering, da tilstrækkelig lav P-amikacin ikke kan opnås inden for 48 timer efter 1. dosis.Erfaring savnes vedr. hæmodialyse, men der gives sædvanligvis 1 dosis på 5 mg/kg legemsvægt efter hver dialyse.; Initialt 15 mg/kg legemsvægt i.v./i.m. 1. dag.Derefter fastlægges doseringsinterval ud fra den laveste værdi af P-amikacin, som umiddelbart før næste planlagte dosis skal være ≤ 10 mikrogram/ml. Ved progressiv stigning i laveste værdi forlænges doseringsintervallet.P-amikacin og nyrefunktion monitoreres på 2. behandlingsdag og derefter 2-3 gange ugentlig. Hørelse og balance kontrolleres også med samme tidsintervaller.",True,False
page_10565.html,https://pro.medicin.dk/Medicin/Praeparater/10565#a102,J01FF01,NA,NA,NA,NA,NA,NA,NA,NA,NA,False,False
page_10567.html,https://pro.medicin.dk/Medicin/Praeparater/10567#a102,L02BB03,NA,NA,NA,NA,NA,NA,NA,NA,NA,False,False
page_10568.html,https://pro.medicin.dk/Medicin/Praeparater/10568#a102,A06AX05,<30 ml/min.,[0],[29],≥18 år,[18],[150],forsigtighed,dosisjustering,Højst 1 mg dgl. Kontraindiceret ved dialysekrævende nyreinsufficiens.,True,False
page_10569.html,https://pro.medicin.dk/Medicin/Praeparater/10569#a102,M03BX01,<10 ml/min.; 10-30 ml/min.; 10-30 ml/min.; 10-30 ml/min.; 30-60 ml/min.; 30-60 ml/min.; 30-60 ml/min.,"[0, 10, 10, 10, 30, 30, 30]","[9, 30, 30, 30, 60, 60, 60]",≥2 år; 2-8 år; 8-17 år; ≥17 år; 2-8 år; 8-17 år; ≥17 år,"[2, 2, 8, 17, 2, 8, 17]","[150, 8, 17, 150, 8, 17, 150]",forsigtighed; forsigtighed; forsigtighed; forsigtighed; forsigtighed; forsigtighed; forsigtighed,dosisjustering; dosisjustering; dosisjustering; dosisjustering; dosisjustering; dosisjustering; dosisjustering,Højst 5 mg dgl. Alvorligt neurologisk udfald efter oral dosering er blevet rapporteret hos patienter med nedsat nyrefunktion.; Højst 5 mg 2 gange dgl.; Højst 5 mg 3 gange dgl.; Højst 20 mg i døgnet.; Højst 20 mg i døgnet.; Højst 30 mg i døgnet.; Højst 40 mg i døgnet.,True,False
page_10570.html,https://pro.medicin.dk/Medicin/Praeparater/10570#a102,H02AB09,<60 ml/min.,[0],[59],NA,NA,NA,forsigtighed,øget bivirkningsrisiko,"Glukokortikoider kan medføre hypernatriæmi, hypokaliæmi, væskeretention og forhøjelse af blodtrykket.",True,False
page_10571.html,https://pro.medicin.dk/Medicin/Praeparater/10571#a102,V03AE01,NA,NA,NA,NA,NA,NA,NA,NA,NA,False,False
page_10572.html,https://pro.medicin.dk/Medicin/Praeparater/10572#a102,H05BX01,NA,NA,NA,NA,NA,NA,NA,NA,NA,False,False
page_10573.html,https://pro.medicin.dk/Medicin/Praeparater/10573#a102,N02AX06,<30 ml/min.,[0],[29],NA,NA,NA,forsigtighed,erfaring savnes,"Bør ikke anvendes pga. manglende erfaring.Mulige alternativer, se Opioider (analgetika).",True,False
page_10574.html,https://pro.medicin.dk/Medicin/Praeparater/10574#a102,A03AB02,NA,NA,NA,NA,NA,NA,NA,NA,NA,False,False
page_10575.html,https://pro.medicin.dk/Medicin/Praeparater/10575#a102,B03XA01,NA,NA,NA,NA,NA,NA,NA,NA,NA,False,False
page_10576.html,https://pro.medicin.dk/Medicin/Praeparater/10576#a102,D07XC01,NA,NA,NA,NA,NA,NA,NA,NA,NA,False,False
page_10577.html,https://pro.medicin.dk/Medicin/Praeparater/10577#a102,N02AB03,<50 ml/min.,[0],[49],NA,NA,NA,forsigtighed,dosisjustering,Lav initialdosis og forsigtig dosistitrering.,True,False
page_10578.html,https://pro.medicin.dk/Medicin/Praeparater/10578#a102,V03AB35,<30 ml/min.,[0],[29],NA,NA,NA,forsigtighed,ingen eller begrænset erfaring,Bør ikke anvendes ved stærkt nedsat nyrefunktion (inkl. dialyse) pga. begrænset erfaring.,True,False
page_10579.html,https://pro.medicin.dk/Medicin/Praeparater/10579#a102,"D04AB01, N01BB02",<30 ml/min.,[0],[29],NA,NA,NA,forsigtighed,øget bivirkningsrisiko,Forsigtighed tilrådes ved langvarig eller gentagen administration.,True,False
page_10580.html,https://pro.medicin.dk/Medicin/Praeparater/10580#a102,S03CA04,NA,NA,NA,NA,NA,NA,NA,NA,NA,False,False
page_10581.html,https://pro.medicin.dk/Medicin/Praeparater/10581#a102,L04AB04,NA,NA,NA,NA,NA,NA,NA,NA,NA,False,False
page_10582.html,https://pro.medicin.dk/Medicin/Praeparater/10582#a102,M05BA08,<60 ml/min.,[0],[59],NA,NA,NA,forsigtighed,betinget,Tumorinduceret hypercalcæmi:Fordele og risici ved behandling bør nøje overvejes ved GFR < 30 ml/min. Dosisjustering er ikke nødvendig ved GFR > 30 ml/min.Fremskreden malign sygdom og knoglemetastaser:Dosis skal nedsættes ved GFR 30-60 ml/min. Erfaring savnes ved GFR < 30 ml/min.,True,False
page_10583.html,https://pro.medicin.dk/Medicin/Praeparater/10583#a102,G02AD04,<60 ml/min.,[0],[59],NA,NA,NA,kontraindiceret,NA,"Mulige alternativer, se Prostaglandiner.",True,False
page_10584.html,https://pro.medicin.dk/Medicin/Praeparater/10584#a102,N05BA06,NA,NA,NA,NA,NA,NA,NA,NA,NA,False,False
page_10585.html,https://pro.medicin.dk/Medicin/Praeparater/10585#a102,L04AX05,30-50 ml/min.; <30 ml/min.,"[30, 0]","[50, 29]",NA; NA,"['NA', 'NA']","['NA', 'NA']",forsigtighed; kontraindiceret,øget bivirkningsrisiko; øget bivirkningsrisiko,"Forsigtighed tilrådes pga. risiko for ophobning af den aktive metabolit 5-carboxy-pirfenidon (eksponering øges 3,5 gange).; Kontraindiceret pga. mulig ophobning af den aktive metabolit 5-carboxy-pirfenidon (eksponering øges ca. 6 gange).",True,False
page_10587.html,https://pro.medicin.dk/Medicin/Praeparater/10587#a102,D11AH10,NA,NA,NA,NA,NA,NA,NA,NA,NA,False,False
page_10588.html,https://pro.medicin.dk/Medicin/Praeparater/10588#a102,J05AR06,<50 ml/min.,[0],[49],"Kombinationspræparatet er uegnet pga. manglende mulighed for individuel dosisreduktion.For enkeltstofferne gælder flg. retningslinjer:Efavirenz:Ingen dosisjusteringEmtricitabin:GFR 15-30 ml/min: Dosis nedsættes til 200 mg hver 72. time.GFR < 15 ml/min: Dosis nedsættes til 200 mg hver 96. time.Tenofovirdisoproxil:GFRml/minutDosis (voksne)30-50132 mg 1 gang dgl.20-3066 mg 1 gang dgl.10-2033 mg 1 gang dgl.< 10Bør kun anvendes i forbindelse med dialyse: 16,5 mg efter afslutning af hver 4-timers dialyseBemærk:GFR < 50 ml/min. Nyrefunktionen skal følges tæt.GFR < 30 ml/min: Bør ikke anvendes, medmindre der ikke findes alternativ behandling.Børn: Bør ikke anvendes.",,,forsigtighed,dosisjustering,"30-50: 132 mg 1 gang dgl.; 20-30: 66 mg 1 gang dgl.; 10-20: 33 mg 1 gang dgl.; < 10: Bør kun anvendes i forbindelse med dialyse: 16,5 mg efter afslutning af hver 4-timers dialyse; Bemærk:GFR < 50 ml/min. Nyrefunktionen skal følges tæt.GFR < 30 ml/min: Bør ikke anvendes, medmindre der ikke findes alternativ behandling.Børn: Bør ikke anvendes.: Bemærk:GFR < 50 ml/min. Nyrefunktionen skal følges tæt.GFR < 30 ml/min: Bør ikke anvendes, medmindre der ikke findes alternativ behandling.Børn: Bør ikke anvendes.",True,True
page_10589.html,https://pro.medicin.dk/Medicin/Praeparater/10589#a102,B02AA02,<10 ml/min.; 10-50 ml/min.,"[0, 10]","[9, 50]",≥2 år; ≥2 år,"[2, 2]","[150, 150]",forsigtighed; forsigtighed,dosisjustering; dosisjustering,"Højst 12,5 mg pr. kg legemsvægt dgl.; Højst 25 mg pr. kg legemsvægt 2 gange dgl.",True,False
page_10590.html,https://pro.medicin.dk/Medicin/Praeparater/10590#a102,L01CD04,NA,NA,NA,NA,NA,NA,NA,NA,NA,False,False
page_10591.html,https://pro.medicin.dk/Medicin/Praeparater/10591#a102,N06BA09,NA,NA,NA,NA,NA,NA,NA,NA,NA,False,False
page_10592.html,https://pro.medicin.dk/Medicin/Praeparater/10592#a102,B06AC02,NA,NA,NA,NA,NA,NA,NA,NA,NA,False,False
page_10593.html,https://pro.medicin.dk/Medicin/Praeparater/10593#a102,A03FA03,<30 ml/min.,[0],[29],≥12 år,[12],[150],forsigtighed,dosisjustering,Højst 10 mg 1-2 gange dgl.Samme dosis ved hæmodialyse og peritonealdialyse.,True,False
page_10594.html,https://pro.medicin.dk/Medicin/Praeparater/10594#a102,L01BC05,NA,NA,NA,NA,NA,NA,NA,NA,NA,False,False
page_10595.html,https://pro.medicin.dk/Medicin/Praeparater/10595#a102,J07BC01,NA,NA,NA,NA,NA,NA,NA,NA,"Præ-hæmodialysepatienter og hæmodialysepatienter har en risiko for at blive udsat for hepatitis B-virus og en højere risiko for at blive kronisk inficeret. Det bør sikres, at der opnås og fastholdes et beskyttende antistofniveau som defineret i de nationale anbefalinger og retningslinjer.",True,False
page_10596.html,https://pro.medicin.dk/Medicin/Praeparater/10596#a102,B01AC21,NA,NA,NA,NA,NA,NA,NA,NA,NA,False,False
page_10597.html,https://pro.medicin.dk/Medicin/Praeparater/10597#a102,H02AB02,<60 ml/min.,[0],[59],NA,NA,NA,forsigtighed,øget bivirkningsrisiko,"Systemisk anvendelse:Glukokortikoider kan medføre hypernatriæmi, hypokaliæmi, væskeretention og forhøjelse af blodtrykket.",True,False
page_10598.html,https://pro.medicin.dk/Medicin/Praeparater/10598#a102,M01AB05,30-60 ml/min.; <30 ml/min.,"[30, 0]","[60, 29]",NA; NA,"['NA', 'NA']","['NA', 'NA']",forsigtighed; kontraindiceret,monitorering; øget bivirkningsrisiko,Prostaglandiner har betydning for opretholdelse af normal nyregennemblødning. NSAID's hæmning af prostaglandinsyntesen kan derfor forårsage nedsat nyregennemblødning og dermed forværret nyrefunktion. Tæt monitorering af nyrefunktionen tilrådes.; Prostaglandiner har betydning for opretholdelse af normal nyregennemblødning. NSAID's hæmning af prostaglandinsyntesen kan derfor forårsage nedsat nyregennemblødning og dermed forværret nyrefunktion.,True,False
page_10599.html,https://pro.medicin.dk/Medicin/Praeparater/10599#a102,N06AB06,NA,NA,NA,NA,NA,NA,NA,NA,NA,False,False
page_10600.html,https://pro.medicin.dk/Medicin/Praeparater/10600#a102,N07CA01,NA,NA,NA,NA,NA,NA,NA,NA,NA,False,False
page_10601.html,https://pro.medicin.dk/Medicin/Praeparater/10601#a102,N02BG10,<60 ml/min.,[0],[59],NA,NA,NA,forsigtighed,monitorering,Der er ikke gennemført undersøgelser ved nedsat nyrefunktion. Hos denne patientgruppe kan virkningen forstærkes eller forlænges. Hyppig klinisk evaluering af en læge anbefales.,True,False
page_10602.html,https://pro.medicin.dk/Medicin/Praeparater/10602#a102,J01FA10,<10 ml/min.,[0],[9],NA,NA,NA,forsigtighed,øget bivirkningsrisiko,En stigning i AUC på 33% for azithromycin er set ved GFR < 10 ml/min. Forsigtighed tilrådes.,True,False
page_10603.html,https://pro.medicin.dk/Medicin/Praeparater/10603#a102,J01FA09,<30 ml/min.; <30 ml/min.,"[0, 0]","[29, 29]",2-12 år; ≥12 år,"[2, 12]","[12, 150]",forsigtighed; forsigtighed,dosisjustering; dosisjustering,"Dosis nedsættes til 50 % af normaldosis. Højst 7,5 mg pr. kg legemsvægt i døgnet.Kontraindiceret ved samtidig alvorligt leversvigt og nedsat nyrefunktion.; Dosis nedsættes til 50 % af normaldosis. Højst 500 mg dgl.Kontraindiceret ved både alvorligt leversvigt og nedsat nyrefunktion.",True,False
page_10604.html,https://pro.medicin.dk/Medicin/Praeparater/10604#a102,C10AA03,<30 ml/min.,[0],[29],NA,NA,NA,forsigtighed,monitorering,"P-kreatinkinase bør måles før behandlingsstart pga. prædisposition for rhabdomyolyse. Ved P-kreatinkinase > 4 gange øverste normalgrænse bør behandlingen ikke startes.Under behandling:P-kreatininkinase > 10 gange øverste normalgrænse: pauser behandlingen, kontroller nyrefunktionen og monitorer P-kreatininkinase efter to uger.P-kreatininkinase < 10 gange øverste normalgrænse:ingen symptomer, fortsat behandlingen, kontroller P- kreatininkinase indenfor 2-4 uger.P-kreatininkinase < 10 gange øverste normalgrænse:hvis symptomer, pauser statin og afvent normalisering af P-kreatininkinase før genoptagelse med en lavere statin dosis.GFR > 30 ml/min: Initialdosis på 10 mg anbefales.Læs mere:Statiner",True,False
page_10605.html,https://pro.medicin.dk/Medicin/Praeparater/10605#a102,N03AX09,NA,NA,NA,NA,NA,NA,NA,NA,"Kronisk nyresvigt påvirker ikke plasmakoncentrationen af lamotrigin, men der kan forventes akkumulering af glucuronidmetabolitten. Ved patienter med nyresvigt i slutstadiet skal initialdosis baseres på de lægemidler, som patienten tager samtidigt, og lavere vedligeholdelsesdoser kan være effektive.",True,False
page_10606.html,https://pro.medicin.dk/Medicin/Praeparater/10606#a102,A10BD07,<30 ml/min.; 30-45 ml/min.,"[0, 30]","[29, 45]",NA; ≥18 år,"['NA', 18]","['NA', 150]",kontraindiceret; forsigtighed,NA; dosisjustering,"Kontraindiceret pga. metformin.Mulige alternativer, se Type 2-diabetes.; Højst 1 tablet (50 mg sitagliptin og op til 1.000 mg metformin) 1 gang dgl.For enkeltstofferne gælder:MetforminGFR 30-45 ml/min: Højst 1 g dgl.GFR < 30 ml/min: Kontraindiceret.SitagliptinGFR 30-45 ml/min: Højst 50 mg 1 gang dgl.GFR < 30 ml/min: Højst 25 mg 1 gang dgl.",True,False
page_10607.html,https://pro.medicin.dk/Medicin/Praeparater/10607#a102,A03FA03,<30 ml/min.,[0],[29],≥12 år,[12],[150],forsigtighed,dosisjustering,Højst 10 mg 1-2 gange dgl.Samme dosis ved hæmodialyse og peritonealdialyse.,True,False
page_10608.html,https://pro.medicin.dk/Medicin/Praeparater/10608#a102,P02CF01,NA,NA,NA,NA,NA,NA,NA,NA,NA,False,False
page_10609.html,https://pro.medicin.dk/Medicin/Praeparater/10609#a102,J05AF07,<10 ml/min.; 10-20 ml/min.; 20-30 ml/min.; 30-50 ml/min.,"[0, 10, 20, 30]","[9, 20, 30, 50]",≥12 år; ≥12 år; ≥12 år; ≥12 år,"[12, 12, 12, 12]","[150, 150, 150, 150]",forsigtighed; forsigtighed; forsigtighed; forsigtighed,dosisjustering; dosisjustering; dosisjustering; dosisjustering,"Ingen dosisanbefalinger til ikke-hæmodialyse-patienter.Hæmodialyse: 16,5 mg dgl. eller 245 mg 1 gang om ugen.Stor forsigtighed og tæt monitorering.; Højst 33 mg dgl. eller 245 mg 2 gange om ugen.; Højst 65 mg dgl. eller 245 mg 2 gange om ugen.; Højst 132 mg dgl. eller 245 mg hver 2. dag.",True,False
page_10610.html,https://pro.medicin.dk/Medicin/Praeparater/10610#a102,L01EH01,<30 ml/min.,[0],[29],NA,NA,NA,forsigtighed,erfaring savnes,"Dosisjustering er ikke nødvendig ved let til moderat nedsat nyrefunktion. Erfaring savnes ved GFR < 30 ml/min. Der findes ingen data, og forsigtighed tilrådes.",True,False
page_10611.html,https://pro.medicin.dk/Medicin/Praeparater/10611#a102,A16AX12,NA,NA,NA,NA,NA,NA,NA,NA,NA,False,False
page_10612.html,https://pro.medicin.dk/Medicin/Praeparater/10612#a102,C07AB12,<30 ml/min.,[0],[29],≥18 år,[18],[150],forsigtighed,dosisjustering,"Initialdosis 2,5 mg dgl. Højst 5 mg dgl.",True,False
page_10613.html,https://pro.medicin.dk/Medicin/Praeparater/10613#a102,G04BD04,<60 ml/min.,[0],[59],NA,NA,NA,forsigtighed,erfaring savnes,Ingen erfaring ved nedsat nyrefunktion. Lavere initialdosis bør overvejes. Opmærksomhed på mulig øget risiko for bivirkninger.,True,False
page_10614.html,https://pro.medicin.dk/Medicin/Praeparater/10614#a102,J01CE01,NA,NA,NA,NA,NA,NA,NA,NA,NA,False,False
page_10615.html,https://pro.medicin.dk/Medicin/Praeparater/10615#a102,J05AB12,≤55 ml/min.,[0],[55],NA,NA,NA,kontraindiceret,NA,Kontraindiceret ved nedsat nyrefunktion. Den optimale induktions- og vedligeholdelsesdosis ved moderat til svær nyreinsufficiens kendes ikke.Cidofovir udskilles hovedsageligt gennem nyrerne og er potentielt nefrotoksisk.,True,False
page_10616.html,https://pro.medicin.dk/Medicin/Praeparater/10616#a102,J01DH02,<10 ml/min.; 10-25 ml/min.; 25-50 ml/min.,"[0, 10, 25]","[9, 25, 50]",NA; NA; NA,"['NA', 'NA', 'NA']","['NA', 'NA', 'NA']",forsigtighed; forsigtighed; forsigtighed,dosisjustering; dosisjustering; dosisjustering,Halv dosis hver 24. time.; Halv dosis hver 12. time.; Normal dosis hver 12. time.,True,False
page_10617.html,https://pro.medicin.dk/Medicin/Praeparater/10617#a102,L04AX05,30-50 ml/min.; <30 ml/min.,"[30, 0]","[50, 29]",NA; NA,"['NA', 'NA']","['NA', 'NA']",forsigtighed; kontraindiceret,øget bivirkningsrisiko; øget bivirkningsrisiko,"Forsigtighed tilrådes pga. risiko for ophobning af den aktive metabolit 5-carboxy-pirfenidon (eksponering øges 3,5 gange).; Kontraindiceret pga. mulig ophobning af den aktive metabolit 5-carboxy-pirfenidon (eksponering øges ca. 6 gange).",True,False
page_10618.html,https://pro.medicin.dk/Medicin/Praeparater/10618#a102,A16AX06,<15 ml/min.; 15-60 ml/min.; 15-60 ml/min.,"[0, 15, 15]","[14, 60, 60]",NA; ≥18 år; ≥50 KG,"['NA', 18, 50]","['NA', 150, 150]",kontraindiceret; forsigtighed; forsigtighed,erfaring savnes; dosisjustering; dosisjustering,Bør ikke anvendes pga. manglende erfaring.; Pompes sygdom: Højst 130 mg hver 2. uge.; Pompes sygdom: Højst 195 mg hver 2. uge.,True,False
page_10619.html,https://pro.medicin.dk/Medicin/Praeparater/10619#a102,G03BA03,<30 ml/min.,[0],[29],NA,NA,NA,forsigtighed,monitorering,Tæt monitorering tilrådes. Ved alvorlige komplikationer i form af ødem med eller uden kongestivt hjertesvigt seponeres behandlingen straks.,True,False
page_10620.html,https://pro.medicin.dk/Medicin/Praeparater/10620#a102,M05BA06,<30 ml/min.,[0],[29],NA,NA,NA,forsigtighed,erfaring savnes,"Erfaring savnes ved GFR < 30 ml/min, og anvendelse kan ikke anbefales.",True,False
page_10621.html,https://pro.medicin.dk/Medicin/Praeparater/10621#a102,A16AB23,NA,NA,NA,NA,NA,NA,NA,NA,NA,False,False
page_10623.html,https://pro.medicin.dk/Medicin/Praeparater/10623#a102,C02CA04,NA,NA,NA,NA,NA,NA,NA,NA,NA,False,False
page_10625.html,https://pro.medicin.dk/Medicin/Praeparater/10625#a102,L04AX03,<20 ml/min.; 20-50 ml/min.; 20-50 ml/min.,"[0, 20, 20]","[19, 50, 50]",NA; 3-17 år; ≥17 år,"['NA', 3, 17]","['NA', 17, 150]",kontraindiceret; forsigtighed; forsigtighed,øget bivirkningsrisiko; dosisjustering; dosisjustering,"Elimination af methotrexat er nedsat, da det hovedsageligt udskilles gennem nyrerne.; Juvenil reumatoid artritis: Dosis nedsættes til 50 % af normaldosis. Højst 10 mg pr. m2legemsoverflade1 gang om ugen.; Morbus Crohn: 12,5 mg1 gang om ugen.; Psoriasis, psoriasisartritis, reumatoid artritis: 15 mg1 gang om ugen.: 15 mg1 gang om ugen.",True,True
page_10626.html,https://pro.medicin.dk/Medicin/Praeparater/10626#a102,A03BA01,NA,NA,NA,NA,NA,NA,NA,NA,NA,False,False
page_10627.html,https://pro.medicin.dk/Medicin/Praeparater/10627#a102,A10BD07,<30 ml/min.; 30-45 ml/min.,"[0, 30]","[29, 45]",NA; ≥18 år,"['NA', 18]","['NA', 150]",kontraindiceret; forsigtighed,NA; dosisjustering,"Kontraindiceret pga. metformin.Mulige alternativer, se Type 2-diabetes.; Højst 1 tablet (50 mg sitagliptin og op til 1.000 mg metformin) 1 gang dgl.For enkeltstofferne gælder:MetforminGFR 30-45 ml/min: Højst 1 g dgl.GFR < 30 ml/min: Kontraindiceret.SitagliptinGFR 30-45 ml/min: Højst 50 mg 1 gang dgl.GFR < 30 ml/min: Højst 25 mg 1 gang dgl.",True,False
page_10628.html,https://pro.medicin.dk/Medicin/Praeparater/10628#a102,L01EG02,NA,NA,NA,NA,NA,NA,NA,NA,NA,False,False
page_10629.html,https://pro.medicin.dk/Medicin/Praeparater/10629#a102,N05BE01,<20 ml/min.; 20-50 ml/min.,"[0, 20]","[19, 50]",NA; ≥17 år,"['NA', 17]","['NA', 150]",kontraindiceret; forsigtighed,øget bivirkningsrisiko; dosisjustering,Op til 63% af buspiron og de aktive metabolitter udskilles via nyrerne. Risiko for akkumulering ved stærkt nedsat nyrefunktion.; Lav initialdosis. Virkning og symptomer bør evalueres omhyggeligt før en evt. dosisøgning  til højst 20 mg 2 gange dgl.,True,False
page_10630.html,https://pro.medicin.dk/Medicin/Praeparater/10630#a102,A10BB12,<30 ml/min.; 30-60 ml/min.,"[0, 30]","[29, 60]",NA; NA,"['NA', 'NA']","['NA', 'NA']",kontraindiceret; forsigtighed,øget bivirkningsrisiko; NA,"Kontraindiceret pga. stor risiko for hypoglykæmi. Alternativer, seβ-cellestimulerende midler.; Startdosis er 1 mg dgl.Optitrér langsomt for at undgå hypoglykæmi.",True,False
page_10631.html,https://pro.medicin.dk/Medicin/Praeparater/10631#a102,G03BA03,<30 ml/min.,[0],[29],NA,NA,NA,forsigtighed,monitorering,Tæt monitorering tilrådes. Ved alvorlige komplikationer i form af ødem med eller uden kongestivt hjertesvigt seponeres behandlingen straks.,True,False
page_10632.html,https://pro.medicin.dk/Medicin/Praeparater/10632#a102,L01CE02,NA,NA,NA,NA,NA,NA,NA,NA,NA,False,False
page_10633.html,https://pro.medicin.dk/Medicin/Praeparater/10633#a102,C01CA26,NA,NA,NA,NA,NA,NA,NA,NA,NA,False,False
page_10634.html,https://pro.medicin.dk/Medicin/Praeparater/10634#a102,N04BA03,NA,NA,NA,NA,NA,NA,NA,NA,NA,False,False
page_10635.html,https://pro.medicin.dk/Medicin/Praeparater/10635#a102,A08AA12,<15 ml/min.; 15-30 ml/min.; 15-30 ml/min.; 15-30 ml/min.,"[0, 15, 15, 15]","[14, 30, 30, 30]",NA; 2-6 år; 6-16 år; 16-99 år,"['NA', 2, 6, 16]","['NA', 6, 16, 99]",kontraindiceret; forsigtighed; forsigtighed; forsigtighed,erfaring savnes; dosisjustering; dosisjustering; dosisjustering,"Ingen erfaring ved nyresygdom i slutstadiet.; Initialt 0,25 mg 1 gang dgl. I 2 uger.Herefter evt. dosistitrering (ved ≥ 20 kg), afhængig af vægt til højst 0,5 mg (20 < 30 kg), 1 mg (30 < 40 kg) eller 1,5 mg (≥40 kg) 1 gang dgl.Detaljerede doseringstabeller kan ses i Produktresumé.; POMC-mangel, herunder PCSK1-mangel, og LEPR-mangel:≥ 6 og < 12 år: Initialt 0,25 mg 1 gang dgl. I 2 uger, herefter evt. dosistitrering, afhængig af effekt og tolerance, til højst 2 mg 1 gang dgl.≥ 12 og < 16 år. Initialt 0,5 mg 1 gang dgl. I 2 uger, herefter evt. dosistitrering, afhængig af effekt og tolerance til højst 3 mg 1 gang dgl.Bardet-Biedls syndrom:≥ 6 og < 16 år: Initialt 0,25 mg 1 gang dgl. I 2 uger, herefter evt. dosistitrering, afhængig af effekt og tolerance, til højst 2 mg 1 gang dgl.Detaljerede doseringstabeller kan ses i Produktresumé; Initialt 0,5 mg 1 gang dgl. I 2 uger, herefter evt. dosistitrering, afhængig af effekt og tolerance til højst 3 mg 1 gang dgl.Detaljerede doseringstabeller kan ses i Produktresumé",True,False
page_10636.html,https://pro.medicin.dk/Medicin/Praeparater/10636#a102,L01BC02,NA,NA,NA,NA,NA,NA,NA,NA,NA,False,False
page_10637.html,https://pro.medicin.dk/Medicin/Praeparater/10637#a102,A03BA01,NA,NA,NA,NA,NA,NA,NA,NA,NA,False,False
page_10640.html,https://pro.medicin.dk/Medicin/Praeparater/10640#a102,L01FX32,<30 ml/min.,[0],[29],NA,NA,NA,forsigtighed,ingen eller begrænset erfaring,Begrænsede data ved stærkt nedsat nyrefunktion. Doseringsanbefalinger kan ikke gives.,True,False
page_10641.html,https://pro.medicin.dk/Medicin/Praeparater/10641#a102,A10BX16,<10 ml/min.; <60 ml/min.,"[0, 0]","[9, 59]",≥18 år; NA,"[18, 'NA']","[150, 'NA']",forsigtighed; forsigtighed,ingen eller begrænset erfaring; hjælpestoffer,Forsigtighed på grund af begrænset erfaring ved svært nedsat nyrefunktion og nyresygdom i slutstadiet.; Mounjaro KwikPen indeholder benzylalkohol der skal bruges med forsigtighed ved nedsat nyre- og leverfunktion. Læs mereher.,True,False
page_10643.html,https://pro.medicin.dk/Medicin/Praeparater/10643#a102,A04AA01,NA,NA,NA,NA,NA,NA,NA,NA,NA,False,False
page_10644.html,https://pro.medicin.dk/Medicin/Praeparater/10644#a102,A11CC03,<30 ml/min.,[0],[29],NA,NA,NA,forsigtighed,monitorering,Hyppig kontrol af P-calcium og P-fosfat.,True,False
page_10645.html,https://pro.medicin.dk/Medicin/Praeparater/10645#a102,B01AF01,15-30 ml/min.; <15 ml/min.,"[15, 0]","[30, 14]",NA; NA,"['NA', 'NA']","['NA', 'NA']",forsigtighed; kontraindiceret,ingen eller begrænset erfaring; erfaring savnes,Ved GFR 15-30 ml/min. stiger plasmakoncentrationen af rivaroxaban signifikant. Bør derfor anvendes med forsigtighed.Børn:Bør ikke anvendes pga. maglende data.; Bør ikke anvendes.,True,False
page_10646.html,https://pro.medicin.dk/Medicin/Praeparater/10646#a102,B01AF01,15-30 ml/min.; <15 ml/min.,"[15, 0]","[30, 14]",NA; NA,"['NA', 'NA']","['NA', 'NA']",forsigtighed; kontraindiceret,ingen eller begrænset erfaring; erfaring savnes,Ved GFR 15-30 ml/min. stiger plasmakoncentrationen af rivaroxaban signifikant. Bør derfor anvendes med forsigtighed.Børn:Bør ikke anvendes pga. maglende data.; Bør ikke anvendes.,True,False
page_10647.html,https://pro.medicin.dk/Medicin/Praeparater/10647#a102,B01AF01,15-30 ml/min.; <15 ml/min.,"[15, 0]","[30, 14]",NA; NA,"['NA', 'NA']","['NA', 'NA']",forsigtighed; kontraindiceret,ingen eller begrænset erfaring; erfaring savnes,Ved GFR 15-30 ml/min. stiger plasmakoncentrationen af rivaroxaban signifikant. Bør derfor anvendes med forsigtighed.Børn:Bør ikke anvendes pga. maglende data.; Bør ikke anvendes.,True,False
page_10648.html,https://pro.medicin.dk/Medicin/Praeparater/10648#a102,B01AF01,15-30 ml/min.; <15 ml/min.,"[15, 0]","[30, 14]",NA; NA,"['NA', 'NA']","['NA', 'NA']",forsigtighed; kontraindiceret,ingen eller begrænset erfaring; erfaring savnes,Ved GFR 15-30 ml/min. stiger plasmakoncentrationen af rivaroxaban signifikant. Bør derfor anvendes med forsigtighed.Børn:Bør ikke anvendes pga. maglende data.; Bør ikke anvendes.,True,False
page_10650.html,https://pro.medicin.dk/Medicin/Praeparater/10650#a102,V08CA12,<30 ml/min.,[0],[29],NA,NA,NA,forsigtighed,monitorering,Der skal være mindst 7 dage mellem to injektioner. Det anbefales at vurdere nyrefunktionen før indgift af kontraststof. SeIntravenøs anvendelse (kontraststoffer til MR-scanning).,True,False
page_10651.html,https://pro.medicin.dk/Medicin/Praeparater/10651#a102,A10BD07,<30 ml/min.; 30-45 ml/min.,"[0, 30]","[29, 45]",NA; ≥18 år,"['NA', 18]","['NA', 150]",kontraindiceret; forsigtighed,NA; dosisjustering,"Kontraindiceret pga. metformin.Mulige alternativer, se Type 2-diabetes.; Højst 1 tablet (50 mg sitagliptin og op til 1.000 mg metformin) 1 gang dgl.For enkeltstofferne gælder:MetforminGFR 30-45 ml/min: Højst 1 g dgl.GFR < 30 ml/min: Kontraindiceret.SitagliptinGFR 30-45 ml/min: Højst 50 mg 1 gang dgl.GFR < 30 ml/min: Højst 25 mg 1 gang dgl.",True,False
page_10652.html,https://pro.medicin.dk/Medicin/Praeparater/10652#a102,A10BD08,<30 ml/min.; 30-45 ml/min.,"[0, 30]","[29, 45]",NA; ≥18 år,"['NA', 18]","['NA', 150]",kontraindiceret; forsigtighed,NA; dosisjustering,"Kontraindiceret pga. metformin.Mulige alternativer, se Type 2-diabetes.; Højst 1 tablet (50 mg vildagliptin og op til 1.000 mg metformin) 1 gang dgl.For enkeltstofferne gælder:Metformin:GFR 30-45 ml/min:Højst 1 g dgl.GFR < 30 ml/min: Kontraindiceret.Vildagliptin:GFR 0-50 ml/min:Højst 50 mg dgl.",True,False
page_10653.html,https://pro.medicin.dk/Medicin/Praeparater/10653#a102,C03AA03,<30 ml/min.,[0],[29],NA,NA,NA,forsigtighed,monitorering,"Tæt monitorering af P-kalium og P-kreatinin. HCT har formentlig ingen diuretisk effekt, men kan stadig have en antihypertensiv effekt via nedsættelse af den totale perifere modstand.",True,False
page_10654.html,https://pro.medicin.dk/Medicin/Praeparater/10654#a102,C09DA01,<30 ml/min.,[0],[29],NA,NA,NA,forsigtighed,monitorering,Rutinemæssig monitorering af P-kalium og P-kreatinin.,True,False
page_10655.html,https://pro.medicin.dk/Medicin/Praeparater/10655#a102,N02CC01,NA,NA,NA,NA,NA,NA,NA,NA,NA,False,False
page_10656.html,https://pro.medicin.dk/Medicin/Praeparater/10656#a102,L01FG01,NA,NA,NA,NA,NA,NA,NA,NA,NA,False,False
page_10657.html,https://pro.medicin.dk/Medicin/Praeparater/10657#a102,R03AK06,NA,NA,NA,NA,NA,NA,NA,NA,NA,False,False
page_10658.html,https://pro.medicin.dk/Medicin/Praeparater/10658#a102,C01DA02,NA,NA,NA,NA,NA,NA,NA,NA,NA,False,False
page_10659.html,https://pro.medicin.dk/Medicin/Praeparater/10659#a102,M01AB05,30-60 ml/min.; <30 ml/min.,"[30, 0]","[60, 29]",NA; NA,"['NA', 'NA']","['NA', 'NA']",forsigtighed; kontraindiceret,monitorering; øget bivirkningsrisiko,Prostaglandiner har betydning for opretholdelse af normal nyregennemblødning. NSAID's hæmning af prostaglandinsyntesen kan derfor forårsage nedsat nyregennemblødning og dermed forværret nyrefunktion. Tæt monitorering af nyrefunktionen tilrådes.; Prostaglandiner har betydning for opretholdelse af normal nyregennemblødning. NSAID's hæmning af prostaglandinsyntesen kan derfor forårsage nedsat nyregennemblødning og dermed forværret nyrefunktion.,True,False
page_10660.html,https://pro.medicin.dk/Medicin/Praeparater/10660#a102,S01EC04,NA,NA,NA,NA,NA,NA,NA,NA,NA,False,False
page_10661.html,https://pro.medicin.dk/Medicin/Praeparater/10661#a102,H05BX01,NA,NA,NA,NA,NA,NA,NA,NA,NA,False,False
page_10662.html,https://pro.medicin.dk/Medicin/Praeparater/10662#a102,A02BC01,NA,NA,NA,NA,NA,NA,NA,NA,NA,False,False
page_10663.html,https://pro.medicin.dk/Medicin/Praeparater/10663#a102,N02BG10,<60 ml/min.,[0],[59],NA,NA,NA,forsigtighed,monitorering,Der er ikke gennemført undersøgelser ved nedsat nyrefunktion. Hos denne patientgruppe kan virkningen forstærkes eller forlænges. Hyppig klinisk evaluering af en læge anbefales.,True,False
page_10664.html,https://pro.medicin.dk/Medicin/Praeparater/10664#a102,L04AB02,NA,NA,NA,NA,NA,NA,NA,NA,NA,False,False
page_10666.html,https://pro.medicin.dk/Medicin/Praeparater/10666#a102,R05DB29,<30 ml/min.,[0],[29],≥18 år,[18],[150],forsigtighed,dosisjustering,Højst 45 mg 1 gang dgl.,True,False
page_10667.html,https://pro.medicin.dk/Medicin/Praeparater/10667#a102,H01BA02,<50 ml/min.,[0],[49],NA,NA,NA,kontraindiceret,NA,AUC og halveringstiden øges med øget sværhedsgrad af nedsat nyrefunktion.,True,False
page_10668.html,https://pro.medicin.dk/Medicin/Praeparater/10668#a102,G04BD11,<30 ml/min.,[0],[29],≥18 år,[18],[150],forsigtighed,dosisjustering,Højst 4 mg 1 gang dgl. Samtidig brug af potente CYP3A4-hæmmere er kontraindiceret.,True,False
page_10669.html,https://pro.medicin.dk/Medicin/Praeparater/10669#a102,B01AF01,15-30 ml/min.; <15 ml/min.,"[15, 0]","[30, 14]",NA; NA,"['NA', 'NA']","['NA', 'NA']",forsigtighed; kontraindiceret,ingen eller begrænset erfaring; erfaring savnes,Ved GFR 15-30 ml/min. stiger plasmakoncentrationen af rivaroxaban signifikant. Bør derfor anvendes med forsigtighed.Børn:Bør ikke anvendes pga. maglende data.; Bør ikke anvendes.,True,False
page_10670.html,https://pro.medicin.dk/Medicin/Praeparater/10670#a102,B01AF01,15-30 ml/min.; <15 ml/min.,"[15, 0]","[30, 14]",NA; NA,"['NA', 'NA']","['NA', 'NA']",forsigtighed; kontraindiceret,ingen eller begrænset erfaring; erfaring savnes,Ved GFR 15-30 ml/min. stiger plasmakoncentrationen af rivaroxaban signifikant. Bør derfor anvendes med forsigtighed.Børn:Bør ikke anvendes pga. maglende data.; Bør ikke anvendes.,True,False
page_10672.html,https://pro.medicin.dk/Medicin/Praeparater/10672#a102,R01AD58,NA,NA,NA,NA,NA,NA,NA,NA,NA,False,False
page_10673.html,https://pro.medicin.dk/Medicin/Praeparater/10673#a102,N06DX01,<30 ml/min.,[0],[29],≥17 år,[17],[150],forsigtighed,dosisjustering,Initialdosis 5 mg 1 gang dgl. Efter 1 uge evt. dosisøgning til højst 10 mg 1 gang dgl.,True,False
page_10674.html,https://pro.medicin.dk/Medicin/Praeparater/10674#a102,N04BA02,NA,NA,NA,NA,NA,NA,NA,NA,NA,False,False
page_10675.html,https://pro.medicin.dk/Medicin/Praeparater/10675#a102,J05AB01,<10 ml/min.; <10 ml/min.,"[0, 0]","[9, 9]",2-12 år,[2],[12],forsigtighed,dosisjustering,"Behandling og forebyggelse af herpes: 125 mg/m2legemsoverflade 1 gang dgl.; Herpes zoster og herpes-encefalitis: 250 mg/m2legemsoverflade 1 gang dgl.; Samme dosis ved peritonealdialyse, hæmodialyseogefter hver hæmodialyse.: Samme dosis ved peritonealdialyse, hæmodialyseogefter hver hæmodialyse.",True,True
page_10676.html,https://pro.medicin.dk/Medicin/Praeparater/10676#a102,B01AC06,<60 ml/min.,[0],[59],NA,NA,NA,forsigtighed,øget bivirkningsrisiko,Forsigtighed pga. øget risiko for bivirkninger. Behandlingen bør vurderes regelmæssigt.,True,False
page_10678.html,https://pro.medicin.dk/Medicin/Praeparater/10678#a102,L01EE04,NA,NA,NA,NA,NA,NA,NA,NA,NA,False,False
page_10679.html,https://pro.medicin.dk/Medicin/Praeparater/10679#a102,L01EX01,NA,NA,NA,NA,NA,NA,NA,NA,NA,False,False
page_10680.html,https://pro.medicin.dk/Medicin/Praeparater/10680#a102,H01BA02,<50 ml/min.,[0],[49],NA,NA,NA,kontraindiceret,NA,AUC og halveringstiden øges med øget sværhedsgrad af nedsat nyrefunktion.,True,False
page_10681.html,https://pro.medicin.dk/Medicin/Praeparater/10681#a102,G04BE08,<30 ml/min.,[0],[29],≥17 år,[17],[150],forsigtighed,dosisjustering,Erektil dysfunktion: Højst 10 mg ved behov og højst hv. 3. dag.; Prostata hyperplasi: Kontraindiceret; Pulmonal arteriel hypertension: Kontraindiceret: Kontraindiceret,True,True
page_10682.html,https://pro.medicin.dk/Medicin/Praeparater/10682#a102,A07AA02,NA,NA,NA,NA,NA,NA,NA,NA,NA,False,False
page_10683.html,https://pro.medicin.dk/Medicin/Praeparater/10683#a102,L03AX16,<50 ml/min.,[0],[49],NA,NA,NA,forsigtighed,dosisjustering,"Voksne.Dosis nedsættes til 0,16 mg/kg legemsvægt/døgn, dog højst 27 mg/døgn.Erfaring savnes ved GFR < 20 ml/min.",True,False
page_10684.html,https://pro.medicin.dk/Medicin/Praeparater/10684#a102,R03BA01,NA,NA,NA,NA,NA,NA,NA,NA,NA,False,False
page_10685.html,https://pro.medicin.dk/Medicin/Praeparater/10685#a102,J01CF02,15-60 ml/min.,[15],[60],NA,NA,NA,forsigtighed,monitorering,"Meget høje doser bør undgås. Hvis behandling alligevel er nødvendig, bør symptomer på toksicitet monitoreres.Vedbådenedsat nyrefunktion og nedsat leverfunktion reduceres dosis til 50% af normal dosis.",True,False
page_10686.html,https://pro.medicin.dk/Medicin/Praeparater/10686#a102,C07AB03,<15 ml/min.; 15-30 ml/min.,"[0, 15]","[14, 30]",≥17 år; ≥17 år,"[17, 17]","[150, 150]",forsigtighed; forsigtighed,dosisjustering; dosisjustering,Højst 25-50 mg hver 2. dag. Efter hver dialyse 50 mg.; Højst 25-50 mg dgl.,True,False
page_10687.html,https://pro.medicin.dk/Medicin/Praeparater/10687#a102,N03AX15,NA,NA,NA,NA,NA,NA,NA,NA,"Forsigtighed ved nedsat nyrefunktion, en langsommere titrering af zonisamid kan være påkrævet., Da zonisamid og dets metabolitter udskilles renalt, bør det seponeres ved akut nyreinsufficiens eller hvor der observeres et klinisk betydningsfuld fald i eGFR.",True,False
page_10689.html,https://pro.medicin.dk/Medicin/Praeparater/10689#a102,A12BA02,<45 ml/min.; 45-60 ml/min.,"[0, 45]","[44, 60]",NA; NA,"['NA', 'NA']","['NA', 'NA']",kontraindiceret; forsigtighed,NA; monitorering,"Kontraindiceret ved GFR ≤ 45 ml/min, da kalium og citrat hovedsageligt udskilles via nyrerne.; Regelmæssig overvågning af nyrefunktion og kaliumindhold i blodet er nødvendigt ved startdosis og efter dosisøgning, eller hvis GFR falder. Derefter fastsættes hyppigheden ud fra lægelige kriterier, dog mindst 2 gange årligt.",True,False
page_10690.html,https://pro.medicin.dk/Medicin/Praeparater/10690#a102,S01EC03,NA,NA,NA,NA,NA,NA,NA,NA,NA,False,False
page_10691.html,https://pro.medicin.dk/Medicin/Praeparater/10691#a102,S01BC03,NA,NA,NA,NA,NA,NA,NA,NA,NA,False,False
page_10692.html,https://pro.medicin.dk/Medicin/Praeparater/10692#a102,A07EA06,NA,NA,NA,NA,NA,NA,NA,NA,NA,False,False
page_10695.html,https://pro.medicin.dk/Medicin/Praeparater/10695#a102,L04AE05,NA,NA,NA,NA,NA,NA,NA,NA,NA,False,False
page_10696.html,https://pro.medicin.dk/Medicin/Praeparater/10696#a102,J01XX09,30-80 ml/min.; <30 ml/min.,"[30, 0]","[80, 29]",NA; NA,"['NA', 'NA']","['NA', 'NA']",forsigtighed; forsigtighed,monitorering; dosisjustering,Regelmæssig kontrol af nyrefunktionen tilrådes.; Dosis gives hver 2. dag.Regelmæssig kontrol af nyrefunktionen tilrådes.,True,False
page_10697.html,https://pro.medicin.dk/Medicin/Praeparater/10697#a102,N05CH01,<60 ml/min.,[0],[59],NA,NA,NA,forsigtighed,erfaring savnes,Forsigtighed ved nedsat nyrefunktion pga. manglende erfaring. Anbefales ikke ved stærkt nedsat nyrefunktion. Ingen tegn på akkumulering ved stabil hæmodialyse.,True,False
page_10698.html,https://pro.medicin.dk/Medicin/Praeparater/10698#a102,J01CA08,NA,NA,NA,NA,NA,NA,NA,NA,NA,False,False
page_10699.html,https://pro.medicin.dk/Medicin/Praeparater/10699#a102,A11DA01,NA,NA,NA,NA,NA,NA,NA,NA,NA,False,False
page_10700.html,https://pro.medicin.dk/Medicin/Praeparater/10700#a102,L02BB03,NA,NA,NA,NA,NA,NA,NA,NA,NA,False,False
page_10701.html,https://pro.medicin.dk/Medicin/Praeparater/10701#a102,C03AA03,<30 ml/min.,[0],[29],NA,NA,NA,forsigtighed,monitorering,"Tæt monitorering af P-kalium og P-kreatinin. HCT har formentlig ingen diuretisk effekt, men kan stadig have en antihypertensiv effekt via nedsættelse af den totale perifere modstand.",True,False
page_10702.html,https://pro.medicin.dk/Medicin/Praeparater/10702#a102,S01ED51,NA,NA,NA,NA,NA,NA,NA,NA,NA,False,False
page_10703.html,https://pro.medicin.dk/Medicin/Praeparater/10703#a102,C08CA13,30-60 ml/min.; <30 ml/min.,"[30, 0]","[60, 29]",NA; NA,"['NA', 'NA']","['NA', 'NA']",forsigtighed; kontraindiceret,øget bivirkningsrisiko; øget bivirkningsrisiko,Lav initialdosis. Forsigtighed ved dosisøgning.; ,True,False
page_10704.html,https://pro.medicin.dk/Medicin/Praeparater/10704#a102,J02AC02,<60 ml/min.,[0],[59],NA,NA,NA,forsigtighed,betinget,"Forsigtighed tilrådes.Samtidig brug af clarithromycin, colchicin, fesoterodin og solifenacin er kontraindiceret.",True,False
page_10705.html,https://pro.medicin.dk/Medicin/Praeparater/10705#a102,P02CF01,NA,NA,NA,NA,NA,NA,NA,NA,NA,False,False
page_10706.html,https://pro.medicin.dk/Medicin/Praeparater/10706#a102,N01BB03,<30 ml/min.,[0],[29],NA,NA,NA,forsigtighed,øget bivirkningsrisiko,Forsigtighed tilrådes ved langvarig eller gentagen administration.,True,False
page_10707.html,https://pro.medicin.dk/Medicin/Praeparater/10707#a102,H05BX01,NA,NA,NA,NA,NA,NA,NA,NA,NA,False,False
page_10709.html,https://pro.medicin.dk/Medicin/Praeparater/10709#a102,C01BB02,<30 ml/min.,[0],[29],NA,NA,NA,forsigtighed,erfaring savnes,"Begrænset erfaring, anbefales ikke.",True,False
page_10710.html,https://pro.medicin.dk/Medicin/Praeparater/10710#a102,C01DX16,NA,NA,NA,NA,NA,NA,NA,NA,NA,False,False
page_10711.html,https://pro.medicin.dk/Medicin/Praeparater/10711#a102,R03AK08,NA,NA,NA,NA,NA,NA,NA,NA,NA,False,False
page_10713.html,https://pro.medicin.dk/Medicin/Praeparater/10713#a102,B02BD16,<15 ml/min.,[0],[14],NA,NA,NA,forsigtighed,ingen eller begrænset erfaring,Etranacogenedezaparvovecs sikkerhed og virkning hos patienter med svært nedsat nyrefunktion og nyresygdom i slutstadiet er ikke blevet undersøgt.,True,False
page_10714.html,https://pro.medicin.dk/Medicin/Praeparater/10714#a102,J02AC01,<30 ml/min.; <30 ml/min.,"[0, 0]","[29, 29]",2-12 år,[2],[12],forsigtighed,dosisjustering,"Trøske, oral candidiasis: 1, 5 mg pr. kg legemsvægt 1 gang dgl.; Forebyggelse og behandling af candidiasis: 3 mg pr. kg legemsvægt 1 gang dgl.; Systemisk candidiasisKryptokokmeningitis: 6 mg pr. kg legemsvægt 1 gang dgl.: 6 mg pr. kg legemsvægt 1 gang dgl.",True,True
page_10715.html,https://pro.medicin.dk/Medicin/Praeparater/10715#a102,V03AB15,NA,NA,NA,NA,NA,NA,NA,NA,NA,False,False
page_10716.html,https://pro.medicin.dk/Medicin/Praeparater/10716#a102,N03AX18,<30 ml/min.; <30 ml/min.; <30 ml/min.; <30 ml/min.,"[0, 0, 0, 0]","[29, 29, 29, 29]",2-17 år; 40-50 KG; ≥50 KG; ≥17 år,"[2, 40, 50, 17]","[17, 50, 150, 150]",forsigtighed; forsigtighed; forsigtighed; forsigtighed,dosisjustering; dosisjustering; dosisjustering; dosisjustering,"Højst 9 mg lacosamid pr. kg legemsvægt dgl.; Højst 7,5 mg lacosamid pr. kg legemsvægt dgl.; Højst 250 mg lacosamid dgl.; Højst 250 mg lacosamid dgl.Hvis en støddosis er påkrævet, bør der anvendes en initialdosis på 100 mg efterfulgt af 50 mg 2 gange dgl. i den første uge.",True,False
page_10717.html,https://pro.medicin.dk/Medicin/Praeparater/10717#a102,L03AX16,<50 ml/min.,[0],[49],NA,NA,NA,forsigtighed,dosisjustering,"Voksne.Dosis nedsættes til 0,16 mg/kg legemsvægt/døgn, dog højst 27 mg/døgn.Erfaring savnes ved GFR < 20 ml/min.",True,False
page_10718.html,https://pro.medicin.dk/Medicin/Praeparater/10718#a102,S01ED51,NA,NA,NA,NA,NA,NA,NA,NA,NA,False,False
page_10719.html,https://pro.medicin.dk/Medicin/Praeparater/10719#a102,A02BC01,NA,NA,NA,NA,NA,NA,NA,NA,NA,False,False
page_10720.html,https://pro.medicin.dk/Medicin/Praeparater/10720#a102,J01EE01,<15 ml/min.; 15-60 ml/min.,"[0, 15]","[14, 60]",NA; ≥12 år,"['NA', 12]","['NA', 150]",kontraindiceret; forsigtighed,erfaring savnes; dosisjustering,GFR < 15 ml/min: Behandling anbefales ikke.; Højst 2 ampuller á 5 ml morgen og aften. I alt 20 ml dgl.Konc. af den totale mængde sulfamethoxazol overvåges i plasma 12 timer efter dosisadm. hver 2. eller 3. behandlingsdag.Behandling seponeres ved konc. > 600 mikromol/l.Ved konc. <  500 mikromol/l fortsættes behandling i henhold til anbefalet dosis.,True,False
page_10721.html,https://pro.medicin.dk/Medicin/Praeparater/10721#a102,B05BB01,<45 ml/min.,[0],[44],NA,NA,NA,forsigtighed,monitorering,Risiko for natriumretention.,True,False
page_10723.html,https://pro.medicin.dk/Medicin/Praeparater/10723#a102,V04CX01,NA,NA,NA,NA,NA,NA,NA,NA,NA,False,False
page_10724.html,https://pro.medicin.dk/Medicin/Praeparater/10724#a102,S01ED51,NA,NA,NA,NA,NA,NA,NA,NA,NA,False,False
page_10725.html,https://pro.medicin.dk/Medicin/Praeparater/10725#a102,D06AX09,NA,NA,NA,NA,NA,NA,NA,NA,NA,False,False
page_10726.html,https://pro.medicin.dk/Medicin/Praeparater/10726#a102,B02BD07,NA,NA,NA,NA,NA,NA,NA,NA,NA,False,False
page_10727.html,https://pro.medicin.dk/Medicin/Praeparater/10727#a102,A10BB12,<30 ml/min.; 30-60 ml/min.,"[0, 30]","[29, 60]",NA; NA,"['NA', 'NA']","['NA', 'NA']",kontraindiceret; forsigtighed,øget bivirkningsrisiko; NA,"Kontraindiceret pga. stor risiko for hypoglykæmi. Alternativer, seβ-cellestimulerende midler.; Startdosis er 1 mg dgl.Optitrér langsomt for at undgå hypoglykæmi.",True,False
page_10728.html,https://pro.medicin.dk/Medicin/Praeparater/10728#a102,N03AX18,<30 ml/min.; <30 ml/min.; <30 ml/min.; <30 ml/min.,"[0, 0, 0, 0]","[29, 29, 29, 29]",2-17 år; 40-50 KG; ≥50 KG; ≥17 år,"[2, 40, 50, 17]","[17, 50, 150, 150]",forsigtighed; forsigtighed; forsigtighed; forsigtighed,dosisjustering; dosisjustering; dosisjustering; dosisjustering,"Højst 9 mg lacosamid pr. kg legemsvægt dgl.; Højst 7,5 mg lacosamid pr. kg legemsvægt dgl.; Højst 250 mg lacosamid dgl.; Højst 250 mg lacosamid dgl.Hvis en støddosis er påkrævet, bør der anvendes en initialdosis på 100 mg efterfulgt af 50 mg 2 gange dgl. i den første uge.",True,False
page_10729.html,https://pro.medicin.dk/Medicin/Praeparater/10729#a102,L03AX16,<50 ml/min.,[0],[49],NA,NA,NA,forsigtighed,dosisjustering,"Voksne.Dosis nedsættes til 0,16 mg/kg legemsvægt/døgn, dog højst 27 mg/døgn.Erfaring savnes ved GFR < 20 ml/min.",True,False
page_10730.html,https://pro.medicin.dk/Medicin/Praeparater/10730#a102,N06AB03,<60 ml/min.,[0],[59],NA,NA,NA,forsigtighed,hjælpestoffer,"Dispergible tabletter indeholder benzylalkohol, der skal bruges med forsigtighed ved nedsat nyre- og leverfunktion. Læs mereher.",True,False
page_10731.html,https://pro.medicin.dk/Medicin/Praeparater/10731#a102,M05BA07,<30 ml/min.,[0],[29],NA,NA,NA,kontraindiceret,NA,Renal clearance for risedronat er ca. 70% reduceret ved stærkt nedsat nyrefunktion.,True,False
page_10732.html,https://pro.medicin.dk/Medicin/Praeparater/10732#a102,P02CF01,NA,NA,NA,NA,NA,NA,NA,NA,NA,False,False
page_10733.html,https://pro.medicin.dk/Medicin/Praeparater/10733#a102,R03AL05,NA,NA,NA,NA,NA,NA,NA,NA,NA,False,False
page_10734.html,https://pro.medicin.dk/Medicin/Praeparater/10734#a102,C03AA03,<30 ml/min.,[0],[29],NA,NA,NA,forsigtighed,monitorering,"Tæt monitorering af P-kalium og P-kreatinin. HCT har formentlig ingen diuretisk effekt, men kan stadig have en antihypertensiv effekt via nedsættelse af den totale perifere modstand.",True,False
page_10735.html,https://pro.medicin.dk/Medicin/Praeparater/10735#a102,J07BG01,NA,NA,NA,NA,NA,NA,NA,NA,NA,False,False
page_10736.html,https://pro.medicin.dk/Medicin/Praeparater/10736#a102,L04AC05,NA,NA,NA,NA,NA,NA,NA,NA,NA,False,False
page_10737.html,https://pro.medicin.dk/Medicin/Praeparater/10737#a102,S03CA04,NA,NA,NA,NA,NA,NA,NA,NA,NA,False,False
page_10738.html,https://pro.medicin.dk/Medicin/Praeparater/10738#a102,N02AX06,<30 ml/min.,[0],[29],NA,NA,NA,forsigtighed,erfaring savnes,"Bør ikke anvendes pga. manglende erfaring.Mulige alternativer, se Opioider (analgetika).",True,False
page_10739.html,https://pro.medicin.dk/Medicin/Praeparater/10739#a102,N02BG10,<60 ml/min.,[0],[59],NA,NA,NA,forsigtighed,monitorering,Der er ikke gennemført undersøgelser ved nedsat nyrefunktion. Hos denne patientgruppe kan virkningen forstærkes eller forlænges. Hyppig klinisk evaluering af en læge anbefales.,True,False
page_10740.html,https://pro.medicin.dk/Medicin/Praeparater/10740#a102,J07CA02,NA,NA,NA,NA,NA,NA,NA,NA,NA,False,False
page_10741.html,https://pro.medicin.dk/Medicin/Praeparater/10741#a102,S01EA05,NA,NA,NA,NA,NA,NA,NA,NA,NA,False,False
page_10742.html,https://pro.medicin.dk/Medicin/Praeparater/10742#a102,B05XA16,NA,NA,NA,NA,NA,NA,NA,NA,NA,False,False
page_10744.html,https://pro.medicin.dk/Medicin/Praeparater/10744#a102,C09CA01,<30 ml/min.,[0],[29],NA,NA,NA,forsigtighed,monitorering,Rutinemæssig monitorering af P-kalium og P-kreatinin.,True,False
page_10745.html,https://pro.medicin.dk/Medicin/Praeparater/10745#a102,N02BF01,<15 ml/min.; 15-30 ml/min.; 30-60 ml/min.; 60-80 ml/min.,"[0, 15, 30, 60]","[14, 30, 60, 80]",≥12 år; ≥12 år; ≥12 år; ≥12 år,"[12, 12, 12, 12]","[150, 150, 150, 150]",forsigtighed; forsigtighed; forsigtighed; forsigtighed,dosisjustering; dosisjustering; dosisjustering; dosisjustering,"Højst 150-300 mg 1 gang i døgnet. Døgndoser på 150 mg gives som 300 mg hver 2. dag.Daglig dosis bør nedsættes i forhold til GFR (ved GFR < 7,5 ml/min. halvt så stor daglig dosis som ved en GFR på 15 ml/min.).; Højst 150-600 mg i døgnet, så vidt muligt fordelt på flere daglige doser.Døgndoser på 150 mg gives som 300 mg hver 2. dag.; Højst 300-900 mg i døgnet, så vidt muligt fordelt på flere daglige doser.; Højst 600-1.800 mg i døgnet fordelt på 3 daglige doser.",True,False
page_10746.html,https://pro.medicin.dk/Medicin/Praeparater/10746#a102,A08AA51,<15 ml/min.; 15-30 ml/min.; 30-60 ml/min.; 60-90 ml/min.,"[0, 15, 30, 60]","[14, 30, 60, 90]",NA; NA; NA; NA,"['NA', 'NA', 'NA', 'NA']","['NA', 'NA', 'NA', 'NA']",kontraindiceret; forsigtighed; forsigtighed; forsigtighed,erfaring savnes; dosisjustering; dosisjustering; dosisjustering,"Erfaring savnes ved nyresygdom i slutstadiet eller for patienter i hæmodialyse. Behandling skal undgås.; Initialdosis 3,75/23 mg hverandendag. Hvis initialdosis er veltolereret, kan der efter 14 dage forsøges dosisøgning til højst 3,75/23 mghverdag.; Højst anbefalede dosis 3,75/23 mg dgl.; Initialdosis 3,75/23 mg dgl. Hvis initialdosis er veltolereret, kan der efter 3 måneder (ved BMI ≥ 30 kg/m²) forsøges dosisøgning til højst 7,5/46 mg dgl.",True,False
page_10747.html,https://pro.medicin.dk/Medicin/Praeparater/10747#a102,J02AC01,<30 ml/min.; <30 ml/min.,"[0, 0]","[29, 29]",2-12 år,[2],[12],forsigtighed,dosisjustering,"Trøske, oral candidiasis: 1, 5 mg pr. kg legemsvægt 1 gang dgl.; Forebyggelse og behandling af candidiasis: 3 mg pr. kg legemsvægt 1 gang dgl.; Systemisk candidiasisKryptokokmeningitis: 6 mg pr. kg legemsvægt 1 gang dgl.: 6 mg pr. kg legemsvægt 1 gang dgl.",True,True
page_10749.html,https://pro.medicin.dk/Medicin/Praeparater/10749#a102,N06BA02,NA,NA,NA,NA,NA,NA,NA,NA,NA,False,False
page_10750.html,https://pro.medicin.dk/Medicin/Praeparater/10750#a102,H05BX01,NA,NA,NA,NA,NA,NA,NA,NA,NA,False,False
page_10751.html,https://pro.medicin.dk/Medicin/Praeparater/10751#a102,L01EE01,<30 ml/min.,[0],[29],NA,NA,NA,forsigtighed,erfaring savnes,"Dosisjustering er ikke nødvendig ved let til moderat nedsat nyrefunktion. Erfaring savnes ved GFR < 30 ml/min. Der findes ingen data, og forsigtighed tilrådes.",True,False
page_10752.html,https://pro.medicin.dk/Medicin/Praeparater/10752#a102,V01AA02,NA,NA,NA,NA,NA,NA,NA,NA,NA,False,False
page_10753.html,https://pro.medicin.dk/Medicin/Praeparater/10753#a102,S01EE01,NA,NA,NA,NA,NA,NA,NA,NA,NA,False,False
page_10754.html,https://pro.medicin.dk/Medicin/Praeparater/10754#a102,V01AA03,NA,NA,NA,NA,NA,NA,NA,NA,NA,False,False
page_10755.html,https://pro.medicin.dk/Medicin/Praeparater/10755#a102,L01EC02,<60 ml/min.,[0],[59],NA,NA,NA,forsigtighed,hjælpestoffer,Finlee dispergible tabletter indeholder benzylalkohol der skal bruges med forsigtighed ved nedsat nyre- og leverfunktion. Læs mereher.,True,False
page_10757.html,https://pro.medicin.dk/Medicin/Praeparater/10757#a102,L01EK04,NA,NA,NA,NA,NA,NA,NA,NA,NA,False,False
page_10758.html,https://pro.medicin.dk/Medicin/Praeparater/10758#a102,N05AX12,NA,NA,NA,NA,NA,NA,NA,NA,NA,False,False
page_10759.html,https://pro.medicin.dk/Medicin/Praeparater/10759#a102,G03DA04,NA,NA,NA,NA,NA,NA,NA,NA,NA,False,False
page_10762.html,https://pro.medicin.dk/Medicin/Praeparater/10762#a102,P01BE03,NA,NA,NA,NA,NA,NA,NA,NA,NA,False,False
page_10763.html,https://pro.medicin.dk/Medicin/Praeparater/10763#a102,C10AA05,<30 ml/min.,[0],[29],NA,NA,NA,forsigtighed,monitorering,"P-kreatinkinase bør måles før behandlingsstart pga. prædisposition for rhabdomyolyse. Ved P-kreatinkinase > 4 gange øverste normalgrænse bør behandlingen ikke startes.Under behandling:P-kreatininkinase > 10 gange øverste normalgrænse: pauser behandlingen, kontroller nyrefunktionen og monitorer P-kreatininkinase efter to uger.P-kreatininkinase < 10 gange øverste normalgrænse:ingen symptomer, fortsat behandlingen, kontroller P- kreatininkinase indenfor 2-4 uger.P-kreatininkinase < 10 gange øverste normalgrænse:hvis symptomer, pauser statin og afvent normalisering af P-kreatininkinase før genoptagelse med en lavere statindosis.Læs mere:Statiner.",True,False
page_10764.html,https://pro.medicin.dk/Medicin/Praeparater/10764#a102,H01BA02,<50 ml/min.,[0],[49],NA,NA,NA,kontraindiceret,NA,AUC og halveringstiden øges med øget sværhedsgrad af nedsat nyrefunktion.,True,False
page_10765.html,https://pro.medicin.dk/Medicin/Praeparater/10765#a102,C02CA04,NA,NA,NA,NA,NA,NA,NA,NA,NA,False,False
page_10766.html,https://pro.medicin.dk/Medicin/Praeparater/10766#a102,C08DA01,NA,NA,NA,NA,NA,NA,NA,NA,NA,False,False
page_10767.html,https://pro.medicin.dk/Medicin/Praeparater/10767#a102,J01FA09,<30 ml/min.; <30 ml/min.,"[0, 0]","[29, 29]",2-12 år; ≥12 år,"[2, 12]","[12, 150]",forsigtighed; forsigtighed,dosisjustering; dosisjustering,"Dosis nedsættes til 50 % af normaldosis. Højst 7,5 mg pr. kg legemsvægt i døgnet.Kontraindiceret ved samtidig alvorligt leversvigt og nedsat nyrefunktion.; Dosis nedsættes til 50 % af normaldosis. Højst 500 mg dgl.Kontraindiceret ved både alvorligt leversvigt og nedsat nyrefunktion.",True,False
page_10768.html,https://pro.medicin.dk/Medicin/Praeparater/10768#a102,J06BA02,NA,NA,NA,NA,NA,NA,NA,NA,NA,False,False
page_10770.html,https://pro.medicin.dk/Medicin/Praeparater/10770#a102,L01BC58,<30 ml/min.; 30-60 ml/min.,"[0, 30]","[29, 60]",NA; NA,"['NA', 'NA']","['NA', 'NA']",forsigtighed; forsigtighed,ingen eller begrænset erfaring; øget bivirkningsrisiko,Ingen data for doseringsanbefalinger ved stærkt nedsat nyrefunktion.; Monitorering på grund af øget risiko for bivirkninger.,True,False
page_10772.html,https://pro.medicin.dk/Medicin/Praeparater/10772#a102,L01EJ04,<15 ml/min.,[0],[14],NA,NA,NA,forsigtighed,ingen eller begrænset erfaring,Ingen data for doseringsanbefalinger ved meget stærkt nedsat nyrefunktion.,True,False
page_10774.html,https://pro.medicin.dk/Medicin/Praeparater/10774#a102,B02BD02,NA,NA,NA,NA,NA,NA,NA,NA,NA,False,False
page_10775.html,https://pro.medicin.dk/Medicin/Praeparater/10775#a102,N03AD01,<45 ml/min.,[0],[44],NA,NA,NA,forsigtighed,monitorering,"Forsigtighed tilrådes. Det anbefales at udføre løbende urinanalyse, da undersøgelser har vist unormal nyrefunktion.",True,False
page_10776.html,https://pro.medicin.dk/Medicin/Praeparater/10776#a102,D01BA02,<50 ml/min.,[0],[49],≥17 år,[17],[150],forsigtighed,dosisjustering,Dosis reduceres til 50 % af normaldosis. Højst 125 mg 1 gang dgl. under monitorering af bivirkninger.,True,False
page_10778.html,https://pro.medicin.dk/Medicin/Praeparater/10778#a102,M03CA01,NA,NA,NA,NA,NA,NA,NA,NA,NA,False,False
page_10779.html,https://pro.medicin.dk/Medicin/Praeparater/10779#a102,J01DF51,<50 ml/min.,[0],[49],"Aztreonam og avibactam elimineres fortrinsvis via nyrerne, og derfor skal dosis reduceres i overensstemmelse med graden af nedsat nyrefunktion. Der er blevet indberettet tilfælde af neurologiske sequelae for aztreonam (fx encefalopati, konfusion, epilepsi, svækket bevidsthed, bevægelsesforstyrrelser) ved nedsat nyrefunktion og i forbindelse med overdosering af β-laktam.Anbefalet i.v. dosis ved GFR ≤ 50 ml/min:Estimeret GFR (ml/min)Dosis af aztreonam-avibactamInfusionstidDoserings-intervalStøddosisVedlige-holdelse> 30 til ≤ 502 g/0,67 g0,75 g/0,25 g3 timerHver 6. time> 15 til ≤ 301,35 g/0,45 g0,675 g/0,225 g3 timerHver 8. time≤ 15 i intermitterende hæmodialyse1) 2)1 g/0,33 g0,675 g/0,225 g3 timerHver 12. time1)Både aztreonam og avibactam fjernes ved hæmodialyse. På dage med hæmolyse skal aztreonam-avibactam administreres efter hæmodialysesessionen.2)Aztreonam-avibactam må ikke anvendes ved GFR ≤ 15 ml/min, medmindre der iværksættes hæmodialyse eller en anden form for renal erstatningsterapi.",,,forsigtighed,dosisjustering,"Estimeret GFR (ml/min): Dosis af aztreonam-avibactam: Infusionstid: Doserings-interval; Støddosis: Vedlige-holdelse; > 30 til ≤ 50: 2 g/0,67 g: 0,75 g/0,25 g: 3 timer: Hver 6. time; > 15 til ≤ 30: 1,35 g/0,45 g: 0,675 g/0,225 g: 3 timer: Hver 8. time; ≤ 15 i intermitterende hæmodialyse1) 2): 1 g/0,33 g: 0,675 g/0,225 g: 3 timer: Hver 12. time: Hver 12. time",True,True
page_10782.html,https://pro.medicin.dk/Medicin/Praeparater/10782#a102,B05ZB,NA,NA,NA,NA,NA,NA,NA,NA,NA,False,False
page_10783.html,https://pro.medicin.dk/Medicin/Praeparater/10783#a102,C03CA02,NA,NA,NA,NA,NA,NA,NA,NA,NA,False,False
page_10784.html,https://pro.medicin.dk/Medicin/Praeparater/10784#a102,N02BG10,<60 ml/min.,[0],[59],NA,NA,NA,forsigtighed,monitorering,Der er ikke gennemført undersøgelser ved nedsat nyrefunktion. Hos denne patientgruppe kan virkningen forstærkes eller forlænges. Hyppig klinisk evaluering af en læge anbefales.,True,False
page_10785.html,https://pro.medicin.dk/Medicin/Praeparater/10785#a102,N03AD01,<45 ml/min.,[0],[44],NA,NA,NA,forsigtighed,monitorering,"Forsigtighed tilrådes. Det anbefales at udføre løbende urinanalyse, da undersøgelser har vist unormal nyrefunktion.",True,False
page_10786.html,https://pro.medicin.dk/Medicin/Praeparater/10786#a102,D11AH04,<30 ml/min.; 30-60 ml/min.,"[0, 30]","[29, 60]",NA; NA,"['NA', 'NA']","['NA', 'NA']",kontraindiceret; forsigtighed,erfaring savnes; ingen eller begrænset erfaring,Erfaring savnes.; Erfaring savnes pga. utilstrækkelige data.,True,False
page_10788.html,https://pro.medicin.dk/Medicin/Praeparater/10788#a102,C10AA05,<30 ml/min.,[0],[29],NA,NA,NA,forsigtighed,monitorering,"P-kreatinkinase bør måles før behandlingsstart pga. prædisposition for rhabdomyolyse. Ved P-kreatinkinase > 4 gange øverste normalgrænse bør behandlingen ikke startes.Under behandling:P-kreatininkinase > 10 gange øverste normalgrænse: pauser behandlingen, kontroller nyrefunktionen og monitorer P-kreatininkinase efter to uger.P-kreatininkinase < 10 gange øverste normalgrænse:ingen symptomer, fortsat behandlingen, kontroller P- kreatininkinase indenfor 2-4 uger.P-kreatininkinase < 10 gange øverste normalgrænse:hvis symptomer, pauser statin og afvent normalisering af P-kreatininkinase før genoptagelse med en lavere statindosis.Læs mere:Statiner.",True,False
page_10789.html,https://pro.medicin.dk/Medicin/Praeparater/10789#a102,N06BA02,NA,NA,NA,NA,NA,NA,NA,NA,NA,False,False
page_10790.html,https://pro.medicin.dk/Medicin/Praeparater/10790#a102,B01AE07,<30 ml/min.; 30-50 ml/min.; 30-50 ml/min.,"[0, 30, 30]","[29, 50, 50]",NA; 18-75 år,"['NA', 18]","['NA', 75]",kontraindiceret; forsigtighed,øget bivirkningsrisiko; dosisjustering,Kontraindiceret pga. øget eksponering (AUC ca. 6 gange højere) og øget halveringstid (ca. 2 gange længere) end ved normal nyrefunktion.; Forebyggelse af tromboemboli ved knæ- og hoftealloplastik: 150 mg 1 gang dgl.; Behandling og forebyggelse af DVT og LEForebyggelse af emboli ved atrieflimren: Individuel afvejning af tromboembolisk risiko og risiko for blødning:Højst 150 mg x 2 eller 110 mg x 2 dgl.: Individuel afvejning af tromboembolisk risiko og risiko for blødning:Højst 150 mg x 2 eller 110 mg x 2 dgl.,True,True
page_10791.html,https://pro.medicin.dk/Medicin/Praeparater/10791#a102,J02AX06,NA,NA,NA,NA,NA,NA,NA,NA,NA,False,False
page_10792.html,https://pro.medicin.dk/Medicin/Praeparater/10792#a102,P03AC04,NA,NA,NA,NA,NA,NA,NA,NA,NA,False,False
page_10793.html,https://pro.medicin.dk/Medicin/Praeparater/10793#a102,L04AA06,NA,NA,NA,NA,NA,NA,NA,NA,NA,False,False
page_10795.html,https://pro.medicin.dk/Medicin/Praeparater/10795#a102,B05BB02,NA,NA,NA,NA,NA,NA,NA,NA,NA,False,False
page_10796.html,https://pro.medicin.dk/Medicin/Praeparater/10796#a102,S01AX24,NA,NA,NA,NA,NA,NA,NA,NA,NA,False,False
page_10798.html,https://pro.medicin.dk/Medicin/Praeparater/10798#a102,R03BA08,NA,NA,NA,NA,NA,NA,NA,NA,NA,False,False
page_10799.html,https://pro.medicin.dk/Medicin/Praeparater/10799#a102,N06BA02,NA,NA,NA,NA,NA,NA,NA,NA,NA,False,False
page_10800.html,https://pro.medicin.dk/Medicin/Praeparater/10800#a102,N06AB03,NA,NA,NA,NA,NA,NA,NA,NA,NA,False,False
page_10801.html,https://pro.medicin.dk/Medicin/Praeparater/10801#a102,C09CA06,<30 ml/min.,[0],[29],NA,NA,NA,forsigtighed,monitorering,Rutinemæssig monitorering af P-kalium og P-kreatinin.GFR < 15 ml/min:Begrænset erfaring ved hypertension.,True,False
page_10802.html,https://pro.medicin.dk/Medicin/Praeparater/10802#a102,N06AB06,NA,NA,NA,NA,NA,NA,NA,NA,NA,False,False
page_10803.html,https://pro.medicin.dk/Medicin/Praeparater/10803#a102,C05AD01,NA,NA,NA,NA,NA,NA,NA,NA,NA,False,False
page_10804.html,https://pro.medicin.dk/Medicin/Praeparater/10804#a102,J07BN01,NA,NA,NA,NA,NA,NA,NA,NA,NA,False,False
page_10805.html,https://pro.medicin.dk/Medicin/Praeparater/10805#a102,C08CA01,NA,NA,NA,NA,NA,NA,NA,NA,NA,False,False
page_10806.html,https://pro.medicin.dk/Medicin/Praeparater/10806#a102,C09AA03,<30 ml/min.,[0],[29],≥16 år,[16],[150],forsigtighed,dosisjustering,"Hypertension: Initialdosis 2,5-5 mg dgl. Højst 40 mg dgl. Rutinemæssig monitorering af P-kalium og P-kreatinin. Ved opstart accepteres et fald i eGFR på op til 30 %.",True,False
page_10807.html,https://pro.medicin.dk/Medicin/Praeparater/10807#a102,L04AC05,NA,NA,NA,NA,NA,NA,NA,NA,NA,False,False
page_10808.html,https://pro.medicin.dk/Medicin/Praeparater/10808#a102,C09DA01,<30 ml/min.,[0],[29],NA,NA,NA,forsigtighed,monitorering,Rutinemæssig monitorering af P-kalium og P-kreatinin.,True,False
page_10809.html,https://pro.medicin.dk/Medicin/Praeparater/10809#a102,J05AF07,<10 ml/min.; 10-20 ml/min.; 20-30 ml/min.; 30-50 ml/min.,"[0, 10, 20, 30]","[9, 20, 30, 50]",≥12 år; ≥12 år; ≥12 år; ≥12 år,"[12, 12, 12, 12]","[150, 150, 150, 150]",forsigtighed; forsigtighed; forsigtighed; forsigtighed,dosisjustering; dosisjustering; dosisjustering; dosisjustering,"Ingen dosisanbefalinger til ikke-hæmodialyse-patienter.Hæmodialyse: 16,5 mg dgl. eller 245 mg 1 gang om ugen.Stor forsigtighed og tæt monitorering.; Højst 33 mg dgl. eller 245 mg 2 gange om ugen.; Højst 65 mg dgl. eller 245 mg 2 gange om ugen.; Højst 132 mg dgl. eller 245 mg hver 2. dag.",True,False
page_10810.html,https://pro.medicin.dk/Medicin/Praeparater/10810#a102,R03AC12,NA,NA,NA,NA,NA,NA,NA,NA,NA,False,False
page_10811.html,https://pro.medicin.dk/Medicin/Praeparater/10811#a102,B03BA01,NA,NA,NA,NA,NA,NA,NA,NA,NA,False,False
page_10812.html,https://pro.medicin.dk/Medicin/Praeparater/10812#a102,B01AF01,15-30 ml/min.; <15 ml/min.,"[15, 0]","[30, 14]",NA; NA,"['NA', 'NA']","['NA', 'NA']",forsigtighed; kontraindiceret,ingen eller begrænset erfaring; erfaring savnes,Ved GFR 15-30 ml/min. stiger plasmakoncentrationen af rivaroxaban signifikant. Bør derfor anvendes med forsigtighed.Børn:Bør ikke anvendes pga. maglende data.; Bør ikke anvendes.,True,False
page_10813.html,https://pro.medicin.dk/Medicin/Praeparater/10813#a102,A07AA09,<60 ml/min.,[0],[59],NA,NA,NA,forsigtighed,betinget,Ved svær colitis risiko for absorption af vancomycin. Tæt monitorering af plasmakoncentrationen anbefales ved samtidig nedsat nyrefunktion og svær colitis.,True,False
page_10815.html,https://pro.medicin.dk/Medicin/Praeparater/10815#a102,C02KX06,NA,NA,NA,NA,NA,NA,NA,NA,NA,False,False
page_10816.html,https://pro.medicin.dk/Medicin/Praeparater/10816#a102,A16AX07,NA,NA,NA,NA,NA,NA,NA,NA,NA,False,False
page_10817.html,https://pro.medicin.dk/Medicin/Praeparater/10817#a102,L04AX06,<10 ml/min.,[0],[9],NA,NA,NA,forsigtighed,betinget,Hæmodialyse: Dosis bør tages efter afsluttet dialyse.,True,False
page_10818.html,https://pro.medicin.dk/Medicin/Praeparater/10818#a102,L04AC05,NA,NA,NA,NA,NA,NA,NA,NA,NA,False,False
page_10819.html,https://pro.medicin.dk/Medicin/Praeparater/10819#a102,H02AB09,<60 ml/min.,[0],[59],NA,NA,NA,forsigtighed,øget bivirkningsrisiko,"Glukokortikoider kan medføre hypernatriæmi, hypokaliæmi, væskeretention og forhøjelse af blodtrykket.",True,False
page_10820.html,https://pro.medicin.dk/Medicin/Praeparater/10820#a102,L01EX27,NA,NA,NA,NA,NA,NA,NA,NA,NA,False,False
page_10823.html,https://pro.medicin.dk/Medicin/Praeparater/10823#a102,D11AH11,NA,NA,NA,NA,NA,NA,NA,NA,NA,False,False
page_10825.html,https://pro.medicin.dk/Medicin/Praeparater/10825#a102,V04CH02,NA,NA,NA,NA,NA,NA,NA,NA,NA,False,False
page_10826.html,https://pro.medicin.dk/Medicin/Praeparater/10826#a102,J01CA04,<10 ml/min.,[0],[9],NA,NA,NA,forsigtighed,dosisjustering,Dosis 250 mg -1.000 mg 3 gange dgl. Højst 6 g dgl. ved endocarditis.Ved behandling i kortere tid er dosisreduktion ikke nødvendigt.,True,False
page_10828.html,https://pro.medicin.dk/Medicin/Praeparater/10828#a102,J01MA12,NA,NA,NA,NA,NA,NA,NA,NA,NA,False,False
page_10829.html,https://pro.medicin.dk/Medicin/Praeparater/10829#a102,P01CX01,NA,NA,NA,NA,NA,NA,NA,NA,NA,False,False
page_10831.html,https://pro.medicin.dk/Medicin/Praeparater/10831#a102,N05CH01,<60 ml/min.,[0],[59],NA,NA,NA,forsigtighed,erfaring savnes,Forsigtighed ved nedsat nyrefunktion pga. manglende erfaring. Anbefales ikke ved stærkt nedsat nyrefunktion. Ingen tegn på akkumulering ved stabil hæmodialyse.,True,False
page_10832.html,https://pro.medicin.dk/Medicin/Praeparater/10832#a102,C07AB02,NA,NA,NA,NA,NA,NA,NA,NA,NA,False,False
page_10833.html,https://pro.medicin.dk/Medicin/Praeparater/10833#a102,C07AB02,NA,NA,NA,NA,NA,NA,NA,NA,NA,False,False
page_10834.html,https://pro.medicin.dk/Medicin/Praeparater/10834#a102,N04BC05,20-50 ml/min.,[20],[50],≥18 år,[18],[150],forsigtighed,dosisjustering,"Parkinsons sygdom: Initialdosis 0,26 mg dgl. hver 2. dag, derefter 0,26 mg 1 gang dgl.Dosis kan evt. øges med 0,26 mg/uge til højst 1,57 mg dgl.; Restless legs: Højst 0,54 mg dgl.: Højst 0,54 mg dgl.",True,True
page_10835.html,https://pro.medicin.dk/Medicin/Praeparater/10835#a102,L04AX06,<10 ml/min.,[0],[9],NA,NA,NA,forsigtighed,betinget,Hæmodialyse: Dosis bør tages efter afsluttet dialyse.,True,False
page_10836.html,https://pro.medicin.dk/Medicin/Praeparater/10836#a102,M05BA08,<60 ml/min.,[0],[59],NA,NA,NA,forsigtighed,betinget,Tumorinduceret hypercalcæmi:Fordele og risici ved behandling bør nøje overvejes ved GFR < 30 ml/min. Dosisjustering er ikke nødvendig ved GFR > 30 ml/min.Fremskreden malign sygdom og knoglemetastaser:Dosis skal nedsættes ved GFR 30-60 ml/min. Erfaring savnes ved GFR < 30 ml/min.,True,False
page_10837.html,https://pro.medicin.dk/Medicin/Praeparater/10837#a102,J01MA12,NA,NA,NA,NA,NA,NA,NA,NA,NA,False,False
page_10838.html,https://pro.medicin.dk/Medicin/Praeparater/10838#a102,S02CA05,NA,NA,NA,NA,NA,NA,NA,NA,NA,False,False
page_10839.html,https://pro.medicin.dk/Medicin/Praeparater/10839#a102,C10AA03,<30 ml/min.,[0],[29],NA,NA,NA,forsigtighed,monitorering,"P-kreatinkinase bør måles før behandlingsstart pga. prædisposition for rhabdomyolyse. Ved P-kreatinkinase > 4 gange øverste normalgrænse bør behandlingen ikke startes.Under behandling:P-kreatininkinase > 10 gange øverste normalgrænse: pauser behandlingen, kontroller nyrefunktionen og monitorer P-kreatininkinase efter to uger.P-kreatininkinase < 10 gange øverste normalgrænse:ingen symptomer, fortsat behandlingen, kontroller P- kreatininkinase indenfor 2-4 uger.P-kreatininkinase < 10 gange øverste normalgrænse:hvis symptomer, pauser statin og afvent normalisering af P-kreatininkinase før genoptagelse med en lavere statin dosis.GFR > 30 ml/min: Initialdosis på 10 mg anbefales.Læs mere:Statiner",True,False
page_10840.html,https://pro.medicin.dk/Medicin/Praeparater/10840#a102,L01EX19,NA,NA,NA,NA,NA,NA,NA,NA,NA,False,False
page_10843.html,https://pro.medicin.dk/Medicin/Praeparater/10843#a102,G03DA04,NA,NA,NA,NA,NA,NA,NA,NA,NA,False,False
page_10844.html,https://pro.medicin.dk/Medicin/Praeparater/10844#a102,L01FX31,NA,NA,NA,NA,NA,NA,NA,NA,NA,False,False
page_10845.html,https://pro.medicin.dk/Medicin/Praeparater/10845#a102,D10AF51,NA,NA,NA,NA,NA,NA,NA,NA,NA,False,False

